episodio,data,hora,sat_o2,puls_rate,perfusion
EP001,2024-01-30,9,93.5,158.63,0.99
EP001,2024-01-30,10,92.3,155.86,0.86
EP002,2024-01-30,10,94.31,133.2,0.91
EP001,2024-01-30,11,93.96,150.0,1.13
EP002,2024-01-30,11,91.19,139.79,1.55
EP003,2024-01-30,11,99.62,149.22,0.81
EP001,2024-01-30,12,95.06,158.44,1.25
EP002,2024-01-30,12,92.55,140.11,1.06
EP003,2024-01-30,12,99.27,147.31,0.47
EP001,2024-01-30,13,92.05,158.39,1.4
EP002,2024-01-30,13,91.88,147.41,1.37
EP003,2024-01-30,13,99.77,155.74,0.47
EP001,2024-01-30,14,90.98,161.47,1.15
EP002,2024-01-30,14,93.7,154.43,1.21
EP003,2024-01-30,14,99.49,151.28,0.49
EP001,2024-01-30,15,93.34,168.32,1.64
EP002,2024-01-30,15,96.52,139.31,0.89
EP003,2024-01-30,15,97.61,159.33,0.86
EP001,2024-01-30,16,92.34,160.29,0.96
EP002,2024-01-30,16,96.79,138.4,1.01
EP003,2024-01-30,16,99.82,155.87,0.58
EP001,2024-01-30,17,93.12,148.5,1.15
EP002,2024-01-30,17,98.12,149.82,1.15
EP003,2024-01-30,17,99.7,147.6,0.53
EP001,2024-01-30,18,91.45,155.04,1.3
EP002,2024-01-30,18,97.48,,0.85
EP003,2024-01-30,18,99.74,147.87,0.39
EP001,2024-01-30,19,90.0,150.89,1.48
EP002,2024-01-30,19,96.98,136.74,0.9
EP003,2024-01-30,19,98.98,162.5,0.76
EP001,2024-01-30,20,90.3,154.26,0.89
EP002,2024-01-30,20,95.72,131.45,1.18
EP003,2024-01-30,20,99.47,165.52,0.85
EP001,2024-01-30,21,95.2,149.2,0.49
EP002,2024-01-30,21,96.73,140.55,1.09
EP003,2024-01-30,21,98.83,142.94,0.82
EP001,2024-01-30,22,95.49,160.04,0.71
EP002,2024-01-30,22,96.32,139.89,1.55
EP003,2024-01-30,22,97.91,136.67,0.89
EP001,2024-01-30,23,95.15,161.89,0.85
EP002,2024-01-30,23,,135.31,1.04
EP003,2024-01-30,23,97.61,159.89,0.74
EP001,2024-01-31,0,95.0,155.74,0.69
EP002,2024-01-31,0,94.73,144.35,1.43
EP003,2024-01-31,0,97.74,161.08,0.58
EP001,2024-01-31,1,95.17,157.02,0.85
EP002,2024-01-31,1,93.02,149.8,1.24
EP003,2024-01-31,1,97.93,156.63,0.81
EP001,2024-01-31,2,95.24,166.0,1.11
EP002,2024-01-31,2,91.71,152.21,1.3
EP003,2024-01-31,2,98.15,165.36,0.65
EP001,2024-01-31,3,95.16,165.08,1.01
EP002,2024-01-31,3,93.17,144.24,1.47
EP003,2024-01-31,3,97.85,170.0,0.79
EP001,2024-01-31,4,95.23,169.0,0.69
EP002,2024-01-31,4,93.24,145.06,1.3
EP003,2024-01-31,4,97.6,158.28,0.86
EP001,2024-01-31,5,96.5,168.24,0.59
EP002,2024-01-31,5,94.85,153.81,1.34
EP003,2024-01-31,5,97.31,157.0,0.88
EP001,2024-01-31,6,90.72,164.56,1.07
EP002,2024-01-31,6,96.1,145.52,1.32
EP003,2024-01-31,6,96.83,154.98,0.69
EP001,2024-01-31,7,95.46,157.36,0.93
EP002,2024-01-31,7,94.6,143.78,1.47
EP003,2024-01-31,7,98.56,159.44,0.58
EP001,2024-01-31,8,95.87,163.18,0.78
EP002,2024-01-31,8,94.85,137.59,1.05
EP003,2024-01-31,8,98.55,999,0.61
EP001,2024-01-31,9,90.42,163.67,0.63
EP002,2024-01-31,9,96.72,130.17,1.48
EP003,2024-01-31,9,97.45,148.33,0.76
EP001,2024-01-31,10,94.71,153.83,0.73
EP002,2024-01-31,10,96.93,139.02,1.16
EP003,2024-01-31,10,97.23,153.87,0.88
EP001,2024-01-31,11,99.79,147.06,1.49
EP002,2024-01-31,11,96.68,142.17,1.32
EP003,2024-01-31,11,96.36,164.36,0.99
EP001,2024-01-31,12,94.71,157.5,1.37
EP002,2024-01-31,12,96.13,136.67,1.04
EP003,2024-01-31,12,97.59,162.47,0.84
EP001,2024-01-31,13,91.26,160.14,0.85
EP002,2024-01-31,13,95.93,135.55,1.33
EP003,2024-01-31,13,97.62,172.38,0.87
EP001,2024-01-31,14,90.61,161.41,1.12
EP002,2024-01-31,14,95.26,139.11,2.14
EP003,2024-01-31,14,97.23,165.13,0.86
EP001,2024-01-31,15,94.58,163.56,0.85
EP002,2024-01-31,15,96.1,130.84,0.96
EP003,2024-01-31,15,96.11,165.49,0.98
EP003,2024-01-31,15,96.11,165.49,0.98
EP001,2024-01-31,16,93.04,160.31,1.09
EP002,2024-01-31,16,96.63,146.4,1.51
EP003,2024-01-31,16,96.54,166.85,0.9
EP001,2024-01-31,17,96.17,156.61,0.87
EP002,2024-01-31,17,96.7,134.34,1.27
EP003,2024-01-31,17,97.91,178.7,1.04
EP001,2024-01-31,18,94.08,163.04,0.99
EP002,2024-01-31,18,95.86,130.55,0.94
EP003,2024-01-31,18,97.98,162.02,0.66
EP001,2024-01-31,19,94.74,158.0,0.91
EP002,31/01/2024,19,95.19,128.84,1.29
EP003,2024-01-31,19,97.49,170.32,1.05
EP001,2024-01-31,20,92.6,156.19,1.15
EP002,2024-01-31,20,94.44,137.76,1.41
EP003,2024-01-31,20,97.49,157.69,1.16
EP001,2024-01-31,21,93.49,161.77,1.42
EP002,2024-01-31,21,94.16,146.27,1.3
EP003,2024-01-31,21,98.74,165.65,1.18
EP001,2024-01-31,22,91.77,164.28,1.02
EP002,2024-01-31,22,93.91,137.52,1.42
EP003,2024-01-31,22,98.54,165.43,0.62
EP001,2024-01-31,23,94.8,159.8,0.9
EP002,2024-01-31,23,95.88,141.52,1.56
EP003,2024-01-31,23,97.96,158.44,0.99
EP001,2024-02-01,0,95.28,156.71,1.53
EP002,2024-02-01,0,95.14,151.31,1.25
EP003,2024-02-01,0,98.08,168.35,1.06
EP001,2024-02-01,1,96.24,158.27,1.66
EP002,2024-02-01,1,95.55,146.37,1.42
EP003,2024-02-01,1,98.24,174.53,0.98
EP001,2024-02-01,2,94.3,163.86,1.3
EP002,2024-02-01,2,95.2,144.15,1.47
EP003,2024-02-01,2,98.44,165.23,0.8
EP001,2024-02-01,3,92.33,171.63,1.17
EP002,2024-02-01,3,95.06,144.16,1.41
EP003,2024-02-01,3,98.46,173.61,0.67
EP001,2024-02-01,4,98.45,159.12,0.91
EP002,2024-02-01,4,96.83,149.15,1.37
EP003,2024-02-01,4,98.42,175.71,0.97
EP001,2024-02-01,5,97.63,158.75,1.04
EP002,2024-02-01,5,92.8,139.47,1.58
EP003,2024-02-01,5,97.96,163.51,0.89
EP001,2024-02-01,6,96.06,160.71,1.5
EP002,2024-02-01,6,91.3,143.57,1.75
EP003,2024-02-01,6,98.26,169.26,1.29
EP001,2024-02-01,7,92.14,158.59,1.03
EP002,2024-02-01,7,91.2,142.98,1.93
EP003,2024-02-01,7,97.63,172.1,1.55
EP001,2024-02-01,8,91.05,154.95,1.21
EP002,2024-02-01,8,90.2,137.42,2.03
EP003,2024-02-01,8,97.0,159.16,1.35
EP001,2024-02-01,9,95.98,159.5,1.01
EP002,2024-02-01,9,90.53,142.36,2.44
EP003,2024-02-01,9,97.95,169.98,0.98
EP001,2024-02-01,10,93.37,159.63,1.59
EP002,2024-02-01,10,93.64,142.38,1.72
EP003,2024-02-01,10,97.47,172.02,1.22
EP001,2024-02-01,11,94.98,151.87,1.28
EP002,2024-02-01,11,96.63,138.68,1.81
EP003,2024-02-01,11,97.39,177.29,1.28
EP001,2024-02-01,12,95.66,160.55,1.31
EP002,2024-02-01,12,95.32,140.7,1.32
EP003,2024-02-01,12,96.24,161.31,1.11
EP001,2024-02-01,13,94.06,161.16,1.49
EP002,2024-02-01,13,94.9,144.77,1.56
EP003,2024-02-01,13,98.63,170.33,1.45
EP001,2024-02-01,14,94.7,171.63,1.08
EP002,2024-02-01,14,96.89,149.95,1.89
EP003,2024-02-01,14,97.9,163.45,1.01
EP001,2024-02-01,15,92.2,169.2,1.05
EP002,2024-02-01,15,97.38,149.55,1.1
EP003,2024-02-01,15,97.58,171.11,1.06
EP001,2024-02-01,16,93.15,158.6,1.1
EP002,2024-02-01,16,96.82,146.55,1.48
EP003,2024-02-01,16,98.54,175.17,1.19
EP001,2024-02-01,17,95.26,165.13,1.04
EP002,2024-02-01,17,94.96,150.0,1.06
EP003,2024-02-01,17,96.36,164.32,1.66
EP001,2024-02-01,18,93.79,162.43,0.95
EP002,2024-02-01,18,95.5,143.79,1.03
EP003,2024-02-01,18,98.24,159.53,0.92
EP001,2024-02-01,19,90.0,174.56,0.88
EP003,2024-02-01,19,99.2,161.84,1.09
EP001,2024-02-01,20,91.29,168.33,0.83
EP003,2024-02-01,20,99.64,157.09,0.91
EP001,2024-02-01,21,95.13,160.26,1.03
EP003,2024-02-01,21,99.33,156.72,0.91
EP001,2024-02-01,22,92.64,158.18,0.78
EP003,2024-02-01,22,97.16,152.37,0.88
EP001,2024-02-01,23,94.53,149.87,0.81
EP003,2024-02-01,23,97.12,152.67,0.88
EP001,2024-02-02,0,96.08,153.59,1.05
EP003,2024-02-02,0,97.28,175.08,1.26
EP001,2024-02-02,1,97.05,154.16,1.05
EP003,2024-02-02,1,99.0,178.28,0.81
EP001,2024-02-02,2,96.5,161.02,1.39
EP003,2024-02-02,2,98.24,169.61,0.92
EP001,2024-02-02,3,95.77,161.43,1.44
EP003,2024-02-02,3,97.3,163.16,1.0
EP001,2024-02-02,4,95.07,173.37,1.57
EP003,2024-02-02,4,97.14,162.82,1.0
EP001,2024-02-02,5,94.49,175.15,0.98
EP003,2024-02-02,5,95.81,156.28,1.12
EP001,2024-02-02,6,94.41,162.78,0.58
EP003,2024-02-02,6,96.0,160.46,1.44
EP001,2024-02-02,7,95.67,165.27,1.1
EP003,2024-02-02,7,98.36,172.0,0.61
EP001,2024-02-02,8,95.37,161.04,1.13
EP003,2024-02-02,8,98.06,161.73,0.79
EP001,2024-02-02,9,93.38,162.74,0.93
EP003,2024-02-02,9,97.59,156.9,1.15
EP001,2024-02-02,10,92.05,165.11,0.88
EP003,2024-02-02,10,98.51,162.49,1.07
EP001,2024-02-02,11,95.26,149.02,0.99
EP003,2024-02-02,11,97.63,162.42,1.13
EP001,2024-02-02,12,95.33,161.12,1.25
EP003,2024-02-02,12,98.83,163.46,0.83
EP001,2024-02-02,13,93.27,163.13,1.19
EP003,2024-02-02,13,97.83,173.87,1.24
EP001,2024-02-02,14,92.98,164.33,0.91
EP003,2024-02-02,14,95.8,153.71,1.06
EP001,2024-02-02,15,97.08,151.69,1.5
EP003,2024-02-02,15,95.0,161.54,2.88
EP004,2024-02-02,15,94.72,126.09,1.01
EP001,2024-02-02,16,94.2,167.98,1.28
EP003,2024-02-02,16,97.74,154.5,0.93
EP004,2024-02-02,16,95.45,129.69,1.01
EP001,2024-02-02,17,92.55,161.9,1.47
EP003,2024-02-02,17,96.74,154.91,1.31
EP004,2024-02-02,17,250,131.78,1.33
EP001,2024-02-02,18,93.76,158.82,1.49
EP003,2024-02-02,18,94.5,165.8,1.72
EP004,2024-02-02,18,95.17,136.17,0.88
EP001,2024-02-02,19,95.7,160.57,1.54
EP003,2024-02-02,19,98.29,153.06,0.96
EP004,2024-02-02,19,95.79,140.28,0.85
EP001,2024-02-02,20,94.96,174.17,1.22
EP003,2024-02-02,20,97.18,155.74,1.17
EP004,2024-02-02,20,95.59,143.02,0.83
EP001,2024-02-02,21,91.39,174.61,1.2
EP003,2024-02-02,21,99.42,164.38,1.12
EP004,2024-02-02,21,95.48,146.98,0.84
EP001,2024-02-02,22,94.84,158.73,1.17
EP003,2024-02-02,22,98.9,166.98,1.18
EP004,2024-02-02,22,94.34,136.32,0.96
EP001,2024-02-02,23,95.15,156.42,1.22
EP003,2024-02-02,23,98.98,165.19,0.86
EP004,2024-02-02,23,95.71,137.64,1.71
EP001,2024-02-03,0,94.95,154.82,1.03
EP003,2024-02-03,0,98.94,166.41,1.45
EP004,2024-02-03,0,94.83,128.96,1.8
EP001,2024-02-03,1,96.6,156.16,1.19
EP003,2024-02-03,1,97.74,161.12,1.73
EP004,2024-02-03,1,94.11,129.07,1.81
EP005,2024-02-03,1,98.87,127.33,2.35
EP001,2024-02-03,2,95.24,162.68,1.36
EP003,2024-02-03,2,98.13,156.27,1.37
EP004,2024-02-03,2,93.98,127.71,1.73
EP005,2024-02-03,2,96.1,-10,3.51
EP006,2024-02-03,2,99.62,120.26,1.32
EP001,2024-02-03,3,96.07,158.09,1.21
EP003,2024-02-03,3,98.42,162.31,1.31
EP004,2024-02-03,3,95.09,130.34,1.62
EP005,2024-02-03,3,97.92,128.29,1.62
EP006,2024-02-03,3,98.31,106.9,1.3
EP007,2024-02-03,3,95.51,102.9,1.88
EP001,2024-02-03,4,95.7,162.33,1.16
EP003,2024-02-03,4,98.36,166.72,1.33
EP004,2024-02-03,4,95.7,,1.81
EP005,2024-02-03,4,98.0,132.08,2.1
EP006,2024-02-03,4,98.91,94.81,0.65
EP007,2024-02-03,4,96.71,98.31,1.3
EP001,2024-02-03,5,94.76,172.56,1.14
EP003,2024-02-03,5,99.14,174.33,1.33
EP004,2024-02-03,5,95.45,117.27,1.93
EP005,2024-02-03,5,97.14,115.72,2.31
EP006,2024-02-03,5,99.83,95.77,0.5
EP007,2024-02-03,5,96.64,108.74,1.55
EP001,2024-02-03,6,94.12,175.16,1.22
EP003,2024-02-03,6,98.47,172.34,1.29
EP004,2024-02-03,6,97.78,139.89,0.89
EP005,2024-02-03,6,95.73,123.0,2.8
EP006,2024-02-03,6,97.42,113.96,0.65
EP007,2024-02-03,6,98.78,106.84,1.0
EP001,2024-02-03,7,94.53,167.8,1.16
EP003,2024-02-03,7,98.72,164.4,0.93
EP004,2024-02-03,7,97.83,148.06,1.2
EP005,2024-02-03,7,98.02,111.58,1.22
EP006,2024-02-03,7,98.74,111.32,0.57
EP007,2024-02-03,7,96.45,119.96,2.32
EP001,2024-02-03,8,94.73,156.19,0.97
EP003,2024-02-03,8,98.91,167.57,1.25
EP004,2024-02-03,8,97.03,138.17,1.5
EP005,2024-02-03,8,97.52,113.02,1.3
EP006,2024-02-03,8,98.53,118.59,0.73
EP007,2024-02-03,8,98.87,107.68,1.1
EP001,2024-02-03,9,97.31,149.96,1.24
EP003,2024-02-03,9,98.39,150.84,1.47
EP005,2024-02-03,9,97.82,115.33,1.14
EP006,2024-02-03,9,97.92,125.37,0.66
EP007,2024-02-03,9,97.69,109.63,1.22
EP001,2024-02-03,10,96.45,158.77,1.48
EP003,2024-02-03,10,96.84,157.98,1.91
EP005,2024-02-03,10,98.06,108.04,1.08
EP006,2024-02-03,10,98.51,130.49,0.97
EP007,2024-02-03,10,98.67,113.86,1.14
EP001,2024-02-03,11,95.45,,1.53
EP003,2024-02-03,11,97.08,151.74,1.56
EP005,2024-02-03,11,97.98,128.57,0.75
EP006,2024-02-03,11,96.73,123.06,0.78
EP007,2024-02-03,11,98.93,115.76,1.42
EP001,2024-02-03,12,94.12,157.86,1.18
EP003,2024-02-03,12,96.86,152.8,1.37
EP005,2024-02-03,12,99.0,103.8,0.65
EP006,2024-02-03,12,99.27,134.0,0.7
EP007,2024-02-03,12,99.77,114.77,0.77
EP001,2024-02-03,13,95.41,157.26,1.17
EP003,2024-02-03,13,96.22,160.28,1.71
EP005,2024-02-03,13,97.64,115.26,1.03
EP006,2024-02-03,13,99.92,119.56,0.52
EP007,2024-02-03,13,99.0,112.08,0.82
EP001,2024-02-03,14,94.61,157.63,1.08
EP003,2024-02-03,14,94.95,159.26,1.89
EP005,2024-02-03,14,97.36,108.96,1.26
EP006,2024-02-03,14,98.67,123.96,0.5
EP007,2024-02-03,14,97.76,119.04,1.7
EP001,2024-02-03,15,92.67,158.65,0.92
EP003,2024-02-03,15,95.81,167.69,1.87
EP005,2024-02-03,15,97.71,114.71,25
EP006,2024-02-03,15,99.64,144.46,1.45
EP007,2024-02-03,15,96.84,126.72,1.99
EP001,2024-02-03,16,94.11,159.27,0.97
EP003,2024-02-03,16,96.69,165.46,1.7
EP005,2024-02-03,16,98.26,111.04,0.65
EP006,2024-02-03,16,99.0,145.96,1.29
EP007,2024-02-03,16,97.59,118.98,2.52
EP008,2024-02-03,16,95.58,136.0,1.27
EP001,2024-02-03,17,94.78,158.73,0.99
EP003,2024-02-03,17,96.98,159.06,1.72
EP005,2024-02-03,17,97.0,117.22,1.18
EP006,2024-02-03,17,97.26,137.74,1.48
EP007,2024-02-03,17,99.29,119.31,1.07
EP008,2024-02-03,17,94.84,120.07,
EP001,2024-02-03,18,95.82,151.96,1.19
EP003,2024-02-03,18,97.28,157.7,1.77
EP005,2024-02-03,18,96.19,119.44,1.32
EP006,2024-02-03,18,97.88,144.24,1.25
EP007,2024-02-03,18,99.78,117.62,0.92
EP008,2024-02-03,18,96.0,117.2,0.89
EP001,2024-02-03,19,95.86,,1.51
EP003,2024-02-03,19,97.65,154.23,1.53
EP005,2024-02-03,19,97.32,125.87,1.56
EP006,2024-02-03,19,98.23,129.3,1.19
EP007,2024-02-03,19,98.47,122.19,0.95
EP008,2024-02-03,19,94.14,133.72,0.62
EP001,2024-02-03,20,92.0,165.15,1.18
EP003,2024-02-03,20,97.13,153.58,1.54
EP005,2024-02-03,20,96.8,113.66,1.82
EP006,2024-02-03,20,97.94,130.47,1.28
EP007,2024-02-03,20,96.9,123.02,1.66
EP008,2024-02-03,20,90.63,145.33,0.41
EP001,2024-02-03,21,91.67,162.24,0.81
EP003,2024-02-03,21,96.89,157.02,1.68
EP005,2024-02-03,21,97.31,122.29,1.31
EP006,2024-02-03,21,99.22,149.62,1.34
EP007,2024-02-03,21,99.63,122.04,1.0
EP008,2024-02-03,21,95.02,143.72,0.4
EP001,2024-02-03,22,92.98,155.22,0.96
EP003,2024-02-03,22,95.48,170.61,1.8
EP005,2024-02-03,22,97.22,134.6,1.12
EP006,2024-02-03,22,99.31,140.71,0.66
EP007,2024-02-03,22,99.3,122.17,0.66
EP008,2024-02-03,22,96.5,138.87,0.31
EP001,2024-02-03,23,92.55,164.92,0.89
EP003,2024-02-03,23,96.15,166.61,1.71
EP005,2024-02-03,23,98.14,127.75,1.32
EP006,2024-02-03,23,97.77,128.0,0.62
EP007,2024-02-03,23,,118.68,0.83
EP008,2024-02-03,23,250,124.37,0.37
EP001,2024-02-04,0,94.03,163.67,0.97
EP003,2024-02-04,0,97.04,159.5,1.16
EP005,2024-02-04,0,98.63,122.24,1.13
EP006,2024-02-04,0,98.28,137.95,0.81
EP007,2024-02-04,0,97.02,132.39,2.55
EP008,2024-02-04,0,98.06,122.6,0.33
EP001,2024-02-04,1,98.8,142.18,0.99
EP003,2024-02-04,1,95.84,166.1,1.41
EP005,2024-02-04,1,97.78,117.29,1.27
EP006,2024-02-04,1,98.45,136.2,0.61
EP007,2024-02-04,1,94.76,134.64,3.29
EP008,2024-02-04,1,98.71,114.64,0.46
EP001,2024-02-04,2,96.71,149.98,
EP003,2024-02-04,2,95.74,170.22,1.77
EP005,2024-02-04,2,97.5,120.91,1.47
EP006,2024-02-04,2,94.06,138.76,0.81
EP007,2024-02-04,2,98.0,121.45,1.39
EP008,2024-02-04,2,96.17,132.43,0.55
EP009,2024-02-04,2,92.04,135.27,1.52
EP001,2024-02-04,3,96.26,158.04,1.64
EP003,2024-02-04,3,95.54,178.13,1.66
EP005,2024-02-04,3,99.63,107.37,0.94
EP006,2024-02-04,3,97.55,143.57,0.85
EP007,2024-02-04,3,96.5,119.94,1.3
EP008,2024-02-04,3,98.09,123.92,0.54
EP009,2024-02-04,3,95.92,127.78,1.73
EP001,2024-02-04,4,93.64,172.15,1.74
EP003,2024-02-04,4,94.3,184.92,1.98
EP005,2024-02-04,4,99.3,114.26,1.1
EP006,2024-02-04,4,98.21,141.6,0.75
EP007,2024-02-04,4,96.09,114.98,1.18
EP008,2024-02-04,4,95.91,120.6,0.76
EP009,2024-02-04,4,97.0,126.39,1.66
EP001,2024-02-04,5,95.38,165.6,1.89
EP003,2024-02-04,5,94.65,178.2,2.05
EP003,2024-02-04,5,94.65,178.2,2.05
EP005,2024-02-04,5,98.0,126.79,1.47
EP006,2024-02-04,5,96.98,141.44,0.76
EP007,2024-02-04,5,95.78,116.24,1.18
EP008,2024-02-04,5,97.88,130.51,0.56
EP009,2024-02-04,5,98.25,127.38,1.2
EP001,2024-02-04,6,94.22,167.76,1.62
EP003,2024-02-04,6,96.57,178.27,1.37
EP005,2024-02-04,6,97.94,137.48,1.04
EP006,2024-02-04,6,94.96,154.55,1.38
EP007,2024-02-04,6,94.72,131.72,1.69
EP008,2024-02-04,6,97.47,"118,64",0.69
EP009,2024-02-04,6,94.49,127.32,1.55
EP001,2024-02-04,7,92.7,160.61,0.96
EP003,2024-02-04,7,97.09,173.07,1.23
EP005,2024-02-04,7,99.02,128.21,0.87
EP006,2024-02-04,7,96.33,131.6,0.92
EP007,2024-02-04,7,97.29,127.38,1.71
EP008,2024-02-04,7,98.65,114.14,0.51
EP009,2024-02-04,7,91.3,123.72,1.73
EP001,2024-02-04,8,93.91,157.17,1.27
EP003,2024-02-04,8,96.64,159.72,1.62
EP005,2024-02-04,8,99.66,120.11,0.71
EP006,2024-02-04,8,94.59,125.53,1.16
EP007,2024-02-04,8,95.55,120.93,1.55
EP008,2024-02-04,8,97.29,125.95,0.89
EP009,2024-02-04,8,95.04,120.96,1.6
EP001,2024-02-04,9,95.44,154.71,1.39
EP003,2024-02-04,9,95.63,151.44,1.19
EP005,2024-02-04,9,99.55,116.53,0.76
EP006,2024-02-04,9,,135.96,1.06
EP007,2024-02-04,9,98.12,125.48,2.3
EP008,2024-02-04,9,97.44,134.46,0.98
EP009,2024-02-04,9,95.77,126.15,1.48
EP001,2024-02-04,10,95.64,166.58,1.07
EP003,2024-02-04,10,96.59,162.55,1.14
EP005,2024-02-04,10,99.22,121.44,0.87
EP006,2024-02-04,10,99.27,124.77,0.8
EP007,2024-02-04,10,98.79,120.5,1.33
EP008,2024-02-04,10,97.49,122.15,0.78
EP009,2024-02-04,10,94.41,138.39,1.54
EP001,2024-02-04,11,95.35,151.22,1.82
EP003,2024-02-04,11,97.47,163.75,1.24
EP005,2024-02-04,11,99.18,122.16,0.84
EP006,2024-02-04,11,98.76,137.72,1.01
EP007,2024-02-04,11,97.03,113.07,1.16
EP008,2024-02-04,11,97.62,125.02,0.63
EP009,2024-02-04,11,97.21,133.05,1.24
EP001,2024-02-04,12,93.16,156.4,1.5
EP003,2024-02-04,12,97.05,162.62,1.05
EP005,2024-02-04,12,98.42,114.63,0.9
EP006,2024-02-04,12,99.26,140.09,0.63
EP007,2024-02-04,12,96.27,121.46,1.29
EP008,2024-02-04,12,97.96,107.6,0.65
EP009,2024-02-04,12,95.34,125.82,1.47
EP001,2024-02-04,13,94.93,161.73,1.1
EP003,2024-02-04,13,96.48,157.57,0.8
EP005,2024-02-04,13,99.49,123.15,0.68
EP006,2024-02-04,13,98.57,128.37,0.89
EP007,2024-02-04,13,93.8,125.5,1.28
EP008,2024-02-04,13,97.44,108.56,1.1
EP009,2024-02-04,13,95.65,122.83,1.65
EP001,2024-02-04,14,94.79,161.52,0.83
EP003,2024-02-04,14,96.35,169.35,1.02
EP005,2024-02-04,14,97.94,123.78,1.43
EP006,2024-02-04,14,96.79,118.94,1.2
EP007,2024-02-04,14,94.67,0,1.26
EP008,2024-02-04,14,96.4,113.8,1.1
EP009,2024-02-04,14,95.27,130.81,1.72
EP001,2024-02-04,15,93.38,168.92,0.68
EP003,2024-02-04,15,95.96,159.42,1.86
EP005,2024-02-04,15,98.11,127.24,0.75
EP006,2024-02-04,15,98.42,130.92,1.36
EP007,2024-02-04,15,95.73,123.69,1.31
EP008,2024-02-04,15,97.07,126.7,0.85
EP009,2024-02-04,15,96.3,136.79,1.57
EP001,2024-02-04,16,93.55,170.35,0.59
EP003,2024-02-04,16,95.98,155.02,3.84
EP005,2024-02-04,16,97.82,138.62,1.01
EP006,2024-02-04,16,99.31,134.31,1.15
EP007,2024-02-04,16,98.05,119.27,0.53
EP008,2024-02-04,16,96.94,113.32,0.92
EP009,2024-02-04,16,95.67,135.59,1.58
EP001,2024-02-04,17,96.34,162.34,0.73
EP003,2024-02-04,17,95.22,157.11,3.22
EP005,2024-02-04,17,98.48,128.7,1.29
EP006,2024-02-04,17,98.25,135.15,1.44
EP008,2024-02-04,17,96.42,132.96,1.06
EP009,2024-02-04,17,95.8,136.7,"1,92"
EP001,2024-02-04,18,94.52,154.36,0.92
EP001,2024-02-04,18,94.52,154.36,0.92
EP005,2024-02-04,18,99.91,133.17,0.56
EP006,2024-02-04,18,99.49,142.28,1.12
EP008,2024-02-04,18,96.74,119.0,0.73
EP009,2024-02-04,18,97.04,128.27,1.32
EP001,2024-02-04,19,92.82,162.51,1.1
EP005,2024-02-04,19,98.47,127.08,0.79
EP006,2024-02-04,19,96.25,152.31,1.77
EP008,2024-02-04,19,96.18,118.36,0.88
EP009,2024-02-04,19,97.24,126.61,1.35
EP001,2024-02-04,20,91.96,166.22,0.92
EP005,2024-02-04,20,96.98,141.96,1.48
EP006,2024-02-04,20,95.89,141.15,1.57
EP008,2024-02-04,20,92.1,142.16,0.66
EP009,2024-02-04,20,97.67,134.87,1.5
EP001,2024-02-04,21,95.17,155.3,0.49
EP005,2024-02-04,21,98.0,119.0,1.25
EP006,2024-02-04,21,95.24,134.85,1.16
EP008,2024-02-04,21,94.83,128.0,0.66
EP009,2024-02-04,21,98.53,136.81,1.23
EP001,2024-02-04,22,94.15,163.63,0.74
EP005,2024-02-04,22,96.84,113.02,1.37
EP006,2024-02-04,22,95.21,120.79,1.13
EP008,2024-02-04,22,95.5,132.63,0.75
EP009,2024-02-04,22,97.89,132.68,1.04
EP001,2024-02-04,23,92.09,152.87,0.76
EP005,2024-02-04,23,97.9,122.31,1.0
EP006,2024-02-04,23,96.0,140.96,1.35
EP008,2024-02-04,23,95.98,135.0,0.66
EP009,2024-02-04,23,97.27,142.02,1.38
EP001,2024-02-05,0,94.41,152.3,0.89
EP005,2024-02-05,0,98.06,112.88,1.28
EP006,2024-02-05,0,99.06,131.37,0.7
EP008,2024-02-05,0,96.27,140.07,0.54
EP009,2024-02-05,0,99.0,128.17,1.07
EP001,2024-02-05,1,94.28,154.74,1.0
EP005,2024-02-05,1,97.63,138.04,0.66
EP006,2024-02-05,1,97.56,127.4,0.68
EP008,2024-02-05,1,95.86,142.63,0.53
EP009,2024-02-05,1,98.57,122.73,0.8
EP001,2024-02-05,2,93.66,164.8,1.08
EP005,2024-02-05,2,95.89,124.32,1.17
EP006,2024-02-05,2,97.6,125.4,0.81
EP008,2024-02-05,2,94.67,161.72,0.39
EP009,2024-02-05,2,98.37,129.15,0.81
EP001,2024-02-05,3,94.47,163.1,1.05
EP005,2024-02-05,3,95.64,142.74,0.91
EP006,2024-02-05,3,95.23,146.83,1.3
EP008,2024-02-05,3,96.92,150.45,0.32
EP009,2024-02-05,3,99.47,123.49,0.71
EP001,2024-02-05,4,93.22,169.72,1.19
EP005,2024-02-05,4,95.83,133.31,0.91
EP006,2024-02-05,4,96.83,135.56,1.41
EP008,2024-02-05,4,96.42,150.04,0.33
EP009,2024-02-05,4,99.1,121.42,0.83
EP001,2024-02-05,5,94.91,169.4,1.02
EP005,2024-02-05,5,95.16,135.6,1.25
EP006,2024-02-05,5,96.15,134.71,1.24
EP008,2024-02-05,5,95.77,147.87,0.46
EP009,2024-02-05,5,97.8,128.3,1.06
EP009,2024-02-05,5,97.8,128.3,1.06
EP001,2024-02-05,6,89.28,167.93,0.82
EP005,2024-02-05,6,95.62,133.36,1.17
EP006,2024-02-05,6,95.51,148.1,2.04
EP008,2024-02-05,6,96.09,122.91,0.57
EP009,2024-02-05,6,98.9,118.48,0.91
EP001,2024-02-05,7,89.87,158.77,0.72
EP005,2024-02-05,7,98.8,120.25,0.9
EP006,2024-02-05,7,96.74,131.98,0.98
EP008,2024-02-05,7,95.83,125.19,0.57
EP009,2024-02-05,7,98.04,118.11,0.99
EP001,2024-02-05,8,90.39,158.54,0.86
EP005,2024-02-05,8,98.02,119.21,1.03
EP006,2024-02-05,8,96.65,116.1,0.92
EP008,05/02/2024,8,95.42,137.34,0.48
EP009,2024-02-05,8,96.84,124.68,1.61
EP001,2024-02-05,9,89.87,163.92,1.16
EP005,2024-02-05,9,99.43,110.92,0.7
EP006,2024-02-05,9,97.17,120.73,0.71
EP008,2024-02-05,9,96.31,132.24,0.49
EP009,2024-02-05,9,99.2,123.61,0.73
EP001,2024-02-05,10,95.36,157.33,0.76
EP005,2024-02-05,10,99.13,125.6,0.81
EP006,2024-02-05,10,96.82,127.61,0.83
EP008,2024-02-05,10,95.79,132.49,0.6
EP009,2024-02-05,10,96.48,132.21,1.35
EP001,2024-02-05,11,96.56,160.06,0.91
EP005,2024-02-05,11,98.48,124.3,50
EP006,2024-02-05,11,96.84,135.9,2.15
EP008,2024-02-05,11,95.82,128.42,0.67
EP009,2024-02-05,11,95.9,120.12,1.22
EP001,2024-02-05,12,94.51,157.28,1.25
EP005,2024-02-05,12,98.85,125.98,0.9
EP006,2024-02-05,12,97.2,124.78,0.87
EP008,2024-02-05,12,96.86,,0.7
EP009,2024-02-05,12,99.2,121.02,0.96
EP001,2024-02-05,13,93.8,157.12,1.23
EP005,2024-02-05,13,99.85,125.38,0.75
EP006,2024-02-05,13,96.93,119.04,1.11
EP008,2024-02-05,13,96.1,121.24,0.72
EP009,2024-02-05,13,99.39,115.59,0.78
EP001,2024-02-05,14,92.17,167.95,1.12
EP005,2024-02-05,14,99.62,128.32,0.66
EP006,2024-02-05,14,88.0,140.0,1.39
EP008,2024-02-05,14,95.57,122.23,0.77
EP009,2024-02-05,14,98.51,119.12,1.27
EP001,2024-02-05,15,97.18,151.53,0.87
EP005,2024-02-05,15,99.88,144.34,0.77
EP008,2024-02-05,15,96.0,131.21,0.78
EP009,2024-02-05,15,96.36,125.48,1.86
EP001,2024-02-05,16,96.18,154.55,1.16
EP005,2024-02-05,16,99.82,145.14,0.81
EP008,2024-02-05,16,94.88,138.29,0.84
EP009,2024-02-05,16,97.14,123.13,1.34
EP001,2024-02-05,17,91.2,168.51,1.31
EP005,2024-02-05,17,98.41,144.17,1.54
EP008,2024-02-05,17,95.79,132.26,1.25
EP009,2024-02-05,17,94.39,131.45,2.22
EP001,2024-02-05,18,90.69,160.83,1.15
EP005,2024-02-05,18,98.24,142.27,1.15
EP008,2024-02-05,18,96.88,115.78,1.0
EP009,2024-02-05,18,97.68,131.38,1.27
EP001,2024-02-05,19,90.7,159.64,1.18
EP005,2024-02-05,19,100.0,113.34,0.91
EP008,2024-02-05,19,97.13,116.21,"1,16"
EP009,2024-02-05,19,99.38,122.58,0.69
EP001,2024-02-05,20,90.86,165.82,1.05
EP005,2024-02-05,20,99.86,"114,84",0.76
EP008,2024-02-05,20,95.07,120.96,1.25
EP009,2024-02-05,20,98.78,120.87,0.83
EP001,2024-02-05,21,92.89,155.98,0.97
EP005,2024-02-05,21,100.0,131.79,0.64
EP008,2024-02-05,21,98.1,124.53,1.68
EP009,2024-02-05,21,99.3,129.47,1.53
EP001,2024-02-05,22,92.8,162.36,1.23
EP005,2024-02-05,22,99.35,133.1,0.8
EP008,2024-02-05,22,96.64,126.5,1.0
EP009,2024-02-05,22,99.08,125.86,0.84
EP001,2024-02-05,23,93.5,155.81,1.49
EP005,2024-02-05,23,99.69,126.98,0.87
EP008,2024-02-05,23,95.11,136.28,0.95
EP009,2024-02-05,23,98.64,128.72,0.84
EP001,2024-02-06,0,94.71,150.1,1.14
EP005,2024-02-06,0,98.87,140.53,0.99
EP008,2024-02-06,0,98.71,136.5,0.76
EP009,2024-02-06,0,98.07,126.96,1.16
EP001,2024-02-06,1,95.85,158.02,1.25
EP005,2024-02-06,1,98.75,128.73,0.73
EP008,2024-02-06,1,98.61,124.37,0.92
EP009,2024-02-06,1,97.81,128.63,0.96
EP001,2024-02-06,2,92.56,164.57,1.41
EP005,2024-02-06,2,97.98,134.29,0.77
EP008,2024-02-06,2,97.3,127.42,0.94
EP009,2024-02-06,2,96.93,131.58,1.19
EP001,2024-02-06,3,93.42,161.48,1.34
EP005,2024-02-06,3,98.78,141.98,0.88
EP008,2024-02-06,3,97.82,117.84,1.01
EP009,2024-02-06,3,97.24,136.0,1.36
EP001,2024-02-06,4,,179.62,1.18
EP005,2024-02-06,4,99.43,148.09,0.91
EP008,2024-02-06,4,96.0,127.3,0.97
EP009,2024-02-06,4,95.87,134.7,1.55
EP001,2024-02-06,5,91.66,164.28,0.74
EP005,2024-02-06,5,97.8,135.12,1.01
EP008,2024-02-06,5,96.63,129.74,0.99
EP009,2024-02-06,5,96.24,132.26,1.38
EP001,2024-02-06,6,94.98,152.52,1.13
EP005,2024-02-06,6,97.68,133.92,1.0
EP008,2024-02-06,6,99.67,120.4,1.09
EP009,2024-02-06,6,95.93,152.39,1.44
EP001,2024-02-06,7,93.25,160.58,1.13
EP005,2024-02-06,7,97.52,134.05,0.81
EP008,2024-02-06,7,98.92,111.65,1.28
EP009,2024-02-06,7,97.22,148.14,1.64
EP001,2024-02-06,8,93.67,163.24,1.11
EP005,2024-02-06,8,96.51,132.2,0.82
EP008,2024-02-06,8,97.73,127.48,1.32
EP009,2024-02-06,8,96.34,141.13,1.49
EP001,2024-02-06,9,90.98,158.11,1.07
EP005,2024-02-06,9,97.83,147.09,0.99
EP008,2024-02-06,9,97.47,107.58,0.86
EP009,2024-02-06,9,95.48,131.64,1.09
EP001,2024-02-06,10,91.15,167.46,1.13
EP005,2024-02-06,10,99.09,136.59,0.63
EP008,2024-02-06,10,96.55,102.53,1.28
EP009,2024-02-06,10,94.71,130.21,1.18
EP001,2024-02-06,11,90.67,171.35,1.64
EP005,2024-02-06,11,97.84,150.22,1.16
EP008,2024-02-06,11,97.5,109.1,1.3
EP009,2024-02-06,11,95.52,,1.51
EP001,2024-02-06,12,93.22,157.47,1.74
EP005,2024-02-06,12,99.11,128.13,0.7
EP008,2024-02-06,12,97.98,132.42,1.48
EP001,2024-02-06,13,92.52,160.63,1.6
EP005,2024-02-06,13,97.52,128.89,0.86
EP008,2024-02-06,13,98.25,134.31,1.24
EP001,2024-02-06,14,92.67,159.54,1.7
EP005,2024-02-06,14,97.53,131.18,0.92
EP008,2024-02-06,14,97.02,136.36,1.08
EP001,2024-02-06,15,89.94,164.06,1.19
EP008,2024-02-06,15,97.12,137.94,1.58
EP001,2024-02-06,16,93.12,163.06,1.11
EP008,2024-02-06,16,96.87,132.24,2.45
EP001,2024-02-06,17,92.76,151.43,0.9
EP008,2024-02-06,17,97.5,132.86,1.55
EP001,2024-02-06,18,92.53,160.94,1.11
EP008,2024-02-06,18,96.82,125.47,1.46
EP001,2024-02-06,19,91.78,169.24,1.01
EP007,2024-02-06,19,95.87,135.79,1.33
EP008,2024-02-06,19,97.08,131.96,1.28
EP001,2024-02-06,20,92.47,161.21,0.75
EP007,2024-02-06,20,94.31,130.33,1.16
EP008,2024-02-06,20,97.21,140.07,1.17
EP001,2024-02-06,21,93.7,144.19,0.55
EP007,2024-02-06,21,97.71,136.86,1.6
EP008,2024-02-06,21,96.11,163.31,1.03
EP008,2024-02-06,21,96.11,163.31,1.03
EP001,2024-02-06,22,95.92,148.83,0.91
EP007,2024-02-06,22,96.49,138.22,1.53
EP008,2024-02-06,22,96.5,143.87,2.03
EP001,2024-02-06,23,93.57,153.41,0.94
EP007,2024-02-06,23,98.84,142.74,1.55
EP008,2024-02-06,23,96.24,128.14,2.15
EP001,2024-02-07,0,92.53,151.14,0.91
EP007,2024-02-07,0,97.39,136.72,1.97
EP008,2024-02-07,0,96.04,128.63,2.22
EP001,2024-02-07,1,91.05,160.0,0.96
EP007,2024-02-07,1,95.2,134.1,2.42
EP008,2024-02-07,1,95.09,130.36,2.2
EP001,2024-02-07,2,92.33,155.87,0.91
EP007,2024-02-07,2,97.02,154.65,2.27
EP008,2024-02-07,2,95.44,138.13,1.8
EP001,2024-02-07,3,96.36,155.78,1.03
EP004,2024-02-07,3,99.1,121.7,0.62
EP007,2024-02-07,3,96.38,132.06,1.77
EP008,2024-02-07,3,95.62,143.04,2.09
EP001,2024-02-07,4,96.39,166.76,1.03
EP004,2024-02-07,4,98.92,119.35,0.72
EP007,2024-02-07,4,93.26,146.96,2.38
EP008,2024-02-07,4,95.46,144.44,2.05
EP001,2024-02-07,5,95.0,164.14,0.99
EP004,2024-02-07,5,99.31,118.54,0.75
EP007,2024-02-07,5,97.44,126.06,1.42
EP008,2024-02-07,5,96.21,138.19,1.91
EP001,2024-02-07,6,90.55,165.7,0.84
EP004,2024-02-07,6,96.23,110.85,1.24
EP007,2024-02-07,6,94.91,151.76,2.06
EP008,2024-02-07,6,96.29,126.46,2.33
EP001,2024-02-07,7,96.48,159.09,0.71
EP004,2024-02-07,7,97.25,113.96,0.76
EP007,2024-02-07,7,97.31,131.49,1.44
EP008,2024-02-07,7,95.59,135.02,2.13
EP001,2024-02-07,8,92.0,164.16,0.73
EP004,2024-02-07,8,97.38,111.14,0.88
EP007,2024-02-07,8,97.35,132.3,1.55
EP008,2024-02-07,8,94.72,138.91,2.21
EP001,2024-02-07,9,89.98,157.68,0.81
EP004,2024-02-07,9,96.83,111.77,1.05
EP007,2024-02-07,9,97.51,149.95,1.25
EP008,2024-02-07,9,89.9,147.1,1.99
EP001,2024-02-07,10,87.91,160.37,0.64
EP004,2024-02-07,10,96.21,114.14,1.32
EP007,2024-02-07,10,96.56,145.46,1.6
EP008,2024-02-07,10,94.87,133.79,2.37
EP001,2024-02-07,11,87.94,154.08,0.82
EP004,2024-02-07,11,96.05,120.86,1.2
EP007,2024-02-07,11,95.78,148.43,1.58
EP008,2024-02-07,11,95.57,149.48,2.02
EP001,2024-02-07,12,92.14,150.48,0.81
EP004,2024-02-07,12,,,0.79
EP007,2024-02-07,12,97.83,138.24,1.52
EP008,2024-02-07,12,97.74,129.64,1.53
EP001,2024-02-07,13,92.63,156.39,1.06
EP004,2024-02-07,13,98.88,107.57,0.85
EP007,2024-02-07,13,97.27,134.37,1.91
EP008,2024-02-07,13,98.65,121.08,1.21
EP001,2024-02-07,14,89.71,172.4,1.38
EP004,2024-02-07,14,,108.51,1.0
EP007,2024-02-07,14,96.82,149.0,1.94
EP008,2024-02-07,14,97.44,125.3,1.24
EP001,2024-02-07,15,85.82,168.8,1.06
EP004,2024-02-07,15,99.08,112.63,0.77
EP007,2024-02-07,15,98.1,155.3,1.74
EP008,2024-02-07,15,97.38,139.93,1.02
EP001,2024-02-07,16,88.59,163.3,1.11
EP004,2024-02-07,16,99.06,113.84,0.76
EP007,2024-02-07,16,98.23,136.52,1.98
EP008,2024-02-07,16,97.81,134.54,0.98
EP001,2024-02-07,17,86.16,152.91,1.1
EP004,2024-02-07,17,99.11,117.38,1.03
EP007,2024-02-07,17,95.77,152.91,2.59
EP008,2024-02-07,17,97.58,154.49,0.91
EP001,2024-02-07,18,90.33,,1.03
EP004,2024-02-07,18,98.21,120.45,1.4
EP008,2024-02-07,18,98.0,150.32,1.57
EP001,2024-02-07,19,93.71,153.98,1.08
EP004,2024-02-07,19,97.86,119.18,1.83
EP008,2024-02-07,19,96.58,143.64,1.7
EP001,2024-02-07,20,92.82,164.67,1.02
EP004,2024-02-07,20,96.93,114.91,1.62
EP008,2024-02-07,20,96.88,150.06,1.21
EP001,2024-02-07,21,90.12,166.67,0.85
EP004,2024-02-07,21,97.83,122.26,1.28
EP008,2024-02-07,21,96.89,147.98,1.19
EP001,2024-02-07,22,90.13,170.55,0.88
EP004,2024-02-07,22,96.76,117.76,1.7
EP008,2024-02-07,22,97.8,151.2,1.16
EP001,2024-02-07,23,92.88,151.27,1.21
EP004,2024-02-07,23,98.41,126.03,1.5
EP008,2024-02-07,23,97.95,164.93,1.02
EP001,2024-02-08,0,94.49,150.94,1.45
EP004,2024-02-08,0,98.85,126.9,0.98
EP008,2024-02-08,0,97.78,144.4,1.06
EP001,2024-02-08,1,94.96,154.61,1.38
EP004,2024-02-08,1,97.76,126.54,1.8
EP008,2024-02-08,1,97.63,141.49,1.08
EP001,2024-02-08,2,95.53,156.49,1.05
EP004,2024-02-08,2,98.15,121.92,1.55
EP008,2024-02-08,2,98.25,145.71,0.91
EP001,2024-02-08,3,96.98,154.08,0.96
EP004,2024-02-08,3,97.62,147.2,1.37
EP008,2024-02-08,3,99.0,144.76,0.83
EP001,2024-02-08,4,96.52,161.26,1.27
EP004,2024-02-08,4,97.35,137.06,1.63
EP008,2024-02-08,4,98.9,149.13,0.86
EP001,2024-02-08,5,93.28,162.53,0.87
EP004,2024-02-08,5,97.21,124.96,1.59
EP008,2024-02-08,5,98.83,145.17,0.84
EP001,2024-02-08,6,93.44,156.02,0.84
EP004,2024-02-08,6,98.2,130.8,0.97
EP008,2024-02-08,6,98.36,147.19,0.98
EP001,2024-02-08,7,95.52,161.3,0.76
EP004,2024-02-08,7,97.0,151.02,1.02
EP008,2024-02-08,7,99.17,151.52,0.85
EP001,2024-02-08,8,92.2,168.14,0.83
EP004,2024-02-08,8,96.2,143.71,1.61
EP008,2024-02-08,8,98.66,157.57,0.86
EP001,2024-02-08,9,92.22,149.16,1.11
EP004,2024-02-08,9,96.27,154.55,1.24
EP008,2024-02-08,9,98.92,149.73,1.22
EP001,2024-02-08,10,93.66,155.76,1.21
EP004,2024-02-08,10,97.26,161.46,1.29
EP008,2024-02-08,10,99.12,132.88,1.44
EP001,2024-02-08,11,92.53,156.44,1.13
EP004,2024-02-08,11,99.72,135.81,0.61
EP004,2024-02-08,11,99.72,135.81,0.61
EP008,2024-02-08,11,97.65,136.11,1.4
EP001,2024-02-08,12,91.9,152.48,1.35
EP004,2024-02-08,12,98.9,144.98,0.61
EP008,2024-02-08,12,99.4,138.21,1.07
EP001,2024-02-08,13,94.89,151.21,1.38
EP004,2024-02-08,13,99.6,143.18,1.0
EP008,2024-02-08,13,97.48,140.04,1.33
EP001,2024-02-08,14,89.28,159.19,0.95
EP004,2024-02-08,14,,120.74,0.84
EP008,2024-02-08,14,97.35,139.45,1.21
EP001,2024-02-08,15,90.52,150.6,0.88
EP004,2024-02-08,15,97.0,140.16,0.68
EP008,2024-02-08,15,95.39,147.78,1.19
EP001,2024-02-08,16,92.0,159.06,1.1
EP004,2024-02-08,16,97.02,140.88,0.79
EP008,2024-02-08,16,96.78,155.04,1.2
EP001,2024-02-08,17,94.69,155.58,1.02
EP004,2024-02-08,17,97.24,136.44,1.18
EP008,2024-02-08,17,95.87,161.67,1.12
EP001,2024-02-08,18,97.57,147.76,1.12
EP004,2024-02-08,18,95.47,138.72,1.21
EP008,2024-02-08,18,96.76,153.92,1.08
EP001,2024-02-08,19,97.52,151.85,1.16
EP004,2024-02-08,19,94.96,129.83,1.15
EP008,2024-02-08,19,95.27,151.89,1.55
EP001,2024-02-08,20,92.89,162.45,1.17
EP004,2024-02-08,20,97.65,134.1,0.87
EP008,2024-02-08,20,95.54,153.08,1.41
EP001,2024-02-08,21,89.49,156.7,0.77
EP004,2024-02-08,21,97.34,175.21,0.82
EP008,2024-02-08,21,97.4,140.48,0.98
EP001,2024-02-08,22,91.13,154.28,1.12
EP004,2024-02-08,22,98.77,169.69,0.65
EP008,2024-02-08,22,95.09,145.23,1.33
EP001,2024-02-08,23,88.22,155.54,0.95
EP004,2024-02-08,23,97.63,143.71,0.85
EP008,2024-02-08,23,94.33,146.12,1.24
EP001,2024-02-09,0,93.48,154.83,0.82
EP004,2024-02-09,0,97.0,151.31,1.43
EP008,2024-02-09,0,95.77,163.71,1.07
EP010,2024-02-09,0,97.89,127.93,1.21
EP001,2024-02-09,1,90.19,158.49,0.96
EP004,2024-02-09,1,96.44,154.26,1.77
EP008,2024-02-09,1,96.8,152.09,0.98
EP010,2024-02-09,1,97.65,134.61,1.01
EP001,2024-02-09,2,94.7,164.26,0.69
EP004,2024-02-09,2,96.6,145.43,1.4
EP008,2024-02-09,2,95.78,150.91,1.17
EP010,2024-02-09,2,99.04,130.24,0.64
EP001,2024-02-09,3,94.44,167.58,0.79
EP004,2024-02-09,3,97.09,137.27,1.21
EP008,2024-02-09,3,95.93,154.84,1.04
EP010,2024-02-09,3,98.4,130.06,0.8
EP001,2024-02-09,4,93.74,162.21,0.85
EP004,2024-02-09,4,96.4,137.19,1.38
EP008,2024-02-09,4,96.0,152.02,0.95
EP010,2024-02-09,4,98.64,124.66,0.77
EP001,2024-02-09,5,94.16,162.92,0.74
EP004,2024-02-09,5,96.5,141.4,1.17
EP008,2024-02-09,5,95.94,160.13,0.89
EP010,2024-02-09,5,97.85,129.36,1.17
EP001,2024-02-09,6,90.4,150.21,0.78
EP004,2024-02-09,6,98.53,,0.67
EP008,2024-02-09,6,96.56,163.04,0.73
EP010,2024-02-09,6,98.6,121.25,0.99
EP001,2024-02-09,7,91.69,150.94,0.98
EP004,2024-02-09,7,98.33,159.02,0.67
EP008,2024-02-09,7,96.14,152.93,0.77
EP010,2024-02-09,7,97.54,127.18,1.65
EP001,2024-02-09,8,91.9,161.31,1.06
EP004,2024-02-09,8,95.59,162.55,1.1
EP008,2024-02-09,8,95.76,150.24,0.78
EP010,2024-02-09,8,97.71,115.36,1.25
EP001,2024-02-09,9,94.47,165.98,1.11
EP004,2024-02-09,9,94.77,157.36,0.82
EP008,2024-02-09,9,98.58,156.29,0.63
EP010,2024-02-09,9,99.3,114.56,1.02
EP001,2024-02-09,10,93.96,166.83,1.05
EP004,2024-02-09,10,95.25,145.9,0.8
EP008,2024-02-09,10,98.8,145.45,0.66
EP010,2024-02-09,10,"97,57",119.24,2.08
EP001,2024-02-09,11,94.35,155.54,0.81
EP004,2024-02-09,11,94.13,148.2,0.98
EP008,2024-02-09,11,97.2,147.37,0.82
EP010,2024-02-09,11,96.93,107.79,0.94
EP001,2024-02-09,12,92.98,148.2,1.0
EP004,2024-02-09,12,98.1,147.47,1.13
EP008,2024-02-09,12,96.88,154.38,0.74
EP010,2024-02-09,12,97.88,102.73,0.66
EP001,2024-02-09,13,90.43,149.1,0.97
EP004,2024-02-09,13,97.38,146.0,1.33
EP008,2024-02-09,13,97.02,155.41,0.77
EP010,2024-02-09,13,96.45,105.45,0.6
EP001,2024-02-09,14,94.84,149.2,1.03
EP004,2024-02-09,14,96.41,151.0,1.28
EP008,2024-02-09,14,97.85,148.81,0.93
EP010,2024-02-09,14,93.19,111.67,0.94
EP001,2024-02-09,15,89.74,158.28,0.82
EP004,2024-02-09,15,97.94,150.21,0.98
EP008,2024-02-09,15,99.17,151.38,1.09
EP010,2024-02-09,15,94.71,131.79,1.93
EP001,2024-02-09,16,93.06,172.15,0.64
EP004,2024-02-09,16,97.7,150.91,1.16
EP006,2024-02-09,16,95.6,158.87,1.56
EP008,2024-02-09,16,98.41,150.46,1.02
EP010,2024-02-09,16,97.45,114.15,1.31
EP001,2024-02-09,17,93.56,151.93,0.58
EP004,2024-02-09,17,96.71,150.96,1.96
EP006,2024-02-09,17,94.46,164.26,2.7
EP008,2024-02-09,17,97.23,160.9,1.06
EP010,2024-02-09,17,96.87,102.26,1.01
EP001,2024-02-09,18,93.89,150.02,0.72
EP004,2024-02-09,18,97.06,146.44,1.22
EP006,2024-02-09,18,94.32,167.34,1.52
EP008,2024-02-09,18,96.1,147.21,0.76
EP010,2024-02-09,18,97.32,110.64,1.62
EP001,2024-02-09,19,93.67,157.91,0.92
EP004,2024-02-09,19,97.82,149.02,1.6
EP004,2024-02-09,19,97.82,149.02,1.6
EP006,2024-02-09,19,91.42,160.34,2.06
EP008,2024-02-09,19,95.74,146.36,0.88
EP010,2024-02-09,19,101,124.5,0.56
EP001,2024-02-09,20,91.04,161.37,0.81
EP004,2024-02-09,20,98.09,152.08,1.59
EP006,2024-02-09,20,90.05,149.61,2.62
EP008,2024-02-09,20,96.67,147.18,0.76
EP001,2024-02-09,21,93.39,157.14,1.32
EP004,2024-02-09,21,98.98,156.77,0.72
EP006,2024-02-09,21,96.9,152.8,2.07
EP008,2024-02-09,21,95.84,143.67,0.9
EP001,2024-02-09,22,,159.22,1.2
EP004,2024-02-09,22,97.43,146.27,1.58
EP006,2024-02-09,22,96.52,147.41,1.67
EP008,2024-02-09,22,96.65,146.27,0.81
EP001,2024-02-09,23,89.58,155.98,0.81
EP004,2024-02-09,23,96.27,149.98,1.78
EP006,2024-02-09,23,92.41,158.68,2.34
EP008,2024-02-09,23,97.34,146.22,0.73
EP001,2024-02-10,0,90.16,157.9,1.05
EP004,2024-02-10,0,96.73,143.96,1.44
EP006,2024-02-10,0,93.71,163.27,2.71
EP008,2024-02-10,0,97.24,150.49,0.63
EP001,2024-02-10,1,93.12,153.42,1.2
EP004,2024-02-10,1,96.63,140.33,1.87
EP006,2024-02-10,1,93.19,154.14,2.63
EP008,2024-02-10,1,97.65,146.13,0.66
EP001,2024-02-10,2,92.96,156.31,1.27
EP004,2024-02-10,2,96.96,142.11,1.45
EP006,2024-02-10,2,90.52,143.0,2.77
EP008,2024-02-10,2,97.84,145.32,0.72
EP001,2024-02-10,3,96.02,159.56,1.47
EP004,2024-02-10,3,96.71,146.21,1.15
EP006,2024-02-10,3,94.7,147.68,1.78
EP008,2024-02-10,3,97.0,152.32,0.83
EP001,2024-02-10,4,95.5,160.23,1.8
EP004,2024-02-10,4,96.76,144.31,1.62
EP006,2024-02-10,4,95.17,144.38,1.88
EP008,2024-02-10,4,97.84,149.84,0.69
EP001,2024-02-10,5,90.91,163.0,1.54
EP004,2024-02-10,5,96.81,145.5,1.58
EP006,2024-02-10,5,94.35,137.98,1.8
EP008,2024-02-10,5,97.53,155.64,0.85
EP001,2024-02-10,6,94.0,154.26,0.7
EP004,2024-02-10,6,96.39,149.63,0.88
EP006,2024-02-10,6,95.58,157.49,2.06
EP008,2024-02-10,6,96.51,163.98,1.7
EP001,2024-02-10,7,93.16,163.52,
EP004,2024-02-10,7,96.71,148.57,1.51
EP006,2024-02-10,7,97.15,162.46,1.68
EP008,2024-02-10,7,96.0,161.33,1.92
EP001,2024-02-10,8,91.89,156.74,0.96
EP004,2024-02-10,8,96.38,144.42,1.41
EP006,2024-02-10,8,95.31,146.9,2.0
EP008,2024-02-10,8,98.45,152.18,0.97
EP001,2024-02-10,9,90.22,150.74,0.61
EP004,2024-02-10,9,96.78,151.7,1.34
EP006,2024-02-10,9,96.07,149.1,1.65
EP008,2024-02-10,9,97.49,150.59,1.15
EP001,2024-02-10,10,92.28,149.7,1.08
EP004,2024-02-10,10,96.73,143.88,1.29
EP006,2024-02-10,10,99.02,161.62,1.23
EP008,2024-02-10,10,97.1,151.04,1.26
EP001,2024-02-10,11,91.94,158.36,1.05
EP004,2024-02-10,11,96.6,144.18,1.99
EP006,2024-02-10,11,98.72,162.19,0.96
EP008,2024-02-10,11,96.96,158.6,1.58
EP001,2024-02-10,12,92.54,158.85,0.9
EP004,2024-02-10,12,98.9,157.04,0.94
EP006,2024-02-10,12,94.82,141.11,1.07
EP008,2024-02-10,12,95.98,152.53,2.03
EP001,2024-02-10,13,88.27,165.75,0.63
EP004,2024-02-10,13,98.06,177.84,0.76
EP006,2024-02-10,13,96.69,145.87,1.47
EP008,2024-02-10,13,97.72,154.91,1.37
EP001,2024-02-10,14,94.23,143.09,0.6
EP004,2024-02-10,14,98.44,150.44,0.92
EP006,2024-02-10,14,95.77,155.85,
EP008,2024-02-10,14,95.67,151.27,1.54
EP001,2024-02-10,15,94.12,149.65,1.1
EP004,2024-02-10,15,98.98,141.02,0.73
EP006,2024-02-10,15,96.2,147.22,1.1
EP008,2024-02-10,15,94.26,158.26,
EP001,2024-02-10,16,93.83,161.41,1.29
EP004,2024-02-10,16,98.62,149.74,0.79
EP004,2024-02-10,16,98.62,149.74,0.79
EP006,2024-02-10,16,97.44,149.31,1.36
EP008,2024-02-10,16,95.62,164.13,1.82
EP001,2024-02-10,17,95.47,153.55,0.75
EP004,2024-02-10,17,98.23,148.42,1.1
EP006,2024-02-10,17,95.35,129.96,1.22
EP008,2024-02-10,17,98.68,154.8,0.83
EP001,2024-02-10,18,94.0,160.46,0.8
EP004,2024-02-10,18,99.04,157.54,2.16
EP006,10/02/2024,18,94.03,147.0,0.95
EP008,2024-02-10,18,96.88,157.67,1.13
EP001,2024-02-10,19,94.93,159.93,0.83
EP004,2024-02-10,19,96.91,160.64,1.51
EP006,2024-02-10,19,95.85,147.52,1.05
EP008,2024-02-10,19,98.25,150.65,0.78
EP001,2024-02-10,20,94.0,159.91,0.63
EP004,2024-02-10,20,94.3,151.21,2.17
EP006,2024-02-10,20,92.98,135.56,1.78
EP008,2024-02-10,20,98.84,148.55,1.04
EP001,2024-02-10,21,91.53,157.78,0.93
EP004,2024-02-10,21,95.7,145.96,1.78
EP006,2024-02-10,21,94.67,125.02,1.83
EP008,2024-02-10,21,97.8,149.51,1.21
EP001,2024-02-10,22,91.39,154.04,0.97
EP004,2024-02-10,22,95.67,142.06,2.04
EP006,10/02/2024,22,95.6,123.94,1.07
EP008,2024-02-10,22,97.59,152.57,1.15
EP001,2024-02-10,23,92.73,167.33,0.97
EP004,2024-02-10,23,96.73,144.59,1.57
EP006,2024-02-10,23,96.44,131.44,0.96
EP008,2024-02-10,23,98.72,149.34,1.12
EP001,2024-02-11,0,95.52,154.23,1.47
EP004,2024-02-11,0,96.24,141.59,0.97
EP006,2024-02-11,0,97.26,143.5,1.2
EP008,2024-02-11,0,98.35,151.22,1.88
EP001,2024-02-11,1,95.89,160.04,1.55
EP004,2024-02-11,1,94.15,155.11,1.74
EP006,2024-02-11,1,97.28,136.77,2.45
EP008,2024-02-11,1,99.38,150.53,1.68
EP001,2024-02-11,2,92.85,157.28,1.66
EP004,2024-02-11,2,95.15,148.57,1.63
EP006,2024-02-11,2,97.84,137.13,1.94
EP008,2024-02-11,2,99.91,151.83,1.26
EP001,2024-02-11,3,93.33,159.6,1.68
EP004,2024-02-11,3,95.33,166.23,1.37
EP006,2024-02-11,3,97.35,137.45,1.1
EP008,2024-02-11,3,99.8,158.15,1.28
EP001,2024-02-11,4,96.37,163.43,1.98
EP004,2024-02-11,4,94.53,154.24,1.52
EP006,2024-02-11,4,96.47,134.1,1.52
EP008,2024-02-11,4,99.42,156.83,1.4
EP001,2024-02-11,5,95.07,166.23,1.73
EP004,2024-02-11,5,94.96,148.96,1.43
EP006,2024-02-11,5,97.65,131.85,1.34
EP008,2024-02-11,5,99.37,154.88,1.46
EP001,2024-02-11,6,91.24,167.91,0.77
EP004,2024-02-11,6,95.46,160.62,0.84
EP006,2024-02-11,6,97.79,168.21,1.21
EP008,2024-02-11,6,97.32,157.73,1.14
EP001,2024-02-11,7,95.88,160.63,0.94
EP004,2024-02-11,7,95.8,177.94,0.66
EP006,2024-02-11,7,99.44,177.14,1.15
EP008,2024-02-11,7,96.4,160.89,0.98
EP001,2024-02-11,8,93.24,160.11,1.24
EP004,2024-02-11,8,97.51,179.33,1.09
EP006,2024-02-11,8,98.05,167.25,1.37
EP008,2024-02-11,8,96.77,155.85,0.84
EP001,2024-02-11,9,92.44,158.9,0.89
EP004,2024-02-11,9,97.76,154.33,0.47
EP006,2024-02-11,9,98.06,142.22,0.85
EP008,2024-02-11,9,96.75,154.38,0.84
EP001,2024-02-11,10,91.96,157.47,1.01
EP004,2024-02-11,10,96.34,156.36,0.96
EP006,2024-02-11,10,98.5,132.58,0.83
EP008,2024-02-11,10,96.83,151.38,0.77
EP001,2024-02-11,11,94.55,160.43,0.78
EP004,2024-02-11,11,96.24,150.14,1.07
EP006,2024-02-11,11,97.44,123.64,1.11
EP008,2024-02-11,11,97.26,157.48,0.82
EP001,2024-02-11,12,95.26,153.38,1.23
EP004,2024-02-11,12,98.36,143.93,2.16
EP006,2024-02-11,12,97.3,132.37,0.99
EP008,2024-02-11,12,97.36,160.32,0.97
EP001,2024-02-11,13,94.74,160.43,0.95
EP004,2024-02-11,13,97.23,145.9,2.59
EP006,2024-02-11,13,99.12,128.02,0.98
EP008,2024-02-11,13,98.02,160.41,0.94
EP001,2024-02-11,14,91.07,160.64,0.97
EP004,2024-02-11,14,95.96,150.72,3.04
EP006,2024-02-11,14,96.95,155.51,1.53
EP008,2024-02-11,14,97.2,159.71,0.99
EP001,2024-02-11,15,91.6,163.92,0.94
EP004,2024-02-11,15,95.84,156.77,2.71
EP006,2024-02-11,15,98.18,143.5,1.1
EP008,2024-02-11,15,96.33,157.31,2.27
EP001,2024-02-11,16,89.0,155.55,0.95
EP004,2024-02-11,16,96.53,147.89,2.61
EP006,2024-02-11,16,94.81,147.6,1.69
EP008,2024-02-11,16,96.57,166.7,1.82
EP001,2024-02-11,17,88.51,157.91,0.97
EP004,2024-02-11,-1,96.87,154.21,1.56
EP006,2024-02-11,17,97.31,153.74,1.56
EP008,2024-02-11,17,98.67,152.0,1.01
EP001,2024-02-11,18,93.88,154.08,1.02
EP004,2024-02-11,18,95.94,169.02,1.35
EP006,2024-02-11,18,97.55,148.34,1.44
EP008,2024-02-11,18,97.4,154.35,1.26
EP001,2024-02-11,19,95.72,158.6,1.36
EP004,2024-02-11,19,95.51,157.89,1.93
EP006,2024-02-11,19,97.66,148.04,2.36
EP008,2024-02-11,19,97.07,153.35,1.62
EP001,2024-02-11,20,93.17,164.73,1.0
EP004,2024-02-11,20,95.41,141.89,1.93
EP006,2024-02-11,20,96.05,139.12,2.36
EP008,2024-02-11,20,97.73,158.13,1.43
EP001,2024-02-11,21,94.54,156.5,1.27
EP004,2024-02-11,21,95.15,150.68,1.63
EP006,2024-02-11,21,97.41,149.67,1.33
EP008,2024-02-11,21,98.47,160.06,1.05
EP001,2024-02-11,22,94.29,,1.68
EP004,2024-02-11,22,95.96,149.29,1.47
EP006,2024-02-11,22,98.67,161.13,1.0
EP008,2024-02-11,22,97.5,154.76,1.04
EP001,2024-02-11,23,92.83,151.17,0.75
EP004,2024-02-11,23,95.8,147.2,1.51
EP006,2024-02-11,23,97.04,159.04,1.89
EP008,2024-02-11,23,98.29,162.42,1.05
EP001,2024-02-12,0,94.89,162.89,1.13
EP004,2024-02-12,0,99.06,147.57,0.95
EP006,2024-02-12,0,97.38,158.07,1.64
EP008,2024-02-12,0,97.57,145.87,1.05
EP001,2024-02-12,1,94.8,155.67,1.21
EP004,2024-02-12,1,96.98,150.23,1.7
EP006,2024-02-12,1,96.3,154.85,2.49
EP008,2024-02-12,1,95.75,154.54,1.13
EP001,2024-02-12,2,93.71,156.29,0.92
EP004,2024-02-12,2,96.35,152.15,1.99
EP006,2024-02-12,2,95.77,139.25,1.96
EP008,2024-02-12,2,94.92,157.0,1.23
EP001,2024-02-12,3,96.67,164.4,1.21
EP004,2024-02-12,3,96.52,167.0,1.87
EP006,2024-02-12,3,95.63,137.29,1.64
EP008,2024-02-12,3,94.92,167.73,1.22
EP001,2024-02-12,4,96.59,161.97,1.3
EP004,2024-02-12,4,96.55,155.04,1.99
EP006,2024-02-12,4,96.49,132.02,2.27
EP008,2024-02-12,4,94.8,163.84,1.25
EP001,2024-02-12,5,92.92,174.27,1.14
EP004,2024-02-12,5,97.44,151.77,1.69
EP006,2024-02-12,5,96.62,129.69,2.05
EP008,2024-02-12,5,97.21,161.67,1.25
EP001,2024-02-12,6,96.63,167.52,1.28
EP004,2024-02-12,6,96.51,152.93,1.45
EP006,2024-02-12,6,96.27,158.55,1.57
EP008,2024-02-12,6,98.42,159.21,1.09
EP001,2024-02-12,7,96.07,167.2,1.17
EP004,2024-02-12,7,98.51,133.14,0.98
EP006,2024-02-12,7,98.36,160.6,1.91
EP008,2024-02-12,7,97.78,157.12,1.22
EP001,2024-02-12,8,94.89,154.76,0.69
EP004,2024-02-12,8,96.67,155.58,1.58
EP006,2024-02-12,8,96.84,147.45,1.76
EP008,2024-02-12,8,95.68,149.94,1.6
EP001,2024-02-12,9,94.83,157.48,0.99
EP004,2024-02-12,9,98.18,159.48,1.64
EP006,2024-02-12,9,98.32,150.1,1.43
EP008,2024-02-12,9,98.55,150.61,1.31
EP001,2024-02-12,10,96.24,163.28,1.06
EP004,2024-02-12,10,99.11,152.52,1.43
EP006,2024-02-12,10,99.45,151.33,1.18
EP008,2024-02-12,10,98.02,147.55,1.52
EP001,2024-02-12,11,91.67,159.53,0.9
EP004,2024-02-12,11,97.82,143.39,1.91
EP006,2024-02-12,11,98.37,147.16,1.04
EP008,2024-02-12,11,97.38,148.06,1.66
EP001,2024-02-12,12,93.8,158.46,1.02
EP004,2024-02-12,12,98.44,141.84,0.9
EP006,2024-02-12,12,98.94,130.74,0.82
EP008,2024-02-12,12,98.63,147.84,1.16
EP001,2024-02-12,13,93.65,153.88,0.94
EP004,2024-02-12,13,96.38,138.43,2.12
EP006,2024-02-12,13,99.55,131.02,1.46
EP008,2024-02-12,13,97.6,150.04,1.37
EP001,2024-02-12,14,93.59,154.09,1.21
EP004,2024-02-12,14,95.75,134.75,1.94
EP006,2024-02-12,14,97.82,158.82,1.36
EP008,2024-02-12,14,98.02,148.7,1.46
EP001,2024-02-12,15,94.5,158.77,0.97
EP004,2024-02-12,15,98.18,133.32,1.58
EP006,2024-02-12,15,99.17,159.4,1.11
EP008,2024-02-12,15,98.06,153.71,1.18
EP001,2024-02-12,16,94.0,164.94,1.43
EP004,2024-02-12,16,97.6,147.56,2.1
EP006,2024-02-12,16,97.5,152.94,1.36
EP008,2024-02-12,16,98.68,151.3,1.1
EP001,2024-02-12,17,94.39,159.96,1.03
EP004,2024-02-12,17,96.35,141.92,2.41
EP006,2024-02-12,17,94.87,150.38,1.57
EP008,2024-02-12,17,98.7,159.68,1.03
EP001,2024-02-12,18,92.02,166.49,1.02
EP004,2024-02-12,18,98.4,144.55,1.29
EP006,2024-02-12,18,95.9,136.5,1.17
EP008,2024-02-12,18,98.62,150.53,1.02
EP001,2024-02-12,19,93.08,161.37,1.25
EP004,2024-02-12,19,97.15,129.36,1.92
EP006,2024-02-12,19,96.25,133.25,1.14
EP008,2024-02-12,19,97.57,150.85,1.34
EP001,2024-02-12,20,90.85,156.7,1.46
EP001,2024-02-12,20,90.85,156.7,1.46
EP004,2024-02-12,20,97.2,129.98,1.83
EP006,2024-02-12,20,95.13,146.11,1.6
EP008,2024-02-12,20,98.43,151.55,1.22
EP001,2024-02-12,21,93.94,152.44,2.03
EP004,2024-02-12,21,97.82,150.47,1.61
EP006,2024-02-12,21,95.3,139.18,1.07
EP008,2024-02-12,21,98.8,161.34,1.06
EP001,2024-02-12,22,94.07,154.15,1.58
EP004,2024-02-12,22,97.02,132.76,1.95
EP006,2024-02-12,22,96.92,139.04,1.16
EP008,2024-02-12,22,97.77,163.6,1.23
EP001,2024-02-12,23,94.4,154.07,1.16
EP004,2024-02-12,23,150,134.97,1.7
EP006,2024-02-12,23,94.63,150.5,1.8
EP008,2024-02-12,23,97.56,153.16,1.31
EP001,2024-02-13,0,94.53,156.38,0.92
EP004,2024-02-13,0,95.1,133.15,1.07
EP006,2024-02-13,0,97.65,141.45,1.49
EP008,2024-02-13,0,97.65,153.29,1.19
EP001,2024-02-13,1,93.12,163.35,0.98
EP004,2024-02-13,1,93.32,140.14,1.83
EP006,2024-02-13,1,93.2,136.47,2.42
EP008,2024-02-13,1,98.36,158.25,1.0
EP001,2024-02-13,2,92.45,158.2,0.93
EP004,2024-02-13,2,93.81,135.35,1.39
EP006,2024-02-13,2,94.81,134.55,1.85
EP008,2024-02-13,2,97.2,139.0,1.24
EP001,2024-02-13,3,93.72,158.55,1.27
EP004,2024-02-13,3,93.28,147.65,1.62
EP006,2024-02-13,3,96.02,153.95,0.97
EP008,2024-02-13,3,97.98,149.98,1.14
EP001,2024-02-13,4,94.49,161.2,1.19
EP004,2024-02-13,4,92.45,152.51,1.62
EP006,2024-02-13,4,93.22,154.65,1.98
EP008,2024-02-13,4,97.55,149.41,1.29
EP001,2024-02-13,5,94.51,174.74,0.9
EP004,2024-02-13,5,92.87,144.54,1.55
EP006,2024-02-13,5,94.87,144.35,1.73
EP008,2024-02-13,5,97.92,149.9,1.2
EP001,2024-02-13,6,95.02,156.36,0.98
EP004,2024-02-13,6,98.19,142.77,1.07
EP006,2024-02-13,6,97.3,144.48,1.57
EP008,2024-02-13,6,97.6,156.23,1.12
EP001,2024-02-13,7,94.15,158.08,1.29
EP004,2024-02-13,7,98.11,134.93,1.44
EP006,2024-02-13,7,99.54,140.17,1.33
EP008,2024-02-13,7,96.53,155.19,1.24
EP001,2024-02-13,8,95.31,159.49,1.22
EP004,2024-02-13,8,97.85,140.73,1.58
EP006,2024-02-13,8,99.18,137.55,1.43
EP008,2024-02-13,8,97.56,156.34,1.21
EP001,2024-02-13,9,93.44,160.9,1.71
EP004,2024-02-13,9,98.5,163.27,1.67
EP006,2024-02-13,9,97.91,153.76,1.3
EP008,2024-02-13,9,99.0,157.13,0.89
EP001,2024-02-13,10,94.73,169.2,2.2
EP004,2024-02-13,10,96.86,162.8,1.96
EP006,2024-02-13,10,99.12,156.63,1.64
EP008,2024-02-13,10,98.79,156.13,0.91
EP001,2024-02-13,11,95.44,166.4,1.4
EP004,2024-02-13,11,96.98,149.63,1.45
EP006,2024-02-13,11,97.8,169.27,50
EP008,2024-02-13,11,97.93,153.52,1.01
EP001,2024-02-13,12,94.91,,1.74
EP004,2024-02-13,12,95.4,131.85,2.06
EP006,2024-02-13,12,99.43,154.2,1.08
EP008,2024-02-13,12,95.6,151.6,1.42
EP001,2024-02-13,13,95.49,164.66,1.13
EP004,2024-02-13,13,95.86,135.62,2.86
EP006,2024-02-13,13,96.52,144.05,2.13
EP008,2024-02-13,13,96.2,158.7,1.61
EP001,2024-02-13,14,93.69,160.59,1.02
EP004,2024-02-13,14,94.93,138.84,2.74
EP006,2024-02-13,14,93.94,138.49,2.24
EP008,2024-02-13,14,98.67,151.67,2.53
EP001,2024-02-13,15,93.22,161.51,1.03
EP004,2024-02-13,15,98.57,140.63,1.75
EP006,2024-02-13,15,95.57,158.77,1.24
EP008,2024-02-13,15,98.26,159.98,2.98
EP001,2024-02-13,16,94.92,162.1,1.13
EP004,2024-02-13,16,97.59,151.25,2.47
EP006,2024-02-13,16,97.37,154.2,1.75
EP008,2024-02-13,16,98.73,156.98,0.96
EP001,2024-02-13,17,93.51,160.98,0.95
EP004,2024-02-13,17,96.19,154.34,2.28
EP006,2024-02-13,17,94.98,149.63,2.43
EP008,2024-02-13,17,98.39,148.73,0.89
EP001,2024-02-13,18,95.84,149.5,0.87
EP004,2024-02-13,18,97.3,140.0,2.0
EP006,2024-02-13,18,95.82,136.59,2.18
EP008,2024-02-13,18,96.21,155.81,0.94
EP001,2024-02-13,19,92.77,156.04,1.43
EP004,2024-02-13,19,96.91,142.91,2.63
EP006,2024-02-13,19,97.94,146.47,1.95
EP008,2024-02-13,19,97.2,164.14,1.59
EP001,2024-02-13,20,92.62,157.04,1.45
EP004,2024-02-13,20,,137.82,2.64
EP006,2024-02-13,20,98.44,157.98,0.84
EP008,2024-02-13,20,97.09,163.36,1.63
EP001,2024-02-13,21,92.46,163.15,1.41
EP004,2024-02-13,21,96.7,145.66,2.58
EP006,2024-02-13,21,97.1,151.72,1.78
EP008,2024-02-13,21,97.58,161.83,1.18
EP001,2024-02-13,22,94.38,159.3,1.33
EP004,2024-02-13,22,96.98,151.04,2.37
EP006,2024-02-13,22,94.92,146.62,2.08
EP008,2024-02-13,22,97.4,155.06,1.41
EP001,2024-02-13,23,95.15,149.31,1.22
EP004,2024-02-13,23,95.31,140.49,2.76
EP006,2024-02-13,23,96.82,134.22,1.62
EP008,2024-02-13,23,97.26,166.46,1.15
EP001,2024-02-14,0,94.47,144.96,0.7
EP004,2024-02-14,0,96.29,142.1,1.13
EP006,2024-02-14,0,97.49,135.02,1.65
EP008,14/02/2024,0,97.84,155.14,1.0
EP001,2024-02-14,1,93.86,155.66,1.22
EP004,2024-02-14,1,96.15,141.32,1.35
EP006,2024-02-14,1,95.54,165.12,1.83
EP008,2024-02-14,1,97.39,145.22,1.08
EP001,2024-02-14,2,91.94,154.28,1.77
EP004,2024-02-14,2,95.38,135.4,1.61
EP006,2024-02-14,2,97.02,161.04,1.69
EP008,2024-02-14,2,97.22,147.86,1.04
EP001,2024-02-14,3,94.49,161.38,1.56
EP004,2024-02-14,3,96.15,140.69,1.69
EP006,2024-02-14,3,95.41,151.08,2.13
EP008,2024-02-14,3,97.91,149.67,1.04
EP001,2024-02-14,4,94.46,162.52,1.38
EP004,2024-02-14,4,95.85,141.96,1.76
EP006,2024-02-14,4,95.4,147.71,1.8
EP008,2024-02-14,4,97.55,146.85,1.22
EP001,2024-02-14,5,93.37,161.73,1.12
EP004,2024-02-14,5,96.03,152.45,1.97
EP006,2024-02-14,5,97.31,168.12,1.14
EP008,2024-02-14,5,98.29,145.85,0.96
EP001,2024-02-14,6,90.52,162.07,1.02
EP004,2024-02-14,6,96.17,139.15,2.0
EP006,2024-02-14,6,97.41,161.37,0.93
EP008,2024-02-14,6,98.98,147.17,1.17
EP001,2024-02-14,7,93.86,160.51,0.63
EP004,2024-02-14,7,96.06,131.06,2.09
EP006,2024-02-14,24,98.44,148.56,1.0
EP008,2024-02-14,7,97.98,149.56,1.27
EP001,2024-02-14,8,93.26,160.6,0.73
EP004,2024-02-14,8,96.16,130.62,2.18
EP006,2024-02-14,8,96.56,150.51,1.81
EP008,2024-02-14,8,97.04,159.88,1.48
EP001,2024-02-14,9,90.13,166.52,1.63
EP004,2024-02-14,9,96.24,141.78,1.66
EP006,2024-02-14,9,95.3,141.06,1.91
EP008,2024-02-14,9,97.64,165.27,1.47
EP001,2024-02-14,10,94.38,165.56,1.94
EP004,2024-02-14,10,97.88,159.69,1.42
EP006,2024-02-14,10,97.04,163.48,1.23
EP008,2024-02-14,10,96.37,164.5,1.9
EP001,2024-02-14,11,91.71,159.71,1.34
EP004,2024-02-14,11,97.32,134.97,1.0
EP006,2024-02-14,11,99.0,157.91,0.9
EP008,2024-02-14,11,98.02,154.57,1.44
EP001,2024-02-14,12,94.27,164.02,1.18
EP004,2024-02-14,12,96.98,133.63,1.6
EP006,2024-02-14,12,97.02,146.86,1.23
EP008,2024-02-14,12,97.96,161.22,1.38
EP001,2024-02-14,13,93.23,165.34,1.82
EP004,2024-02-14,13,96.31,134.53,1.93
EP006,2024-02-14,13,94.83,160.2,1.45
EP008,2024-02-14,13,98.51,158.77,1.34
EP001,2024-02-14,14,91.04,165.67,1.2
EP004,2024-02-14,14,95.85,520,1.73
EP006,2024-02-14,14,97.11,144.48,1.24
EP008,2024-02-14,14,97.04,146.22,1.57
EP001,2024-02-14,15,92.87,163.67,0.91
EP004,2024-02-14,15,97.02,154.71,1.24
EP006,2024-02-14,15,96.11,130.17,1.37
EP008,2024-02-14,15,99.0,149.84,1.15
EP001,2024-02-14,16,93.13,148.49,1.5
EP004,2024-02-14,16,97.1,144.65,1.03
EP006,2024-02-14,16,98.31,143.52,
EP008,2024-02-14,16,99.3,155.52,1.21
EP011,2024-02-14,16,96.03,131.82,1.65
EP001,2024-02-14,17,89.06,160.11,0.87
EP004,2024-02-14,17,96.25,133.56,1.26
EP006,2024-02-14,17,98.57,157.75,0.7
EP008,2024-02-14,17,98.56,154.72,1.16
EP011,2024-02-14,17,95.07,121.55,1.58
EP001,2024-02-14,18,92.33,153.0,1.06
EP004,2024-02-14,18,,138.38,1.17
EP006,2024-02-14,18,250,144.74,1.07
EP008,2024-02-14,18,98.27,156.49,0.87
EP011,2024-02-14,18,93.38,120.64,1.13
EP001,2024-02-14,19,89.86,154.39,1.19
EP004,2024-02-14,19,96.13,151.74,1.69
EP006,2024-02-14,19,96.36,132.27,1.43
EP008,2024-02-14,19,98.5,149.8,0.83
EP011,2024-02-14,19,93.57,121.12,1.24
EP001,2024-02-14,20,92.91,154.88,1.14
EP004,2024-02-14,20,98.28,138.61,0.86
EP006,2024-02-14,20,96.0,147.88,1.43
EP008,2024-02-14,20,98.33,140.19,0.81
EP011,2024-02-14,20,95.6,139.17,1.35
EP001,2024-02-14,21,92.77,156.63,1.89
EP004,2024-02-14,21,98.37,155.84,1.08
EP006,2024-02-14,21,96.7,164.31,1.18
EP008,2024-02-14,21,95.37,141.76,1.28
EP011,2024-02-14,21,92.87,126.59,1.61
EP001,2024-02-14,22,92.8,159.26,1.82
EP004,2024-02-14,22,97.49,156.56,0.93
EP006,2024-02-14,22,95.22,150.62,1.79
EP008,2024-02-14,22,94.57,142.91,1.64
EP011,2024-02-14,22,94.59,137.02,1.57
EP001,2024-02-14,23,94.71,159.76,1.46
EP004,2024-02-14,23,96.73,154.13,2.74
EP006,2024-02-14,23,94.46,138.9,2.45
EP008,2024-02-14,23,94.67,144.85,1.71
 EP011,2024-02-14,23,95.87,138.67,1.23
EP001,2024-02-15,0,95.65,170.39,1.79
EP004,2024-02-15,0,97.46,141.15,1.02
EP006,2024-02-15,0,96.89,132.69,1.55
EP008,2024-02-15,0,97.37,153.96,1.16
EP011,2024-02-15,0,91.94,131.88,1.85
EP001,2024-02-15,1,93.57,169.49,2.04
EP004,2024-02-15,1,97.02,139.96,1.51
EP006,2024-02-15,1,96.72,146.71,1.73
EP008,2024-02-15,1,95.76,164.62,1.53
EP011,2024-02-15,1,92.35,134.4,1.52
EP001,2024-02-15,2,92.96,165.47,1.52
EP004,2024-02-15,2,95.81,135.11,1.6
EP006,2024-02-15,2,97.4,161.49,1.7
EP008,2024-02-15,2,95.45,173.04,1.8
EP011,2024-02-15,2,93.1,140.63,1.0
EP001,2024-02-15,3,93.88,166.82,1.46
EP004,2024-02-15,3,96.47,142.45,1.48
EP006,2024-02-15,3,97.12,157.76,1.68
EP008,2024-02-15,3,95.54,174.17,1.11
EP011,2024-02-15,3,94.82,143.29,0.83
EP001,2024-02-15,4,91.85,159.54,1.6
EP004,2024-02-15,4,97.63,141.84,1.34
EP006,2024-02-15,4,95.04,146.65,1.66
EP008,2024-02-15,4,96.06,162.83,1.31
EP011,2024-02-15,4,92.11,136.43,1.13
EP001,2024-02-15,5,91.63,159.53,1.71
EP004,2024-02-15,5,96.84,137.41,1.4
EP006,2024-02-15,5,95.63,140.88,1.96
EP008,2024-02-15,5,96.22,158.88,1.33
EP011,2024-02-15,5,91.37,135.12,1.3
EP001,2024-02-15,6,92.08,162.75,1.37
EP004,2024-02-15,6,99.31,137.54,0.64
EP006,2024-02-15,6,93.02,150.12,2.32
EP008,2024-02-15,6,97.69,142.29,0.8
EP011,2024-02-15,6,95.25,136.61,1.0
EP001,2024-02-15,7,94.84,173.2,0.91
EP004,2024-02-15,7,97.8,147.78,1.18
EP006,2024-02-15,7,97.78,161.69,1.16
EP008,2024-02-15,7,98.06,146.8,0.75
EP011,2024-02-15,7,94.05,136.57,0.96
EP001,2024-02-15,8,92.74,157.87,1.29
EP004,2024-02-15,8,96.55,138.47,1.45
EP006,2024-02-15,8,96.84,147.16,1.54
EP008,2024-02-15,8,97.66,148.62,0.87
EP011,2024-02-15,8,93.36,138.16,1.05
EP001,2024-02-15,9,90.57,153.59,1.64
EP004,2024-02-15,9,96.91,156.87,1.65
EP006,2024-02-15,9,97.96,160.41,1.43
EP008,2024-02-15,9,96.08,155.42,0.92
EP011,2024-02-15,9,96.61,145.63,1.0
EP001,2024-02-15,10,94.16,152.24,1.65
EP004,2024-02-15,10,97.11,155.87,2.16
EP006,2024-02-15,10,97.11,159.02,1.17
EP008,2024-02-15,10,96.06,150.29,1.09
EP011,2024-02-15,10,95.0,134.53,1.16
EP001,2024-02-15,11,88.66,149.12,1.24
EP004,2024-02-15,11,96.61,151.71,1.83
EP006,2024-02-15,11,95.22,139.88,1.17
EP008,2024-02-15,11,96.0,145.84,
EP011,2024-02-15,11,96.09,134.81,1.21
EP001,2024-02-15,12,92.58,152.69,0.9
EP004,2024-02-15,12,97.57,141.4,0.89
EP006,2024-02-15,12,97.31,154.27,0.97
EP008,2024-02-15,12,96.88,157.48,0.61
EP011,2024-02-15,12,95.79,147.72,1.58
EP001,2024-02-15,13,96.29,158.9,1.36
EP004,2024-02-15,13,97.34,138.0,1.06
EP006,2024-02-15,13,99.05,159.2,1.55
EP008,2024-02-15,13,96.98,148.44,1.32
EP011,2024-02-15,13,101,139.03,1.28
EP001,2024-02-15,14,97.24,157.4,1.4
EP004,2024-02-15,14,96.56,128.96,1.34
EP006,2024-02-15,14,98.06,162.19,1.08
EP008,2024-02-15,14,94.76,147.69,1.43
EP011,2024-02-15,14,93.94,136.0,1.29
EP001,2024-02-15,15,94.94,161.76,1.22
EP004,2024-02-15,15,98.47,139.72,1.63
EP006,2024-02-15,15,98.0,167.6,1.1
EP008,2024-02-15,15,91.98,157.89,2.82
EP011,2024-02-15,15,95.94,141.32,1.66
EP001,2024-02-15,16,,157.96,1.32
EP004,2024-02-15,16,96.37,139.95,1.69
EP008,2024-02-15,16,97.59,147.95,1.34
EP011,2024-02-15,16,95.37,140.4,1.5
EP001,2024-02-15,17,94.36,165.19,1.47
EP004,2024-02-15,17,95.26,158.16,2.46
EP008,2024-02-15,17,96.0,141.83,1.43
EP011,2024-02-15,17,95.5,132.54,1.11
EP001,2024-02-15,18,94.69,147.71,1.0
EP004,2024-02-15,18,99.39,135.26,2.04
EP008,2024-02-15,18,95.98,147.41,1.06
EP011,2024-02-15,18,97.47,136.17,1.35
EP001,2024-02-15,19,94.82,159.12,1.68
EP004,2024-02-15,19,98.42,135.4,2.11
EP008,2024-02-15,19,93.76,150.94,1.55
EP011,2024-02-15,19,97.4,128.51,1.41
EP001,2024-02-15,20,91.84,161.86,2.59
EP004,2024-02-15,20,98.04,140.92,1.37
EP008,2024-02-15,20,92.42,154.69,1.6
EP011,2024-02-15,20,98.6,137.43,1.04
EP001,2024-02-15,21,93.41,159.25,2.5
EP004,2024-02-15,21,98.86,157.31,1.19
EP008,2024-02-15,21,93.13,161.38,1.25
EP011,2024-02-15,21,98.21,131.29,1.08
EP001,2024-02-15,22,95.4,160.31,2.0
EP004,2024-02-15,22,98.29,145.18,1.42
EP008,2024-02-15,22,91.69,152.53,2.13
EP011,2024-02-15,22,97.47,129.23,1.07
EP001,2024-02-15,23,92.63,164.58,1.49
EP004,2024-02-15,23,98.13,142.87,1.39
EP008,2024-02-15,23,92.73,148.6,1.41
EP011,2024-02-15,23,96.32,140.12,1.12
EP001,2024-02-16,0,94.5,154.33,1.57
EP004,2024-02-16,0,99.37,141.79,1.37
EP008,2024-02-16,0,94.77,142.23,1.09
EP011,2024-02-16,0,95.19,132.04,1.23
EP001,2024-02-16,1,95.39,150.61,1.8
EP004,2024-02-16,1,99.64,149.58,1.72
EP008,2024-02-16,1,94.89,141.09,1.21
EP011,2024-02-16,1,96.12,129.31,1.19
EP001,2024-02-16,2,92.93,159.67,1.31
EP004,2024-02-16,2,99.75,150.35,1.31
EP008,2024-02-16,2,94.33,143.71,1.28
EP011,2024-02-16,2,95.94,135.63,1.55
EP001,2024-02-16,3,94.33,155.2,2.02
EP004,2024-02-16,3,99.6,157.96,1.23
EP008,2024-02-16,3,93.91,156.4,1.16
EP011,2024-02-16,3,96.29,132.28,1.22
EP001,2024-02-16,4,93.52,162.89,1.42
EP004,2024-02-16,4,99.49,155.06,1.29
EP008,2024-02-16,4,92.9,148.51,1.46
EP011,2024-02-16,4,96.7,138.49,1.11
EP001,2024-02-16,5,93.44,165.63,1.36
EP004,2024-02-16,5,98.87,169.13,1.27
EP008,2024-02-16,5,92.04,150.96,1.55
EP011,2024-02-16,5,97.57,141.28,1.57
EP001,2024-02-16,6,93.22,163.55,1.89
EP004,2024-02-16,6,99.77,164.23,0.98
EP008,2024-02-16,6,95.29,159.31,0.94
EP011,2024-02-16,6,96.51,134.36,1.62
EP001,2024-02-16,7,93.91,164.15,1.74
EP004,2024-02-16,7,98.61,162.2,0.89
EP008,2024-02-16,7,94.92,151.0,1.3
EP011,2024-02-16,7,95.39,127.02,1.5
EP001,2024-02-16,8,94.04,156.47,1.39
EP004,2024-02-16,8,97.04,155.62,1.38
EP008,2024-02-16,8,93.76,147.59,1.14
EP011,2024-02-16,8,96.1,133.22,1.38
EP001,2024-02-16,9,94.45,155.0,1.33
EP004,2024-02-16,9,99.14,150.86,0.81
EP008,2024-02-16,9,94.86,149.28,0.97
EP011,2024-02-16,9,96.44,151.56,1.34
EP001,2024-02-16,10,93.73,159.65,1.83
EP004,2024-02-16,10,99.2,150.44,0.93
EP008,2024-02-16,10,95.35,145.83,0.97
EP011,2024-02-16,10,97.25,137.5,1.42
EP001,2024-02-16,11,93.9,153.55,1.81
EP004,2024-02-16,11,98.14,155.6,1.23
EP008,2024-02-16,11,,145.36,1.17
EP011,2024-02-16,11,97.65,141.57,1.28
EP001,2024-02-16,12,94.33,161.84,1.57
EP004,2024-02-16,12,98.1,171.1,0.89
EP008,2024-02-16,12,92.12,150.82,1.2
EP011,2024-02-16,12,97.94,128.7,
EP001,2024-02-16,13,93.67,171.71,1.37
EP004,2024-02-16,13,98.84,145.43,1.33
EP008,2024-02-16,13,92.76,151.1,1.34
EP011,2024-02-16,13,96.73,128.94,1.47
EP001,2024-02-16,14,93.59,163.16,1.27
EP004,2024-02-16,14,99.21,141.09,1.55
EP008,2024-02-16,14,94.4,134.0,1.06
EP011,2024-02-16,14,97.92,132.96,0.95
EP001,2024-02-16,15,93.51,154.74,1.17
EP004,2024-02-16,15,99.5,164.08,1.0
EP011,2024-02-16,15,97.46,135.29,1.04
EP001,2024-02-16,16,92.21,160.08,1.37
EP004,2024-02-16,16,98.96,146.38,1.1
EP011,2024-02-16,16,96.87,130.85,1.16
EP001,2024-02-16,17,94.32,157.02,1.42
EP004,2024-02-16,17,98.76,145.45,1.3
EP011,2024-02-16,17,96.84,137.78,1.09
EP001,2024-02-16,18,93.02,154.49,1.58
EP004,2024-02-16,18,99.15,151.06,1.22
EP011,2024-02-16,18,95.98,139.96,0.99
EP001,2024-02-16,19,95.6,154.94,1.64
EP004,2024-02-16,19,98.66,146.43,1.28
EP011,2024-02-16,19,93.75,131.27,1.36
EP001,2024-02-16,20,94.19,164.51,1.35
EP004,2024-02-16,20,98.19,169.27,1.15
EP011,2024-02-16,20,94.81,135.75,2.13
EP001,2024-02-16,21,94.49,149.16,0.7
EP004,2024-02-16,21,99.32,160.41,0.86
EP011,2024-02-16,21,92.48,139.67,1.69
EP001,2024-02-16,22,94.74,152.68,1.14
EP004,2024-02-16,22,98.45,175.6,1.03
EP011,2024-02-16,22,91.94,139.81,1.48
EP011,2024-02-16,22,91.94,139.81,1.48
EP001,2024-02-16,23,95.76,150.78,1.3
EP004,2024-02-16,23,98.05,165.82,1.69
EP011,2024-02-16,23,92.96,138.38,1.5
EP001,2024-02-17,0,96.4,150.13,1.4
EP004,2024-02-17,0,98.21,140.16,0.95
EP011,2024-02-17,0,93.85,144.35,1.62
EP001,2024-02-17,1,97.74,155.42,1.62
EP004,2024-02-17,1,98.4,136.53,1.02
EP011,2024-02-17,1,92.45,132.73,1.9
EP001,2024-02-17,2,96.78,168.63,1.6
EP004,2024-02-17,2,98.21,135.65,1.03
EP011,2024-02-17,2,95.17,142.78,1.88
EP001,2024-02-17,3,96.24,169.51,1.48
EP004,2024-02-17,3,98.43,143.55,1.24
EP011,2024-02-17,3,93.05,136.35,1.28
EP001,2024-02-17,4,96.67,165.02,1.29
EP004,2024-02-17,-1,98.58,147.42,1.06
EP011,2024-02-17,4,92.39,128.43,2.08
EP001,2024-02-17,5,96.69,172.15,1.12
EP004,2024-02-17,5,98.32,140.18,1.1
EP011,2024-02-17,5,94.02,130.89,2.1
EP001,2024-02-17,6,95.31,165.11,0.56
EP004,2024-02-17,6,99.16,151.09,1.09
EP011,2024-02-17,6,96.02,134.23,1.2
EP001,2024-02-17,7,95.24,155.22,1.01
EP004,2024-02-17,7,98.84,150.51,1.19
EP011,2024-02-17,7,94.78,127.92,1.31
EP001,2024-02-17,8,94.43,155.62,1.2
EP004,2024-02-17,8,98.41,146.25,1.31
EP011,2024-02-17,8,92.95,136.81,1.63
EP001,2024-02-17,9,94.89,152.2,1.51
EP004,2024-02-17,9,98.91,149.76,1.04
EP011,2024-02-17,9,94.0,135.23,1.41
EP001,2024-02-17,10,,153.38,1.66
EP004,2024-02-17,10,99.04,146.71,1.05
EP011,2024-02-17,10,90.79,128.54,1.74
EP001,2024-02-17,11,94.92,153.35,1.06
EP004,2024-02-17,11,98.96,163.69,0.9
EP011,2024-02-17,11,93.53,134.85,2.08
EP001,2024-02-17,12,94.42,151.21,1.07
EP004,2024-02-17,12,99.88,142.93,0.69
EP011,2024-02-17,12,97.87,136.02,1.46
EP001,2024-02-17,13,96.2,153.39,1.54
EP004,2024-02-17,13,98.22,148.92,1.35
EP011,2024-02-17,13,95.82,122.57,1.16
EP001,2024-02-17,14,95.32,161.94,1.47
EP004,2024-02-17,14,96.35,165.51,1.85
EP011,2024-02-17,14,95.92,129.38,1.02
EP001,2024-02-17,15,94.94,154.33,1.34
EP004,2024-02-17,15,97.68,144.53,1.3
EP011,2024-02-17,15,94.66,132.64,1.39
EP001,2024-02-17,16,96.24,156.24,1.4
EP004,2024-02-17,16,97.86,139.35,1.27
EP011,2024-02-17,16,94.41,135.33,1.33
EP001,2024-02-17,17,93.02,169.69,0.91
EP004,2024-02-17,17,96.87,159.76,
EP011,2024-02-17,17,96.38,142.98,1.41
EP001,2024-02-17,18,94.53,162.94,0.96
EP004,2024-02-17,18,97.47,142.0,1.56
EP011,2024-02-17,18,95.1,129.9,1.54
EP001,2024-02-17,19,92.96,160.14,1.61
EP004,2024-02-17,19,96.73,141.37,2.01
EP011,2024-02-17,19,95.47,128.85,1.31
EP001,2024-02-17,20,93.64,149.09,1.16
EP004,2024-02-17,20,95.41,157.71,2.34
EP011,2024-02-17,20,95.79,131.3,1.16
EP001,2024-02-17,21,92.91,141.94,2.24
EP004,2024-02-17,21,96.53,163.71,1.58
EP011,2024-02-17,21,96.85,-10,1.04
EP001,2024-02-17,22,94.07,147.34,1.78
EP004,2024-02-17,22,96.02,155.16,2.0
EP011,2024-02-17,22,96.32,145.24,1.27
EP001,2024-02-17,23,96.68,150.79,1.29
EP004,2024-02-17,23,98.37,150.74,1.82
EP011,2024-02-17,23,97.55,128.88,1.41
EP001,2024-02-18,0,96.1,154.69,1.92
EP004,2024-02-18,0,98.06,143.46,1.99
EP011,2024-02-18,0,94.68,132.83,1.41
EP001,2024-02-18,1,96.79,155.5,2.28
EP004,2024-02-18,1,97.57,140.26,2.52
EP011,2024-02-18,1,95.3,133.02,1.64
EP001,2024-02-18,2,95.02,156.33,1.57
EP004,2024-02-18,2,97.66,141.39,2.04
EP011,2024-02-18,2,94.67,134.76,1.6
EP001,2024-02-18,3,95.04,158.5,1.54
EP004,2024-02-18,3,97.55,150.98,2.21
EP011,2024-02-18,3,96.44,143.24,1.4
EP001,2024-02-18,4,95.88,160.02,1.93
EP004,2024-02-18,4,97.7,148.0,2.68
EP011,2024-02-18,4,95.77,137.66,1.31
EP001,2024-02-18,5,94.55,160.91,1.49
EP004,2024-02-18,5,98.08,162.29,2.04
EP011,2024-02-18,5,92.86,138.02,1.92
EP001,2024-02-18,6,95.72,154.13,1.07
EP004,2024-02-18,6,99.4,162.12,1.01
EP011,2024-02-18,6,95.41,129.08,1.09
EP001,2024-02-18,7,95.6,158.25,0.96
EP004,2024-02-18,7,97.74,147.12,1.91
EP011,2024-02-18,7,93.52,126.23,1.19
EP001,2024-02-18,8,97.81,154.5,1.03
EP004,2024-02-18,8,98.33,151.17,1.45
EP011,2024-02-18,8,94.33,133.98,1.04
EP001,2024-02-18,9,96.17,166.88,1.26
EP004,2024-02-18,9,99.22,141.31,0.99
EP011,2024-02-18,9,95.94,138.94,0.9
EP001,2024-02-18,10,95.77,157.31,1.27
EP004,2024-02-18,10,98.57,136.27,1.44
EP011,2024-02-18,10,95.93,132.54,1.15
EP012,2024-02-18,10,97.8,132.84,1.06
EP001,2024-02-18,11,93.34,162.32,-1
EP004,2024-02-18,11,95.94,159.74,1.4
EP011,2024-02-18,11,96.8,141.85,0.81
EP012,2024-02-18,11,96.83,127.0,1.01
EP001,2024-02-18,12,95.77,149.72,1.57
EP004,2024-02-18,12,98.19,154.7,1.46
EP011,2024-02-18,12,97.28,130.52,0.74
EP012,2024-02-18,12,96.35,120.02,0.92
EP001,2024-02-18,13,94.98,157.52,1.75
EP004,2024-02-18,13,96.6,157.09,2.28
EP011,2024-02-18,13,96.04,129.56,0.93
EP012,2024-02-18,13,95.09,108.15,0.82
EP001,2024-02-18,14,95.78,156.57,1.86
EP004,2024-02-18,14,96.27,166.45,1.85
EP011,2024-02-18,14,99.4,140.3,0.9
EP012,2024-02-18,14,96.43,110.89,0.92
EP001,2024-02-18,15,94.91,159.72,2.06
EP004,2024-02-18,15,97.8,147.47,1.37
EP012,2024-02-18,15,96.76,108.1,0.77
EP001,2024-02-18,16,95.53,152.44,1.76
EP004,2024-02-18,16,97.87,145.68,1.52
EP004,2024-02-18,16,97.87,145.68,1.52
EP012,2024-02-18,16,96.31,100.65,0.7
EP001,2024-02-18,17,95.18,161.12,0.85
EP004,2024-02-18,17,97.26,145.11,1.43
EP012,2024-02-18,17,94.54,114.13,1.19
EP001,2024-02-18,18,96.1,161.42,1.26
EP004,2024-02-18,18,98.43,139.53,1.59
EP012,2024-02-18,18,93.73,110.27,1.49
EP001,2024-02-18,19,94.76,162.74,1.62
EP004,2024-02-18,19,97.76,135.52,1.77
EP011,2024-02-18,19,96.73,138.18,0.84
EP012,2024-02-18,19,94.11,115.0,1.33
EP001,2024-02-18,20,94.47,148.4,1.09
EP004,2024-02-18,20,97.84,140.89,1.12
EP011,2024-02-18,20,93.09,152.36,1.39
EP012,2024-02-18,20,93.53,114.24,1.72
EP001,2024-02-18,21,94.76,144.9,1.31
EP004,2024-02-18,21,97.0,163.91,1.59
EP011,2024-02-18,21,95.31,121.64,1.21
EP012,2024-02-18,21,94.49,122.11,1.81
EP001,2024-02-18,22,94.15,152.75,1.74
EP004,2024-02-18,22,96.41,161.67,1.79
EP011,2024-02-18,22,95.63,121.38,0.88
EP012,2024-02-18,22,96.72,112.47,2.1
EP001,2024-02-18,23,95.96,146.22,1.28
EP004,2024-02-18,23,95.14,163.66,2.46
EP011,2024-02-18,23,96.66,124.06,0.83
EP012,2024-02-18,23,96.55,122.76,1.94
EP001,2024-02-19,0,94.64,150.96,1.35
EP004,2024-02-19,0,98.69,134.96,1.54
EP011,2024-02-19,0,94.9,130.23,1.21
EP012,2024-02-19,0,96.24,124.16,2.32
EP001,2024-02-19,1,93.67,161.71,1.5
EP004,2024-02-19,1,97.55,134.05,1.52
EP011,2024-02-19,1,93.92,132.7,1.81
EP012,2024-02-19,1,95.42,120.02,1.63
EP001,2024-02-19,2,94.76,158.31,1.54
EP004,2024-02-19,2,97.6,133.36,1.63
EP011,2024-02-19,2,94.71,142.37,1.88
EP012,2024-02-19,2,94.42,117.58,1.62
EP001,2024-02-19,3,94.84,170.6,1.46
EP004,2024-02-19,3,97.91,134.16,1.64
EP011,2024-02-19,3,93.93,138.41,1.68
EP012,2024-02-19,3,94.1,119.67,1.45
EP001,2024-02-19,4,94.8,166.13,1.65
EP004,2024-02-19,4,96.25,142.94,1.87
EP011,2024-02-19,4,92.18,136.18,2.56
EP012,2024-02-19,4,94.13,125.96,1.26
EP001,2024-02-19,5,95.04,163.57,1.85
EP004,2024-02-19,5,96.55,146.98,2.13
EP011,2024-02-19,5,91.25,133.17,2.65
EP012,2024-02-19,5,95.25,115.73,1.26
EP001,2024-02-19,6,95.07,151.0,0.9
EP004,2024-02-19,6,97.66,151.18,1.53
EP011,2024-02-19,6,93.5,137.83,2.17
EP012,2024-02-19,6,96.71,128.08,2.13
EP001,2024-02-19,7,96.83,165.72,1.28
EP004,2024-02-19,7,99.21,152.48,1.33
EP011,2024-02-19,7,93.65,143.47,1.84
EP012,2024-02-19,7,95.94,121.33,1.86
EP001,2024-02-19,8,95.5,161.34,1.0
EP004,2024-02-19,8,98.81,142.85,1.37
EP011,2024-02-19,8,95.04,139.52,1.63
EP011,2024-02-19,8,95.04,139.52,1.63
EP012,2024-02-19,8,96.0,120.5,1.77
EP001,2024-02-19,9,93.72,162.46,1.04
EP004,2024-02-19,9,98.4,150.34,1.41
EP011,2024-02-19,9,94.32,137.16,2.45
EP012,2024-02-19,9,95.92,125.88,
EP001,2024-02-19,10,94.53,151.89,1.06
EP004,2024-02-19,10,98.15,154.73,2.0
EP012,2024-02-19,10,95.24,130.16,1.67
EP001,2024-02-19,11,94.96,164.6,0.97
EP004,2024-02-19,11,98.87,156.98,1.59
EP012,2024-02-19,11,94.74,128.73,1.09
EP001,2024-02-19,12,96.74,148.72,1.24
EP004,2024-02-19,12,98.22,141.17,1.88
EP011,2024-02-19,12,95.48,125.75,1.11
EP012,2024-02-19,12,96.73,123.14,0.85
EP001,2024-02-19,13,95.82,150.85,
EP004,2024-02-19,13,98.06,136.86,2.12
EP011,2024-02-19,13,97.79,124.49,1.16
EP012,2024-02-19,13,97.15,124.65,1.34
EP001,2024-02-19,14,95.06,154.89,1.27
EP004,2024-02-19,14,97.24,141.3,1.92
EP011,2024-02-19,14,97.13,130.51,1.4
EP012,2024-02-19,14,97.29,121.69,0.72
EP001,2024-02-19,15,96.22,157.64,1.01
EP004,2024-02-19,15,99.45,152.86,1.01
EP011,2024-02-19,15,94.23,126.81,1.13
EP012,2024-02-19,15,98.69,117.69,1.03
EP001,2024-02-19,16,97.03,158.9,0.82
EP004,2024-02-19,16,99.08,155.21,1.56
EP011,2024-02-19,16,96.37,124.3,1.26
EP012,2024-02-19,16,99.07,122.0,0.86
EP001,2024-02-19,17,96.14,158.75,0.94
EP004,2024-02-19,17,97.94,152.81,1.77
EP011,2024-02-19,17,97.52,132.29,1.12
EP012,2024-02-19,17,97.4,128.33,0.86
EP001,2024-02-19,18,93.96,158.02,1.31
EP004,2024-02-19,18,99.64,167.03,0.9
EP011,2024-02-19,18,97.82,128.64,0.79
EP012,2024-02-19,18,97.04,128.92,0.84
EP012,2024-02-19,18,97.04,128.92,0.84
EP001,2024-02-19,19,94.28,153.57,1.84
EP004,2024-02-19,19,98.29,150.83,1.81
EP011,2024-02-19,19,96.48,129.22,1.27
EP012,2024-02-19,19,96.47,129.65,0.9
EP001,2024-02-19,20,92.56,159.13,1.3
EP004,2024-02-19,20,96.67,176.47,2.25
EP011,2024-02-19,20,99.5,145.2,1.92
EP012,2024-02-19,20,96.61,134.61,1.18
EP001,2024-02-19,21,93.6,152.16,1.06
EP004,2024-02-19,21,99.61,143.52,1.17
EP011,2024-02-19,21,96.56,130.6,1.12
EP012,2024-02-19,21,97.21,129.72,0.75
EP001,2024-02-19,22,93.11,157.4,1.63
EP004,2024-02-19,22,99.07,135.95,1.97
EP011,2024-02-19,22,96.45,133.29,0.78
EP012,2024-02-19,22,96.53,135.96,0.66
EP012,2024-02-19,22,96.53,135.96,0.66
EP001,2024-02-19,23,94.6,146.91,1.06
EP004,2024-02-19,23,98.26,134.85,2.29
EP011,2024-02-19,23,97.58,137.12,0.98
EP012,2024-02-19,23,97.69,139.53,1.15
EP001,2024-02-20,0,94.38,152.29,1.1
EP004,2024-02-20,0,98.5,164.28,1.73
EP011,2024-02-20,0,95.04,132.77,1.29
EP012,2024-02-20,0,97.93,138.3,0.75
EP001,2024-02-20,1,94.55,160.1,1.34
EP004,2024-02-20,1,98.91,155.93,2.09
EP011,2024-02-20,1,95.14,132.67,1.34
EP012,2024-02-20,1,97.04,136.22,0.83
EP001,2024-02-20,2,95.25,154.85,1.51
EP004,2024-02-20,2,98.31,142.75,1.99
EP011,2024-02-20,2,96.78,134.49,1.33
EP012,2024-02-20,2,96.24,137.61,0.92
EP001,2024-02-20,3,92.18,156.28,1.03
EP004,2024-02-20,3,99.04,157.0,1.81
EP011,2024-02-20,3,92.49,134.53,1.74
EP012,2024-02-20,3,95.59,144.45,0.92
EP001,2024-02-20,4,92.76,164.27,1.28
EP004,2024-02-20,4,98.98,151.54,1.59
EP011,2024-02-20,4,92.61,133.94,2.88
EP012,2024-02-20,4,95.5,148.57,1.01
EP001,2024-02-20,5,91.78,155.78,1.1
EP004,2024-02-20,5,97.78,147.18,1.89
EP011,2024-02-20,5,94.56,127.33,1.77
EP012,2024-02-20,5,95.21,145.1,1.77
EP001,2024-02-20,6,93.7,153.3,0.95
EP004,2024-02-20,6,99.73,150.53,0.96
EP011,2024-02-20,6,96.58,139.56,1.44
EP012,2024-02-20,6,97.65,144.28,1.27
EP001,2024-02-20,7,92.94,155.78,0.91
EP004,2024-02-20,7,99.19,144.94,1.56
EP011,2024-02-20,7,97.0,145.59,1.72
EP012,2024-02-20,7,97.2,141.86,1.14
EP001,2024-02-20,8,93.72,166.74,0.66
EP004,2024-02-20,8,96.69,154.58,1.75
EP011,2024-02-20,8,97.04,138.21,1.46
EP012,2024-02-20,8,96.22,148.16,1.71
EP001,2024-02-20,9,94.72,154.7,0.71
EP004,2024-02-20,9,99.02,160.42,0.74
EP011,2024-02-20,9,98.13,126.21,0.88
EP012,2024-02-20,9,95.98,139.64,1.79
EP001,2024-02-20,10,93.61,159.55,1.19
EP004,2024-02-20,10,95.91,159.55,1.6
EP011,2024-02-20,10,97.31,120.65,1.11
EP012,2024-02-20,10,95.05,144.95,1.74
EP001,2024-02-20,11,92.81,154.94,0.68
EP004,2024-02-20,11,95.37,146.26,1.88
EP011,2024-02-20,11,95.56,128.0,1.06
EP012,2024-02-20,11,96.71,148.21,1.36
EP001,2024-02-20,12,95.84,158.8,0.89
EP004,2024-02-20,12,98.27,143.43,1.66
EP011,2024-02-20,12,94.4,121.24,0.83
EP012,2024-02-20,12,95.89,145.85,1.31
EP001,2024-02-20,13,95.96,156.85,1.09
EP004,2024-02-20,13,98.15,140.4,1.85
EP011,2024-02-20,13,93.48,129.46,1.25
EP012,2024-02-20,13,96.14,148.84,1.42
EP001,2024-02-20,14,95.44,150.09,1.21
EP004,2024-02-20,14,98.02,137.27,1.86
EP011,2024-02-20,14,94.77,132.38,1.35
EP012,2024-02-20,14,97.1,149.04,1.22
EP001,2024-02-20,15,95.3,155.11,1.23
EP004,2024-02-20,15,98.84,148.39,1.39
EP011,2024-02-20,15,95.13,134.92,1.45
EP012,2024-02-20,15,93.92,148.27,1.1
EP001,2024-02-20,16,94.7,163.48,1.2
EP004,2024-02-20,16,99.45,148.43,1.43
EP011,2024-02-20,16,94.17,132.59,1.35
EP012,2024-02-20,16,93.36,148.06,1.39
EP013,2024-02-20,16,91.29,130.56,2.02
EP001,2024-02-20,17,94.26,170.21,1.25
EP004,2024-02-20,17,98.48,172.11,1.44
EP011,2024-02-20,17,94.65,130.4,2.07
EP012,2024-02-20,17,93.93,166.54,1.07
EP013,2024-02-20,17,92.57,120.49,1.29
EP001,2024-02-20,18,96.04,167.42,1.24
EP004,2024-02-20,18,95.51,153.85,1.35
EP011,2024-02-20,18,96.27,128.18,1.56
EP012,2024-02-20,18,94.74,161.54,1.05
EP013,2024-02-20,18,95.52,121.85,1.1
EP001,2024-02-20,19,96.1,158.59,0.98
EP004,2024-02-20,19,96.51,137.09,25
EP011,2024-02-20,19,95.18,131.55,1.68
EP012,2024-02-20,19,94.44,151.92,0.81
EP013,2024-02-20,19,94.15,128.42,1.43
EP001,2024-02-20,20,93.54,153.79,0.98
EP004,2024-02-20,20,96.33,146.67,1.48
EP011,2024-02-20,20,95.57,139.39,2.01
EP012,2024-02-20,20,91.55,156.2,0.9
EP013,2024-02-20,20,96.43,124.92,1.47
EP001,2024-02-20,21,96.03,145.08,0.64
EP004,2024-02-20,21,97.85,152.19,0.97
EP011,2024-02-20,21,97.82,142.44,1.1
EP012,2024-02-20,21,94.13,159.91,1.02
EP013,2024-02-20,21,96.21,130.09,1.18
EP001,2024-02-20,22,"94,09",148.7,1.17
EP004,2024-02-20,22,96.91,143.62,1.3
EP011,2024-02-20,22,93.31,134.77,2.67
EP012,2024-02-20,22,94.17,164.15,1.49
EP013,2024-02-20,22,95.11,139.24,1.11
EP001,2024-02-20,23,94.09,151.11,1.34
EP004,2024-02-20,23,96.94,154.94,1.26
EP011,2024-02-20,23,91.59,131.0,2.28
EP012,2024-02-20,23,93.24,168.43,1.36
EP013,2024-02-20,23,95.57,132.45,1.27
EP001,2024-02-21,0,94.04,147.19,1.3
EP004,2024-02-21,0,98.84,144.74,1.56
EP011,2024-02-21,0,94.42,131.16,1.73
EP012,2024-02-21,0,96.08,146.76,1.36
EP013,2024-02-21,0,94.12,129.86,1.34
EP001,2024-02-21,1,94.52,149.6,1.33
EP004,2024-02-21,1,98.7,149.31,2.07
EP011,2024-02-21,1,91.92,140.53,1.62
EP012,2024-02-21,1,95.72,145.89,1.54
EP013,2024-02-21,1,92.53,135.56,1.44
EP001,2024-02-21,2,94.44,150.44,1.41
EP004,2024-02-21,2,98.22,148.24,1.56
EP011,2024-02-21,2,98.0,139.87,1.58
EP012,2024-02-21,2,95.17,,1.77
EP013,2024-02-21,2,93.1,136.31,0.99
EP001,2024-02-21,3,93.52,163.81,1.54
EP004,2024-02-21,3,99.24,146.45,1.53
EP011,2024-02-21,3,97.87,142.22,1.86
EP012,2024-02-21,3,95.18,146.58,2.0
EP013,2024-02-21,3,94.2,142.33,1.3
EP001,2024-02-21,4,94.19,166.58,1.53
EP004,2024-02-21,4,99.11,145.91,1.49
EP011,2024-02-21,4,98.4,147.8,1.44
EP012,2024-02-21,4,95.92,157.14,1.88
EP013,2024-02-21,4,97.84,144.49,1.66
EP001,2024-02-21,5,96.42,156.16,0.93
EP004,2024-02-21,5,97.9,165.58,1.6
EP011,2024-02-21,5,95.58,142.29,1.71
EP012,2024-02-21,5,95.3,153.0,1.9
EP013,2024-02-21,5,92.61,156.5,2.4
EP001,2024-02-21,6,95.92,158.44,1.51
EP004,2024-02-21,6,97.36,154.66,1.72
EP011,2024-02-21,6,90.24,141.37,1.75
EP012,2024-02-21,6,94.43,156.43,0.96
EP013,2024-02-21,6,92.0,152.88,1.38
EP001,2024-02-21,7,94.0,155.43,1.16
EP004,2024-02-21,7,97.56,144.44,1.96
EP011,2024-02-21,7,91.71,144.55,1.85
EP012,2024-02-21,7,92.59,157.33,1.28
EP013,2024-02-21,7,90.4,146.38,1.19
EP001,2024-02-21,8,95.02,163.57,1.0
EP004,2024-02-21,8,95.91,166.0,1.38
EP011,2024-02-21,8,93.76,138.87,1.55
EP012,2024-02-21,8,94.16,161.6,1.67
EP013,2024-02-21,8,91.51,155.78,1.21
EP001,2024-02-21,9,97.82,149.38,0.8
EP004,2024-02-21,9,98.34,134.87,1.37
EP011,2024-02-21,9,94.89,142.0,1.73
EP012,2024-02-21,9,95.63,150.44,1.45
EP013,2024-02-21,9,91.96,142.91,1.22
EP001,2024-02-21,10,97.21,148.98,0.9
EP004,2024-02-21,10,96.75,140.08,2.29
EP011,2024-02-21,10,95.04,142.96,1.3
EP012,2024-02-21,10,93.63,148.3,1.33
EP013,2024-02-21,10,93.88,143.84,1.17
EP001,2024-02-21,11,95.15,153.91,0.81
EP004,2024-02-21,11,96.67,174.82,1.18
EP011,2024-02-21,11,94.17,139.63,1.79
EP012,2024-02-21,11,94.56,161.91,1.4
EP013,2024-02-21,11,94.45,134.82,2.19
EP001,2024-02-21,12,95.69,142.41,0.99
EP004,2024-02-21,12,98.89,156.09,1.0
EP011,2024-02-21,12,95.55,134.19,1.14
EP012,2024-02-21,12,94.63,143.67,1.31
EP013,2024-02-21,12,95.85,139.33,1.57
EP001,2024-02-21,13,97.31,143.27,1.06
EP004,2024-02-21,13,98.69,143.83,1.44
EP011,2024-02-21,13,94.05,136.32,1.01
EP012,2024-02-21,13,95.27,150.64,1.17
EP013,2024-02-21,13,96.11,145.51,0.9
EP001,2024-02-21,14,94.49,152.31,0.97
EP004,2024-02-21,14,96.35,163.73,1.83
EP011,2024-02-21,14,91.09,136.09,1.25
EP012,2024-02-21,14,94.98,159.09,1.21
EP013,2024-02-21,14,96.76,146.39,0.9
EP001,2024-02-21,15,96.75,151.67,1.01
EP004,2024-02-21,15,98.74,152.65,1.02
EP011,2024-02-21,15,92.95,139.9,0.97
EP012,2024-02-21,15,95.02,157.42,0.89
EP013,2024-02-21,15,96.34,146.17,1.06
EP001,2024-02-21,16,96.02,151.51,0.9
EP004,2024-02-21,16,97.98,153.84,2.03
EP011,2024-02-21,16,91.76,143.15,1.87
EP012,2024-02-21,16,95.63,163.7,1.28
EP013,2024-02-21,16,95.37,143.93,1.76
EP001,2024-02-21,17,93.46,163.41,0.97
EP004,2024-02-21,17,98.14,149.37,2.01
EP011,2024-02-21,17,93.43,144.1,1.86
EP012,2024-02-21,17,95.02,162.44,1.29
EP013,2024-02-21,17,95.94,142.54,1.28
EP001,2024-02-21,18,95.81,157.79,1.02
EP004,2024-02-21,18,98.5,143.76,2.45
EP011,2024-02-21,18,93.66,133.43,1.52
EP012,2024-02-21,18,94.92,153.79,1.19
EP013,2024-02-21,18,95.6,144.26,1.94
EP001,2024-02-21,19,95.44,146.8,0.89
EP004,2024-02-21,19,97.25,166.68,2.65
EP011,2024-02-21,19,90.52,135.87,1.46
EP012,2024-02-21,19,95.48,149.73,1.14
EP013,2024-02-21,19,94.84,146.37,2.05
EP001,2024-02-21,20,94.79,160.77,0.97
EP004,2024-02-21,20,98.75,165.03,1.54
EP011,2024-02-21,20,93.48,140.73,1.45
EP012,2024-02-21,20,95.38,157.6,1.27
EP013,2024-02-21,20,95.17,145.0,1.94
EP001,2024-02-21,21,96.89,174.62,0.81
EP004,2024-02-21,21,98.48,154.42,1.88
EP011,2024-02-21,21,90.04,133.27,1.52
EP012,2024-02-21,21,95.09,151.09,1.4
EP013,2024-02-21,21,95.43,144.43,1.65
EP001,2024-02-21,22,97.87,162.4,0.95
EP004,2024-02-21,22,97.73,147.94,2.45
EP011,2024-02-21,22,92.4,138.13,1.65
EP012,2024-02-21,22,94.06,153.66,1.53
EP013,2024-02-21,22,93.92,146.84,2.18
EP001,2024-02-21,23,96.06,153.83,0.85
EP004,2024-02-21,23,96.76,153.21,1.41
EP011,2024-02-21,23,94.46,146.0,2.23
EP012,2024-02-21,23,95.27,161.22,1.6
EP013,2024-02-21,23,96.44,156.56,1.41
EP001,2024-02-22,0,95.94,148.02,1.05
EP004,2024-02-22,0,98.8,145.49,0.86
EP011,2024-02-22,0,92.7,132.61,1.57
EP012,2024-02-22,0,95.4,165.24,1.44
EP013,2024-02-22,0,96.36,147.29,1.01
EP001,2024-02-22,1,96.61,152.12,0.91
EP004,2024-02-22,1,96.78,144.57,1.31
EP011,2024-02-22,1,91.22,139.8,2.2
EP012,2024-02-22,1,94.42,166.09,2.21
EP013,2024-02-22,1,96.4,147.38,1.06
EP001,2024-02-22,2,94.4,156.08,1.0
EP004,2024-02-22,2,96.55,145.69,1.4
EP011,2024-02-22,2,92.98,136.49,1.48
EP012,2024-02-22,2,94.26,160.93,2.14
EP013,2024-02-22,2,97.04,147.73,0.97
EP001,2024-02-22,3,95.64,159.77,1.07
EP004,2024-02-22,3,97.57,150.88,1.27
EP011,2024-02-22,3,92.42,137.98,1.62
EP012,2024-02-22,3,95.24,163.92,1.57
EP013,2024-02-22,3,97.02,147.98,1.02
EP001,2024-02-22,4,96.0,160.85,1.42
EP004,2024-02-22,4,96.65,151.27,1.49
EP011,2024-02-22,4,95.66,146.31,2.02
EP012,2024-02-22,4,94.81,160.02,1.97
EP013,2024-02-22,4,96.69,153.79,1.19
EP001,2024-02-22,5,94.91,160.96,1.38
EP004,2024-02-22,5,96.58,180.2,1.91
EP011,2024-02-22,5,94.72,140.62,2.39
EP012,2024-02-22,5,94.33,170.66,1.78
EP013,2024-02-22,5,96.55,158.55,1.34
EP014,2024-02-22,5,95.87,130.96,0.8
EP001,2024-02-22,6,92.62,173.93,0.86
EP004,2024-02-22,6,97.88,143.57,1.11
EP011,2024-02-22,6,93.2,135.02,1.97
EP012,2024-02-22,6,94.63,163.24,1.04
EP013,2024-02-22,6,96.2,146.14,1.14
EP014,2024-02-22,6,92.29,128.37,1.15
EP001,2024-02-22,7,93.6,159.33,1.8
EP004,2024-02-22,7,98.57,158.45,1.62
EP011,2024-02-22,7,93.56,133.21,1.7
EP012,2024-02-22,7,93.77,155.51,1.13
EP013,2024-02-22,7,95.73,146.48,1.33
EP014,2024-02-22,7,92.18,130.05,1.27
EP001,2024-02-22,8,91.34,149.69,1.28
EP004,2024-02-22,8,97.41,148.86,1.62
EP011,2024-02-22,8,92.28,135.62,1.86
EP012,2024-02-22,8,94.35,165.12,1.13
EP013,2024-02-22,8,96.15,155.54,1.55
EP014,2024-02-22,8,95.06,126.22,1.12
EP001,2024-02-22,9,92.69,142.57,0.78
EP004,2024-02-22,9,98.33,158.76,1.19
EP011,2024-02-22,9,94.92,147.2,1.94
EP012,2024-02-22,9,95.68,163.82,1.35
EP013,2024-02-22,9,96.32,143.98,1.4
EP014,2024-02-22,9,94.0,123.58,1.27
EP001,2024-02-22,10,93.09,137.43,1.02
EP004,2024-02-22,10,99.26,162.4,1.3
EP011,2024-02-22,10,98.13,139.34,1.48
EP012,2024-02-22,10,93.84,168.41,1.76
EP013,2024-02-22,10,96.0,148.1,1.38
EP014,2024-02-22,10,95.27,120.61,1.51
EP001,2024-02-22,11,95.43,141.4,1.07
EP004,2024-02-22,11,97.53,168.02,1.71
EP011,2024-02-22,11,94.97,141.29,1.43
EP012,2024-02-22,11,95.2,162.07,2.26
EP013,2024-02-22,11,95.28,148.67,1.75
EP014,2024-02-22,11,94.7,121.13,1.76
EP001,2024-02-22,12,95.3,142.6,1.08
EP004,2024-02-22,12,98.58,140.42,1.14
EP011,2024-02-22,12,91.67,130.77,1.46
EP012,2024-02-22,12,95.72,164.45,1.34
EP013,2024-02-22,12,97.37,140.8,2.28
EP014,2024-02-22,12,95.18,130.24,1.75
EP001,2024-02-22,13,95.87,148.58,1.25
EP004,2024-02-22,13,98.88,143.43,50
EP011,2024-02-22,13,91.43,156.86,2.83
EP012,2024-02-22,13,95.06,161.7,1.61
EP013,2024-02-22,13,97.64,140.04,1.65
EP014,2024-02-22,13,95.81,134.62,1.73
EP001,2024-02-22,14,96.09,147.77,1.36
EP004,2024-02-22,14,98.07,138.37,1.81
EP012,2024-02-22,14,95.98,172.41,1.47
EP013,2024-02-22,14,97.35,145.35,1.7
EP014,2024-02-22,14,94.96,123.06,1.86
EP001,2024-02-22,15,95.9,145.4,1.18
EP004,2024-02-22,15,98.74,146.09,1.73
EP012,2024-02-22,15,94.91,163.34,0.97
EP013,2024-02-22,15,96.59,147.67,1.71
EP014,2024-02-22,15,95.98,116.67,1.58
EP001,2024-02-22,16,94.84,146.5,1.14
EP004,2024-02-22,16,98.0,149.28,1.88
EP012,2024-02-22,16,96.36,171.94,1.13
EP013,2024-02-22,16,97.59,146.96,1.77
EP014,2024-02-22,16,96.5,120.76,1.37
EP004,2024-02-22,17,97.5,151.17,1.92
EP012,2024-02-22,17,94.19,166.58,1.47
EP013,2024-02-22,17,97.15,146.7,1.65
EP014,2024-02-22,17,94.16,123.16,1.1
EP004,2024-02-22,18,99.21,168.69,1.5
EP012,2024-02-22,18,94.52,163.11,1.28
EP013,2024-02-22,18,97.8,142.32,1.6
EP014,2024-02-22,18,92.43,117.77,0.92
EP004,2024-02-22,19,98.49,160.26,1.79
EP012,2024-02-22,19,95.98,158.92,1.39
EP013,2024-02-22,19,96.07,159.0,1.83
EP014,2024-02-22,19,96.48,104.17,0.75
EP004,2024-02-22,20,96.5,167.44,2.3
EP012,2024-02-22,20,94.77,152.37,1.37
EP013,2024-02-22,20,94.5,152.7,2.09
EP014,2024-02-22,20,95.7,102.98,0.85
EP004,2024-02-22,21,98.92,163.02,1.48
EP012,2024-02-22,21,95.05,167.28,1.19
EP013,2024-02-22,21,96.39,154.43,2.24
EP014,2024-02-22,21,94.85,110.38,0.89
EP004,2024-02-22,22,98.98,173.04,1.68
EP012,2024-02-22,22,95.28,161.15,1.47
EP013,2024-02-22,22,95.56,155.64,2.66
EP014,2024-02-22,22,94.37,118.21,0.73
EP004,2024-02-22,23,97.91,520,1.9
EP012,2024-02-22,23,94.14,157.37,1.75
EP013,2024-02-22,23,92.75,171.75,2.61
EP014,2024-02-22,23,97.57,111.53,1.88
EP004,2024-02-23,0,97.04,160.78,2.39
EP012,2024-02-23,0,94.44,161.02,1.18
EP013,2024-02-23,0,93.87,154.91,2.04
EP014,2024-02-23,0,97.34,108.34,1.83
EP015,2024-02-23,0,96.43,145.79,2.1
EP004,2024-02-23,1,97.35,137.08,3.57
EP012,2024-02-23,1,96.26,175.96,1.07
EP013,2024-02-23,1,93.26,169.12,2.79
EP014,2024-02-23,1,96.26,116.09,1.32
EP015,2024-02-23,1,96.37,143.31,2.89
EP004,2024-02-23,2,97.73,140.2,3.35
EP012,2024-02-23,2,94.93,162.65,0.97
EP013,2024-02-23,2,94.0,155.91,2.95
EP014,2024-02-23,2,95.39,120.52,1.12
EP015,2024-02-23,2,94.54,148.9,2.7
EP004,2024-02-23,3,97.77,143.64,3.16
EP012,2024-02-23,3,94.21,169.06,1.43
EP013,2024-02-23,3,93.91,157.94,2.54
EP014,2024-02-23,3,95.48,122.71,1.32
EP015,2024-02-23,3,91.49,157.88,2.42
EP004,2024-02-23,4,98.06,139.22,2.37
EP012,2024-02-23,4,92.71,"164,24",1.87
EP013,2024-02-23,4,94.66,150.21,2.09
EP014,2024-02-23,4,94.82,127.1,1.72
EP015,2024-02-23,4,91.23,166.89,1.93
EP004,2024-02-23,5,98.34,136.43,2.35
EP012,2024-02-23,5,93.76,164.92,1.42
EP013,2024-02-23,5,95.53,150.71,1.94
EP014,2024-02-23,5,96.07,121.64,1.27
EP015,2024-02-23,5,92.46,172.82,1.41
EP004,2024-02-23,6,98.92,150.56,1.12
EP012,2024-02-23,6,95.24,170.61,1.36
EP013,2024-02-23,6,94.34,143.13,1.88
EP014,2024-02-23,6,96.48,125.15,1.69
EP015,2024-02-23,6,92.41,154.22,1.02
EP004,2024-02-23,7,99.77,159.4,1.61
EP012,2024-02-23,7,94.11,162.78,1.4
EP013,2024-02-23,7,94.43,144.8,2.05
EP014,2024-02-23,7,95.83,119.21,1.88
EP015,2024-02-23,7,92.59,145.02,0.73
EP016,2024-02-23,7,90.85,141.51,0.79
EP004,2024-02-23,8,99.39,149.82,1.54
EP012,2024-02-23,8,95.16,159.9,1.83
EP013,2024-02-23,8,95.14,137.2,1.64
EP014,2024-02-23,8,95.91,120.81,1.82
EP015,2024-02-23,8,91.98,141.02,0.55
EP016,2024-02-23,8,96.41,133.64,0.84
EP004,2024-02-23,9,99.11,161.0,1.03
EP012,2024-02-23,9,94.41,160.39,1.25
EP013,2024-02-23,9,94.23,146.66,1.34
EP014,2024-02-23,9,96.81,132.98,0.95
EP015,2024-02-23,9,94.31,146.36,1.16
EP016,2024-02-23,9,95.56,129.42,0.54
EP004,2024-02-23,10,98.9,155.46,1.49
EP012,2024-02-23,10,94.98,160.96,1.33
EP013,2024-02-23,10,93.87,146.38,1.36
EP014,2024-02-23,10,92.28,131.33,0.99
EP015,2024-02-23,10,91.94,127.08,0.76
EP016,2024-02-23,10,92.47,135.94,0.72
EP004,2024-02-23,11,98.24,159.43,1.4
EP012,2024-02-23,11,96.02,163.77,1.27
EP013,2024-02-23,11,94.9,144.05,1.52
EP014,2024-02-23,11,96.08,116.43,0.91
EP015,2024-02-23,11,91.04,120.29,1.02
EP016,2024-02-23,11,91.47,134.33,0.92
EP004,2024-02-23,12,98.74,144.56,0.92
EP012,2024-02-23,12,95.94,163.02,1.89
EP013,2024-02-23,12,94.13,144.42,1.33
EP014,2024-02-23,12,97.43,113.04,0.79
EP015,2024-02-23,12,90.75,127.15,0.71
EP016,2024-02-23,12,95.04,130.94,0.82
EP004,2024-02-23,13,98.65,141.2,1.36
EP012,2024-02-23,13,95.08,161.29,1.66
EP013,2024-02-23,13,93.68,156.02,1.3
EP014,2024-02-23,13,95.58,117.67,0.91
EP015,2024-02-23,13,88.91,134.7,1.03
EP016,2024-02-23,13,94.79,129.68,0.66
EP004,2024-02-23,14,97.68,142.68,1.56
EP012,2024-02-23,14,94.2,159.09,1.76
EP013,2024-02-23,14,95.2,151.18,1.6
EP014,2024-02-23,14,93.55,122.55,0.91
EP015,2024-02-23,14,89.17,131.17,0.82
EP016,2024-02-23,14,93.91,129.6,0.71
EP004,2024-02-23,15,98.29,157.36,0.89
EP012,2024-02-23,15,95.32,162.58,1.33
EP013,2024-02-23,15,95.9,154.27,1.95
EP014,2024-02-23,15,94.98,124.33,1.23
EP015,2024-02-23,15,91.63,127.63,0.71
EP016,2024-02-23,15,94.26,131.74,0.69
EP004,2024-02-23,16,98.21,156.46,1.64
EP012,2024-02-23,16,96.39,164.75,1.44
EP013,2024-02-23,16,93.22,166.59,1.94
EP014,2024-02-23,16,93.96,119.18,1.84
EP015,2024-02-23,16,104,139.53,0.87
EP016,2024-02-23,16,93.94,131.19,0.66
EP004,2024-02-23,17,97.05,158.74,1.82
EP012,2024-02-23,17,95.79,158.79,1.56
EP013,2024-02-23,17,94.38,146.62,1.54
EP014,2024-02-23,17,95.46,124.65,2.71
EP015,2024-02-23,17,93.43,130.51,0.9
EP016,2024-02-23,17,92.9,135.22,0.61
EP004,2024-02-23,18,99.15,149.54,0.92
EP012,2024-02-23,18,94.69,153.76,1.18
EP013,2024-02-23,18,93.22,152.02,1.36
EP014,2024-02-23,18,95.24,134.72,2.39
EP015,2024-02-23,18,95.38,131.9,0.83
EP016,2024-02-23,18,91.62,138.93,1.02
EP004,2024-02-23,19,98.64,154.45,1.56
EP012,2024-02-23,19,95.07,151.0,1.34
EP013,2024-02-23,19,93.12,149.25,1.21
EP014,2024-02-23,19,94.23,124.17,1.07
EP015,2024-02-23,19,94.24,133.24,0.64
EP016,2024-02-23,19,92.83,136.89,0.94
EP004,2024-02-23,20,97.5,164.16,1.44
EP012,2024-02-23,20,94.6,157.9,1.38
EP013,2024-02-23,20,93.68,154.17,1.56
EP014,2024-02-23,20,93.44,122.19,0.9
EP015,2024-02-23,20,93.0,137.11,0.81
EP 016,2024-02-23,20,92.73,145.47,0.66
EP004,2024-02-23,21,99.4,154.6,1.13
EP012,2024-02-23,21,94.44,159.71,99
EP013,2024-02-23,21,,147.6,1.64
EP014,2024-02-23,21,95.98,124.65,0.92
EP015,2024-02-23,21,93.85,138.85,1.24
EP016,2024-02-23,21,93.32,129.84,1.48
EP004,2024-02-23,22,98.91,144.48,1.3
EP012,2024-02-23,22,95.05,156.14,1.83
EP013,2024-02-23,22,95.27,147.07,1.7
EP014,2024-02-23,22,94.16,126.43,1.19
EP015,2024-02-23,22,92.85,134.94,0.85
EP016,2024-02-23,22,91.87,134.94,1.4
EP004,2024-02-23,23,98.17,147.11,1.29
EP012,2024-02-23,23,95.19,159.98,1.34
EP013,2024-02-23,23,95.71,149.94,1.64
EP014,2024-02-23,23,93.52,128.74,1.39
EP015,2024-02-23,23,91.02,143.49,0.91
EP016,2024-02-23,23,95.17,142.19,0.91
EP004,2024-02-24,0,98.19,174.38,1.4
EP012,2024-02-24,0,95.55,159.47,1.31
EP013,2024-02-24,0,96.44,151.98,1.45
EP014,2024-02-24,0,93.98,120.71,1.34
EP015,2024-02-24,0,93.48,141.48,1.06
EP016,2024-02-24,0,97.16,138.58,1.03
EP004,2024-02-24,1,98.59,142.9,1.71
EP012,2024-02-24,1,94.35,156.0,
EP013,2024-02-24,1,94.6,157.0,1.84
EP014,2024-02-24,1,92.52,113.77,1.29
EP015,2024-02-24,1,93.59,141.14,0.97
EP016,2024-02-24,1,96.04,130.67,0.91
EP004,2024-02-24,2,98.0,140.02,2.12
EP012,2024-02-24,2,94.94,155.19,1.34
EP013,2024-02-24,2,93.19,157.72,2.09
EP014,2024-02-24,2,92.71,114.61,2.66
EP015,2024-02-24,2,93.29,143.35,1.34
EP016,2024-02-24,2,94.79,132.13,0.88
EP004,2024-02-24,3,98.65,150.13,2.0
EP012,2024-02-24,3,95.14,155.07,1.44
EP013,2024-02-24,3,92.34,162.22,2.61
EP014,2024-02-24,3,93.33,126.69,2.22
EP015,2024-02-24,3,92.35,147.88,0.97
EP016,2024-02-24,3,93.42,137.08,1.04
EP004,2024-02-24,4,98.45,148.0,2.43
EP012,2024-02-24,4,95.02,150.77,1.38
EP013,2024-02-24,4,93.08,156.67,2.22
EP014,2024-02-24,4,96.0,143.62,1.81
EP015,2024-02-24,4,92.42,156.94,0.67
EP016,2024-02-24,4,94.57,139.73,0.79
EP004,2024-02-24,5,98.51,143.1,1.91
EP012,2024-02-24,5,95.74,150.26,1.33
EP013,2024-02-24,5,92.34,159.4,1.98
EP014,2024-02-24,5,94.04,135.94,1.39
EP015,2024-02-24,5,94.74,165.97,0.63
EP016,2024-02-24,5,95.06,135.2,0.79
EP004,2024-02-24,6,98.97,158.74,1.12
EP012,2024-02-24,6,96.07,169.0,0.87
EP013,2024-02-24,6,97.04,149.77,1.4
EP014,2024-02-24,6,94.12,142.13,1.67
EP015,2024-02-24,6,88.13,162.7,1.29
EP016,2024-02-24,6,93.18,135.68,0.99
EP004,2024-02-24,7,98.56,148.12,1.43
EP012,2024-02-24,7,94.43,159.55,1.22
EP013,2024-02-24,7,97.26,145.57,1.66
EP014,2024-02-24,7,94.9,136.59,1.79
EP015,2024-02-24,7,89.86,152.68,1.33
EP016,2024-02-24,7,94.37,135.53,0.75
EP004,2024-02-24,8,98.32,146.91,1.67
EP012,2024-02-24,8,94.45,153.61,1.4
EP013,2024-02-24,8,96.32,142.42,1.81
EP014,2024-02-24,8,97.37,128.2,1.08
EP015,2024-02-24,8,90.24,156.1,0.71
EP016,2024-02-24,8,97.16,138.45,0.66
EP004,2024-02-24,9,98.43,161.55,1.57
EP012,2024-02-24,9,95.91,157.48,1.36
EP013,2024-02-24,9,96.68,143.84,1.85
EP014,2024-02-24,9,95.48,127.06,1.57
EP015,2024-02-24,9,90.45,154.91,1.09
EP016,2024-02-24,9,95.96,139.51,0.68
EP004,2024-02-24,10,99.16,147.04,1.11
EP012,2024-02-24,10,94.48,156.83,2.57
EP013,2024-02-24,10,96.51,149.73,1.64
EP014,2024-02-24,10,94.42,148.02,1.9
EP015,2024-02-24,10,91.71,144.0,1.12
EP016,2024-02-24,10,95.84,143.12,0.67
EP004,2024-02-24,11,99.25,162.95,1.38
EP012,2024-02-24,11,94.36,162.55,1.8
EP013,2024-02-24,11,98.72,144.91,1.21
EP014,2024-02-24,11,96.23,144.4,1.46
EP015,2024-02-24,11,96.0,147.73,0.95
EP016,2024-02-24,11,95.26,146.21,0.99
EP004,2024-02-24,12,99.91,149.71,0.78
EP012,2024-02-24,12,96.57,170.26,1.1
EP013,2024-02-24,12,98.67,142.38,1.06
EP014,2024-02-24,12,95.33,129.63,1.11
EP015,2024-02-24,12,93.78,150.89,0.85
EP016,2024-02-24,12,95.73,145.23,0.94
EP004,2024-02-24,13,98.96,146.68,1.1
EP012,2024-02-24,13,96.78,161.61,0.86
EP013,2024-02-24,13,98.15,140.94,0.99
EP014,2024-02-24,13,96.25,124.44,1.0
EP015,2024-02-24,13,94.34,158.09,0.83
EP016,2024-02-24,13,95.12,136.2,0.96
EP004,2024-02-24,14,97.76,149.39,1.53
EP012,2024-02-24,14,95.64,149.84,1.05
EP013,2024-02-24,14,98.2,142.18,1.18
EP014,2024-02-24,14,95.72,120.3,1.59
EP015,2024-02-24,14,96.43,158.28,0.8
EP016,2024-02-24,14,93.78,142.04,0.99
EP004,2024-02-24,15,98.02,173.85,1.38
EP012,2024-02-24,15,95.65,144.47,1.07
EP013,2024-02-24,15,99.39,150.76,1.37
EP014,2024-02-24,15,96.69,137.6,1.1
EP015,2024-02-24,15,94.69,156.71,0.88
EP016,2024-02-24,15,91.85,150.63,1.01
EP004,2024-02-24,16,98.98,181.7,1.24
EP012,2024-02-24,16,95.47,149.38,1.17
EP013,2024-02-24,16,97.93,152.34,1.17
EP014,2024-02-24,16,92.14,134.34,1.23
EP015,2024-02-24,16,96.45,157.04,0.65
EP016,2024-02-24,16,93.64,138.8,1.09
EP004,2024-02-24,17,96.19,170.8,1.37
EP012,2024-02-24,17,94.82,143.45,1.23
EP013,2024-02-24,17,97.83,149.35,1.37
EP014,2024-02-24,17,96.67,120.6,0.66
EP015,2024-02-24,17,93.32,153.73,0.59
EP016,2024-02-24,17,93.96,137.47,0.83
EP004,2024-02-24,18,98.41,147.0,
EP012,2024-02-24,18,95.08,159.63,0.98
EP013,2024-02-24,18,97.09,149.95,1.22
EP014,2024-02-24,18,97.19,131.5,0.66
EP015,2024-02-24,18,92.71,156.02,0.59
EP016,2024-02-24,18,93.97,,0.8
EP004,2024-02-24,19,98.48,144.02,1.9
EP012,2024-02-24,19,94.84,152.96,0.74
EP013,2024-02-24,19,96.46,146.18,1.83
EP014,2024-02-24,19,96.54,136.79,0.73
EP015,2024-02-24,19,95.34,158.64,0.61
EP016,2024-02-24,19,94.98,133.2,0.79
EP004,2024-02-24,20,97.2,,2.15
EP012,2024-02-24,20,94.43,154.65,0.93
EP013,2024-02-24,20,96.84,140.35,2.14
EP014,2024-02-24,20,95.5,134.43,1.17
EP015,2024-02-24,20,96.22,165.35,0.73
EP016,2024-02-24,20,91.48,136.8,0.89
EP004,2024-02-24,21,97.51,155.9,1.77
EP012,2024-02-24,21,95.0,148.52,1.01
EP013,2024-02-24,21,96.7,138.93,1.88
EP014,2024-02-24,21,96.18,138.48,0.76
EP015,2024-02-24,21,94.42,167.44,0.76
EP016,2024-02-24,21,95.2,122.82,1.02
EP004,2024-02-24,22,97.09,149.98,2.19
EP012,2024-02-24,22,94.94,148.98,1.2
EP013,2024-02-24,22,96.33,141.33,2.02
EP014,2024-02-24,22,96.94,121.55,0.76
EP015,2024-02-24,22,91.96,174.38,1.21
EP016,2024-02-24,22,94.72,133.89,0.85
EP004,2024-02-24,23,97.61,144.35,1.9
EP012,2024-02-24,23,96.88,151.78,1.13
EP013,2024-02-24,23,96.82,139.67,1.63
EP014,2024-02-24,23,94.78,120.54,1.05
EP015,2024-02-24,23,97.41,163.08,0.89
EP016,2024-02-24,23,94.29,140.31,0.89
EP004,2024-02-25,0,99.22,145.88,1.14
EP012,2024-02-25,0,94.98,154.24,1.17
EP013,2024-02-25,0,97.52,0,1.51
EP014,2024-02-25,0,97.22,125.86,0.91
EP015,2024-02-25,0,96.3,161.57,0.73
EP016,2024-02-25,0,94.07,140.39,1.19
EP004,2024-02-25,1,99.43,140.51,1.38
EP012,2024-02-25,1,94.67,154.0,1.4
EP013,2024-02-25,1,97.11,145.31,1.41
EP014,2024-02-25,1,93.79,135.33,1.02
EP015,2024-02-25,1,96.06,164.27,0.67
EP016,2024-02-25,1,93.84,135.08,1.29
EP004,2024-02-25,2,99.08,146.29,1.3
EP012,2024-02-25,2,94.2,155.71,1.57
EP013,2024-02-25,2,96.91,138.22,1.5
EP014,2024-02-25,2,94.67,142.73,1.08
EP015,2024-02-25,2,96.09,165.57,0.7
EP016,2024-02-25,2,94.81,138.67,1.36
EP004,2024-02-25,3,98.98,148.85,0.94
EP012,2024-02-25,3,95.2,160.49,1.27
EP013,2024-02-25,3,96.86,144.53,1.43
EP014,2024-02-25,3,94.69,159.94,0.92
EP015,2024-02-25,3,96.51,164.38,0.78
EP016,2024-02-25,3,95.28,140.76,1.23
EP004,2024-02-25,4,98.23,148.94,1.59
EP012,2024-02-25,4,95.02,156.31,1.21
EP013,2024-02-25,4,96.42,142.17,1.58
EP014,2024-02-25,4,97.62,167.17,1.01
EP015,2024-02-25,4,95.74,164.02,0.89
EP016,2024-02-25,4,95.62,139.7,1.23
EP004,2024-02-25,5,98.69,155.92,1.47
EP012,2024-02-25,5,93.7,153.04,1.31
EP013,2024-02-25,5,96.04,143.91,1.58
EP014,2024-02-25,5,94.08,146.35,0.96
EP015,2024-02-25,5,92.31,172.02,1.25
EP016,2024-02-25,5,94.15,140.79,1.12
EP004,2024-02-25,6,98.69,146.42,1.52
EP012,2024-02-25,6,94.86,164.29,1.15
EP013,2024-02-25,6,98.06,135.63,1.06
EP014,2024-02-25,6,90.98,152.08,1.25
EP015,2024-02-25,6,93.53,170.74,1.26
EP016,2024-02-25,6,95.08,148.38,1.06
EP004,2024-02-25,7,99.0,162.55,1.66
EP012,2024-02-25,7,95.74,159.28,1.18
EP013,2024-02-25,7,97.07,135.91,1.03
EP014,2024-02-25,7,93.78,145.38,1.31
EP015,2024-02-25,7,94.54,164.65,1.08
EP016,2024-02-25,7,95.52,136.3,0.92
EP004,2024-02-25,8,97.33,161.0,1.28
EP012,2024-02-25,8,95.64,164.74,1.57
EP013,2024-02-25,8,96.27,135.96,1.37
EP014,2024-02-25,8,94.79,152.88,1.25
EP015,2024-02-25,8,94.38,166.66,1.5
EP016,2024-02-25,8,94.44,139.7,1.06
EP004,2024-02-25,9,98.53,152.82,1.41
EP012,2024-02-25,9,95.54,159.8,1.53
EP013,2024-02-25,9,96.98,145.49,1.25
EP014,2024-02-25,9,90.39,135.94,1.07
EP015,2024-02-25,9,94.27,161.24,1.11
EP016,2024-02-25,9,94.5,145.7,0.96
EP004,2024-02-25,10,98.45,147.86,2.09
EP012,2024-02-25,10,95.94,158.58,1.28
EP013,2024-02-25,10,96.43,141.63,1.56
EP014,2024-02-25,10,93.06,134.28,1.37
EP015,2024-02-25,10,91.48,161.29,1.02
EP016,2024-02-25,10,91.25,153.94,1.13
EP004,2024-02-25,11,97.7,148.52,1.53
EP012,2024-02-25,11,96.98,164.6,1.13
EP013,2024-02-25,11,93.66,139.74,1.93
EP014,2024-02-25,11,90.51,127.9,1.3
EP015,2024-02-25,11,91.0,163.66,1.3
EP016,2024-02-25,11,95.91,147.51,1.4
EP004,2024-02-25,12,98.06,177.75,1.54
EP012,2024-02-25,12,96.16,148.76,1.25
EP013,2024-02-25,12,94.4,145.0,1.5
EP014,2024-02-25,12,93.0,132.23,1.94
EP015,2024-02-25,12,94.46,134.32,2.2
EP016,2024-02-25,12,95.57,400,1.61
EP004,2024-02-25,13,99.22,147.33,1.31
EP012,2024-02-25,13,95.36,145.6,1.69
EP013,2024-02-25,13,93.63,145.98,1.84
EP014,2024-02-25,13,92.76,148.98,2.07
EP015,2024-02-25,13,96.83,129.4,1.46
EP016,2024-02-25,13,95.07,141.71,1.38
EP004,2024-02-25,14,98.31,167.91,1.23
EP012,2024-02-25,14,95.73,152.56,2.0
EP013,2024-02-25,14,92.73,141.49,1.68
EP014,2024-02-25,14,92.27,147.4,2.02
EP015,2024-02-25,14,95.24,126.27,0.95
EP016,2024-02-25,14,95.09,145.36,1.25
EP004,2024-02-25,15,97.59,154.05,1.3
EP012,2024-02-25,15,95.57,149.24,2.55
EP013,2024-02-25,15,93.46,161.29,1.4
EP014,2024-02-25,15,91.96,149.3,1.65
EP015,2024-02-25,15,94.75,128.4,0.99
EP016,2024-02-25,15,94.02,144.44,1.43
EP004,2024-02-25,16,98.2,147.83,1.98
EP012,2024-02-25,16,94.8,158.1,2.53
EP013,2024-02-25,16,92.76,152.24,2.44
EP014,2024-02-25,16,90.96,153.36,1.43
EP015,2024-02-25,16,94.17,137.83,1.09
EP016,2024-02-25,16,94.81,154.65,1.11
EP004,2024-02-25,17,97.73,174.0,1.46
EP012,2024-02-25,17,96.23,154.67,1.21
EP013,2024-02-25,17,96.13,142.13,1.01
EP014,2024-02-25,17,91.76,142.67,1.92
EP015,2024-02-25,17,93.41,143.92,1.44
EP016,2024-02-25,17,93.06,151.13,1.21
EP004,2024-02-25,18,98.25,157.38,1.72
EP012,2024-02-25,18,94.09,157.55,0.89
EP013,2024-02-25,18,95.59,142.73,1.04
EP014,2024-02-25,18,94.06,139.0,1.56
EP015,2024-02-25,18,95.25,141.25,1.25
EP016,2024-02-25,18,96.45,132.04,1.13
EP004,2024-02-25,19,,162.0,1.81
EP012,2024-02-25,19,93.55,153.51,1.36
EP013,2024-02-25,19,95.77,145.46,1.2
EP014,2024-02-25,19,94.56,146.58,1.83
EP015,2024-02-25,19,94.83,,1.17
EP016,2024-02-25,19,96.27,129.78,1.21
EP004,2024-02-25,20,96.48,172.72,2.63
EP012,2024-02-25,20,94.27,143.66,1.37
EP013,2024-02-25,20,96.24,139.93,0.91
EP014,2024-02-25,20,95.22,143.47,1.59
EP015,2024-02-25,20,92.89,150.06,1.26
EP016,2024-02-25,20,94.68,142.7,1.04
EP004,2024-02-25,21,99.17,158.83,1.41
EP012,2024-02-25,21,96.56,155.29,1.38
EP013,2024-02-25,21,96.35,145.21,1.18
EP014,2024-02-25,21,95.71,139.88,1.18
EP015,2024-02-25,21,93.58,149.52,0.98
EP016,2024-02-25,21,94.41,135.48,1.31
EP004,2024-02-25,22,98.4,0,1.77
EP012,2024-02-25,22,96.82,159.55,1.35
EP013,2024-02-25,22,95.46,138.61,1.22
EP014,2024-02-25,22,94.94,142.77,1.36
EP015,2024-02-25,22,94.26,159.3,1.76
EP016,2024-02-25,22,94.49,146.98,1.39
EP004,2024-02-25,23,97.89,140.0,1.65
EP012,2024-02-25,23,94.67,150.04,1.18
EP013,2024-02-25,23,97.65,144.79,2.25
EP014,2024-02-25,23,98.13,143.67,1.46
EP015,2024-02-25,23,90.47,147.61,3.12
EP016,2024-02-25,23,94.71,143.54,1.59
EP004,2024-02-26,0,99.28,155.5,1.37
EP012,2024-02-26,0,94.82,153.04,1.17
EP013,2024-02-26,0,97.86,143.34,1.48
EP014,2024-02-26,0,99.38,126.17,1.02
EP015,2024-02-26,0,94.18,161.4,4.03
EP016,2024-02-26,0,94.77,131.98,1.63
EP004,2024-02-26,1,99.88,144.8,1.48
EP012,2024-02-26,1,94.72,146.47,1.42
EP013,2024-02-26,1,95.43,144.96,1.42
EP014,2024-02-26,1,95.21,131.19,1.5
EP015,2024-02-26,1,93.69,154.25,3.75
EP016,2024-02-26,1,94.35,142.51,1.5
EP004,2024-02-26,2,98.59,150.54,1.63
EP012,2024-02-26,2,94.57,153.43,1.29
EP013,2024-02-26,2,94.84,147.18,1.05
EP014,2024-02-26,2,95.64,135.95,1.67
EP015,2024-02-26,2,93.46,156.93,2.78
EP016,2024-02-26,2,93.93,152.85,1.72
EP004,2024-02-26,3,99.94,149.6,1.21
EP012,2024-02-26,3,94.75,162.71,1.4
EP013,2024-02-26,3,93.98,157.83,1.02
EP014,2024-02-26,3,94.98,151.79,1.56
EP015,2024-02-26,3,92.42,164.96,2.75
EP016,2024-02-26,3,93.55,141.93,1.62
EP004,2024-02-26,4,99.9,144.71,1.5
EP012,2024-02-26,4,93.36,154.98,1.24
EP013,2024-02-26,4,93.12,159.96,1.03
EP014,2024-02-26,4,96.81,143.91,1.2
EP015,2024-02-26,4,92.8,164.89,2.94
EP016,2024-02-26,4,94.66,153.64,1.46
EP004,2024-02-26,5,99.07,151.64,1.74
EP012,2024-02-26,5,92.87,162.26,1.43
EP013,2024-02-26,5,94.76,156.27,1.09
EP014,2024-02-26,5,97.21,139.4,1.9
EP015,2024-02-26,5,92.29,167.25,2.63
EP016,2024-02-26,5,95.26,147.57,1.59
EP004,2024-02-26,6,99.67,400,1.34
EP012,2024-02-26,6,92.79,163.07,1.06
EP013,2024-02-26,6,97.43,149.07,0.97
EP014,2024-02-26,6,93.69,136.53,1.57
EP015,2024-02-26,6,92.09,172.38,2.82
EP016,2024-02-26,6,92.96,153.24,1.3
EP004,2024-02-26,7,97.56,149.5,1.61
EP012,2024-02-26,7,93.78,158.1,0.87
EP013,2024-02-26,7,96.11,151.07,1.29
EP014,2024-02-26,7,96.22,150.26,1.2
EP015,2024-02-26,7,93.6,168.19,2.56
EP016,2024-02-26,7,95.52,145.52,1.41
EP004,2024-02-26,8,96.92,144.82,1.97
EP012,2024-02-26,8,92.67,154.18,1.05
EP013,2024-02-26,8,94.68,141.68,2.8
EP014,2024-02-26,8,94.81,147.71,1.63
EP015,2024-02-26,8,92.4,168.04,1.98
EP016,2024-02-26,8,96.04,140.25,1.28
EP004,2024-02-26,9,98.14,153.02,1.59
EP012,2024-02-26,9,96.69,166.42,1.39
EP013,2024-02-26,9,96.16,138.37,2.27
EP014,2024-02-26,9,999,135.41,1.52
EP015,2024-02-26,9,95.66,163.58,1.44
EP016,2024-02-26,9,94.19,151.7,1.13
EP004,2024-02-26,10,96.85,156.46,2.43
EP012,2024-02-26,10,95.98,150.85,1.32
EP013,2024-02-26,10,94.98,150.5,2.09
EP014,2024-02-26,10,93.85,130.8,1.52
EP015,2024-02-26,10,91.73,152.59,1.75
EP016,2024-02-26,10,92.92,145.96,1.19
EP004,2024-02-26,11,97.89,166.06,1.86
EP012,2024-02-26,11,95.37,148.88,1.63
EP013,2024-02-26,11,95.62,138.66,1.37
EP014,2024-02-26,11,93.8,132.16,2.0
EP015,2024-02-26,11,91.74,135.0,1.57
EP016,2024-02-26,11,91.93,144.84,1.21
EP004,2024-02-26,12,98.5,155.67,1.32
EP013,2024-02-26,12,95.23,155.5,1.57
EP014,2024-02-26,12,94.96,140.58,1.11
EP015,2024-02-26,12,95.84,126.28,1.62
EP016,2024-02-26,12,93.48,141.04,1.14
EP004,2024-02-26,13,98.84,146.04,1.12
EP013,2024-02-26,13,94.17,160.32,1.93
EP014,2024-02-26,13,94.77,143.77,1.45
EP015,2024-02-26,13,95.63,132.54,1.33
EP016,2024-02-26,13,94.1,139.51,1.19
EP004,2024-02-26,14,98.68,152.52,1.27
EP013,2024-02-26,14,93.09,156.98,2.34
EP014,2024-02-26,14,95.07,143.35,1.65
EP015,2024-02-26,14,97.43,147.04,1.81
EP016,2024-02-26,14,94.65,144.36,1.1
EP004,2024-02-26,15,99.07,151.5,1.11
EP013,2024-02-26,15,96.83,151.89,2.65
EP014,2024-02-26,15,95.69,,1.5
EP015,2024-02-26,15,96.78,140.15,2.09
EP016,2024-02-26,15,96.58,125.8,1.28
EP004,2024-02-26,16,98.16,144.1,1.6
EP013,2024-02-26,16,94.56,160.48,2.52
EP013,2024-02-26,16,94.56,160.48,2.52
EP014,2024-02-26,16,95.76,133.11,1.66
EP015,2024-02-26,16,96.9,146.81,2.0
EP016,2024-02-26,16,95.84,126.73,1.36
EP004,2024-02-26,17,97.21,147.79,1.73
EP013,2024-02-26,17,97.0,145.87,1.15
EP014,2024-02-26,17,93.0,138.92,2.11
EP015,2024-02-26,17,95.61,154.76,1.66
EP016,2024-02-26,17,94.96,144.98,1.23
EP004,2024-02-26,18,99.26,152.24,1.24
EP013,2024-02-26,18,96.55,142.98,1.22
EP014,2024-02-26,18,95.41,134.76,1.46
EP015,2024-02-26,18,96.2,140.32,1.99
EP016,2024-02-26,18,96.11,139.0,1.35
EP004,2024-02-26,19,98.53,144.43,1.71
EP013,2024-02-26,19,96.22,,1.37
EP014,2024-02-26,19,95.63,140.38,1.23
EP015,2024-02-26,19,95.85,144.67,1.83
EP016,2024-02-26,19,96.98,128.68,1.47
EP004,2024-02-26,20,98.04,151.29,1.4
EP013,2024-02-26,20,96.44,148.86,1.52
EP014,2024-02-26,20,96.9,137.0,1.4
EP015,2024-02-26,20,95.18,145.14,1.71
EP016,2024-02-26,20,96.62,137.84,1.43
EP004,2024-02-26,21,98.85,185.43,1.28
EP013,2024-02-26,21,96.81,150.0,1.56
EP014,2024-02-26,21,93.72,140.53,1.68
EP015,2024-02-26,21,94.72,152.78,1.71
EP016,2024-02-26,21,94.96,147.19,1.32
EP004,2024-02-26,22,99.27,187.63,1.09
EP013,2024-02-26,22,94.98,147.0,2.14
EP014,2024-02-26,22,94.08,141.24,1.5
EP015,2024-02-26,22,95.65,151.8,1.53
EP016,2024-02-26,22,95.5,130.35,1.48
EP004,2024-02-26,23,98.59,164.52,0.96
EP013,2024-02-26,23,95.91,145.42,1.93
EP014,2024-02-26,23,93.67,136.89,1.44
EP015,2024-02-26,23,92.83,168.78,1.71
EP016,2024-02-26,23,94.09,127.78,1.43
EP004,2024-02-27,0,98.91,140.21,1.05
EP013,2024-02-27,0,95.1,155.81,1.76
EP015,2024-02-27,0,95.98,143.85,1.53
EP016,2024-02-27,0,94.23,126.38,1.5
EP004,2024-02-27,1,98.58,134.86,1.53
EP013,2024-02-27,1,93.71,149.56,1.74
EP015,2024-02-27,1,94.3,141.0,1.41
EP016,2024-02-27,1,95.35,132.47,1.38
EP004,2024-02-27,2,97.7,144.76,1.22
EP013,2024-02-27,2,94.71,143.09,1.67
EP015,2024-02-27,2,94.86,144.88,1.22
EP016,2024-02-27,2,96.16,126.71,1.23
EP017,2024-02-27,2,99.06,129.11,0.9
EP018,2024-02-27,2,250,132.82,0.89
EP019,2024-02-27,2,91.48,146.59,1.64
EP004,2024-02-27,3,97.8,163.16,1.35
EP013,2024-02-27,3,94.21,146.31,1.41
EP015,2024-02-27,3,93.34,147.54,1.07
EP016,2024-02-27,3,96.98,132.46,1.2
EP017,2024-02-27,3,98.73,126.22,0.84
EP018,2024-02-27,3,96.76,134.54,0.8
EP019,2024-02-27,3,96.2,137.18,1.4
EP004,2024-02-27,4,96.83,160.42,1.99
EP013,2024-02-27,4,94.94,144.51,1.19
EP015,2024-02-27,4,95.65,153.76,1.17
EP016,2024-02-27,4,96.73,135.24,
EP017,2024-02-27,4,99.0,124.55,0.74
EP018,2024-02-27,4,96.86,133.92,0.83
EP019,2024-02-27,4,95.13,126.94,1.77
EP004,2024-02-27,5,97.15,153.83,1.75
EP013,2024-02-27,5,95.19,140.43,1.18
EP015,2024-02-27,5,97.33,154.54,1.11
EP016,2024-02-27,5,97.43,137.23,1.11
EP017,2024-02-27,5,98.78,126.61,0.71
EP018,2024-02-27,5,95.62,142.26,0.79
EP019,2024-02-27,5,95.3,124.47,1.68
EP004,2024-02-27,6,97.72,177.11,1.36
EP013,2024-02-27,6,95.32,134.86,1.06
EP015,2024-02-27,6,96.02,166.78,1.91
EP016,2024-02-27,6,96.37,148.79,1.18
EP017,2024-02-27,6,98.17,123.0,0.79
EP018,2024-02-27,6,96.67,143.16,1.06
EP019,2024-02-27,6,94.89,133.33,1.73
EP004,2024-02-27,7,98.23,157.96,1.27
EP013,2024-02-27,7,95.33,145.7,1.17
EP015,2024-02-27,7,95.62,148.82,1.98
EP016,2024-02-27,7,96.51,141.73,1.01
EP017,2024-02-27,7,98.26,114.0,0.59
EP018,2024-02-27,7,96.23,140.44,1.14
EP019,2024-02-27,7,95.83,131.56,1.32
EP004,2024-02-27,8,97.65,164.35,1.74
EP013,2024-02-27,8,95.07,149.04,1.53
EP015,2024-02-27,8,95.63,152.84,1.95
EP016,2024-02-27,8,95.84,139.2,1.31
EP017,2024-02-27,8,98.09,109.5,0.64
EP018,2024-02-27,8,96.04,146.13,1.23
EP019,2024-02-27,8,96.42,133.88,0.85
EP004,2024-02-27,9,98.39,150.39,1.6
EP013,2024-02-27,9,95.61,156.69,2.01
EP015,2024-02-27,9,95.63,175.22,1.47
EP016,2024-02-27,9,96.47,145.22,1.08
EP017,2024-02-27,9,98.31,115.43,0.6
EP018,2024-02-27,9,96.96,142.33,1.04
EP019,2024-02-27,9,97.4,133.62,0.49
EP004,2024-02-27,10,98.29,151.59,2.02
EP013,2024-02-27,10,95.2,154.88,2.02
EP015,2024-02-27,10,96.37,160.59,1.24
EP016,2024-02-27,10,96.33,154.24,0.79
EP017,2024-02-27,10,98.73,109.39,0.69
EP018,2024-02-27,10,97.63,145.35,0.8
EP019,2024-02-27,10,97.6,138.9,0.38
EP004,2024-02-27,11,98.17,167.0,1.18
EP013,2024-02-27,11,94.98,150.88,1.41
EP015,2024-02-27,11,96.85,145.81,1.27
EP016,2024-02-27,11,94.55,158.66,1.51
EP017,2024-02-27,11,97.78,112.16,1.19
EP018,2024-02-27,11,97.8,128.31,0.74
EP019,2024-02-27,11,95.87,142.85,0.47
EP013,2024-02-27,12,94.66,158.22,1.76
EP015,2024-02-27,12,96.47,147.84,1.49
EP016,2024-02-27,12,95.78,151.02,0.94
EP017,2024-02-27,12,98.62,126.7,0.98
EP018,2024-02-27,12,97.02,131.0,0.66
EP019,2024-02-27,12,94.35,134.16,0.36
EP013,2024-02-27,13,94.53,155.81,1.94
EP015,2024-02-27,13,95.21,148.09,1.59
EP016,2024-02-27,13,95.43,158.83,0.95
EP017,2024-02-27,13,98.28,117.51,1.09
EP018,2024-02-27,13,97.05,128.2,0.88
EP019,2024-02-27,13,91.43,123.64,0.44
EP013,2024-02-27,14,94.22,144.42,1.72
EP015,2024-02-27,14,94.25,166.73,1.54
EP016,2024-02-27,14,95.05,168.74,0.96
EP017,2024-02-27,14,98.21,117.68,1.09
EP018,2024-02-27,14,97.26,137.87,0.62
EP019,2024-02-27,14,92.94,127.65,0.59
EP013,2024-02-27,15,94.78,170.61,1.72
EP015,2024-02-27,15,95.58,150.35,1.85
EP016,2024-02-27,15,96.56,163.35,0.88
EP017,2024-02-27,15,98.42,128.8,0.8
EP018,2024-02-27,15,96.95,128.41,0.62
EP018,2024-02-27,15,96.95,128.41,0.62
EP019,2024-02-27,15,95.95,125.76,0.69
EP013,2024-02-27,16,94.76,154.98,2.83
EP015,2024-02-27,16,93.67,162.56,1.73
EP016,2024-02-27,16,93.57,164.82,0.97
EP017,2024-02-27,16,98.23,119.62,0.91
EP018,2024-02-27,16,95.4,127.18,0.95
EP019,2024-02-27,16,96.45,127.76,0.55
EP013,2024-02-27,17,95.42,146.18,1.76
EP015,2024-02-27,17,95.98,"162,53",1.2
EP016,2024-02-27,17,95.95,171.22,1.01
EP017,2024-02-27,17,,123.51,0.95
EP018,2024-02-27,17,98.2,131.69,0.67
EP019,2024-02-27,17,95.07,134.28,0.5
EP013,2024-02-27,18,96.51,141.94,1.41
EP015,2024-02-27,18,95.43,148.55,1.29
EP016,2024-02-27,18,96.02,170.81,1.69
EP017,2024-02-27,18,99.28,132.34,0.66
EP018,2024-02-27,18,97.48,134.32,1.15
EP019,2024-02-27,18,91.89,137.77,0.52
EP013,2024-02-27,19,96.82,147.06,1.32
EP015,2024-02-27,19,94.14,144.33,1.61
EP016,2024-02-27,19,95.83,156.45,1.52
EP017,2024-02-27,19,98.79,121.6,0.94
EP018,2024-02-27,19,97.36,123.94,0.94
EP019,2024-02-27,19,94.83,116.33,0.53
EP015,2024-02-27,20,95.24,147.02,2.16
EP016,2024-02-27,20,95.26,158.15,1.28
EP017,2024-02-27,20,98.52,132.02,0.99
EP018,2024-02-27,20,97.62,137.52,0.93
EP019,2024-02-27,20,95.44,121.95,0.6
EP015,2024-02-27,21,92.23,159.69,1.59
EP016,2024-02-27,21,96.89,161.5,1.45
EP017,2024-02-27,21,99.3,122.79,0.84
EP018,2024-02-27,21,98.48,127.5,1.09
EP019,2024-02-27,21,94.16,116.47,0.5
EP015,2024-02-27,22,96.22,143.64,25
EP016,2024-02-27,22,96.7,169.43,1.11
EP017,2024-02-27,22,97.67,137.28,1.2
EP018,2024-02-27,22,97.66,116.62,1.53
EP019,2024-02-27,22,96.4,128.76,0.65
EP015,2024-02-27,23,96.44,135.54,1.68
EP016,2024-02-27,23,96.27,164.88,1.06
EP017,2024-02-27,23,98.37,121.96,1.26
EP018,2024-02-27,23,96.63,128.16,1.54
EP019,2024-02-27,23,97.24,125.38,0.56
EP015,2024-02-28,0,96.57,133.98,1.05
EP016,2024-02-28,0,95.13,176.19,1.05
EP017,2024-02-28,0,97.09,120.7,1.34
EP018,2024-02-28,0,96.48,129.73,1.38
EP019,2024-02-28,0,98.38,125.4,0.49
EP015,2024-02-28,1,95.02,133.26,1.01
EP016,2024-02-28,1,97.02,151.07,1.47
EP017,2024-02-28,1,97.46,132.75,1.04
EP018,2024-02-28,1,97.47,131.56,1.25
EP019,2024-02-28,1,96.47,127.33,0.73
EP015,2024-02-28,2,92.52,135.85,1.16
EP016,2024-02-28,2,97.92,149.12,1.41
EP017,2024-02-28,2,98.73,132.88,0.79
EP018,2024-02-28,2,95.53,133.67,1.22
EP019,2024-02-28,2,96.96,128.88,0.48
EP015,2024-02-28,3,95.98,132.98,1.24
EP016,2024-02-28,3,97.73,152.88,
EP017,2024-02-28,3,96.4,131.58,1.11
EP018,2024-02-28,3,,138.32,0.89
EP019,2024-02-28,3,98.36,134.2,0.61
EP015,2024-02-28,4,95.21,134.91,1.04
EP016,2024-02-28,4,97.68,159.8,1.22
EP017,2024-02-28,4,97.77,126.57,0.93
EP018,2024-02-28,4,98.75,133.9,0.99
EP019,2024-02-28,4,97.29,144.57,0.69
EP015,2024-02-28,5,94.6,142.19,1.43
EP016,2024-02-28,5,97.43,164.87,1.08
EP017,2024-02-28,5,98.63,132.33,1.01
EP018,2024-02-28,5,99.33,130.57,0.93
EP019,2024-02-28,5,96.19,141.02,0.77
EP015,2024-02-28,6,96.17,142.15,1.03
EP016,2024-02-28,6,97.18,159.28,1.38
EP017,2024-02-28,6,98.94,125.37,0.81
EP018,2024-02-28,6,98.73,139.39,1.0
EP019,2024-02-28,6,94.63,143.22,0.73
EP015,2024-02-28,7,94.85,139.09,1.49
EP016,2024-02-28,7,97.16,158.76,1.22
EP017,2024-02-28,7,99.18,118.32,0.91
EP018,2024-02-28,7,97.06,135.31,1.55
EP019,2024-02-28,7,93.39,139.43,0.72
EP015,2024-02-28,8,93.49,141.31,1.82
EP016,2024-02-28,8,97.02,162.88,1.18
EP017,2024-02-28,8,95.52,123.38,1.1
EP018,2024-02-28,8,96.76,135.34,1.63
EP019,2024-02-28,8,94.74,131.83,0.71
EP015,2024-02-28,9,95.92,159.17,1.03
EP016,2024-02-28,9,98.33,164.45,1.01
EP017,2024-02-28,9,97.84,126.35,0.95
EP018,2024-02-28,9,95.82,129.47,1.11
EP019,2024-02-28,9,93.79,146.94,0.61
EP015,2024-02-28,10,96.27,142.45,1.17
EP016,2024-02-28,10,99.04,155.53,0.93
EP017,2024-02-28,10,98.56,129.0,1.17
EP018,2024-02-28,10,98.13,141.15,1.09
EP019,2024-02-28,10,95.07,141.68,0.75
EP015,2024-02-28,11,94.77,141.32,1.54
EP016,2024-02-28,11,98.73,156.69,0.94
EP017,2024-02-28,11,97.53,118.88,1.74
EP018,2024-02-28,11,98.81,135.7,1.21
EP019,2024-02-28,11,96.59,133.82,0.93
EP015,2024-02-28,12,95.78,133.0,1.34
EP016,2024-02-28,12,97.57,154.3,1.09
EP017,2024-02-28,12,97.98,120.2,1.9
EP018,2024-02-28,12,96.53,139.04,1.18
EP019,2024-02-28,12,96.96,133.72,0.76
EP015,2024-02-28,13,93.82,132.0,1.33
EP016,2024-02-28,13,98.75,160.77,0.88
EP017,2024-02-28,13,98.25,122.04,1.27
EP018,2024-02-28,13,98.52,133.61,1.19
EP019,2024-02-28,13,95.05,133.19,0.62
EP015,2024-02-28,14,95.07,139.39,1.29
EP016,2024-02-28,14,99.07,159.74,0.9
EP017,2024-02-28,14,98.57,131.87,1.19
EP018,2024-02-28,14,95.7,136.58,1.07
EP019,2024-02-28,14,94.61,145.27,0.64
EP015,2024-02-28,15,96.87,146.37,1.26
EP016,2024-02-28,15,98.82,172.86,0.95
EP017,2024-02-28,15,98.51,118.31,1.2
EP018,2024-02-28,15,98.16,127.67,1.08
EP019,2024-02-28,15,95.62,149.83,0.45
EP015,2024-02-28,16,95.83,149.54,1.35
EP015,2024-02-28,16,95.83,149.54,1.35
EP016,2024-02-28,16,98.4,154.29,0.83
EP017,2024-02-28,16,96.28,129.02,1.35
EP018,2024-02-28,16,98.05,145.43,0.99
EP019,2024-02-28,16,95.98,146.17,0.48
EP015,2024-02-28,17,96.27,152.81,1.35
EP016,2024-02-28,17,96.4,156.12,1.8
EP017,2024-02-28,17,98.41,119.5,1.25
EP018,2024-02-28,17,98.88,137.5,0.97
EP019,2024-02-28,17,93.02,143.83,0.85
EP015,2024-02-28,18,95.82,141.13,1.51
EP016,2024-02-28,18,97.34,159.91,1.14
EP017,2024-02-28,18,96.16,122.47,1.4
EP018,2024-02-28,18,98.98,130.1,1.17
EP019,2024-02-28,18,93.0,137.0,0.75
EP015,2024-02-28,19,94.49,150.49,1.37
EP016,2024-02-28,19,97.24,159.59,1.37
EP017,2024-02-28,19,98.03,117.0,1.24
EP018,2024-02-28,19,97.8,142.64,0.96
EP019,2024-02-28,19,94.02,133.78,0.81
EP015,2024-02-28,20,92.76,154.63,1.83
EP016,2024-02-28,20,96.86,164.2,1.29
EP017,2024-02-28,20,97.18,128.61,1.31
EP018,2024-02-28,20,97.4,144.7,1.42
EP019,2024-02-28,20,94.04,138.19,0.69
EP015,2024-02-28,21,93.76,136.83,1.83
EP016,2024-02-28,21,98.29,168.35,1.16
EP017,2024-02-28,21,98.83,123.94,1.36
EP018,2024-02-28,21,98.64,140.34,1.47
EP019,2024-02-28,21,92.28,135.26,0.77
EP015,2024-02-28,22,94.23,134.98,1.94
EP016,2024-02-28,22,98.28,169.35,1.16
EP017,2024-02-28,22,98.98,124.75,1.01
EP018,2024-02-28,22,98.36,137.17,1.4
EP019,2024-02-28,22,94.84,137.33,1.31
EP015,2024-02-28,23,94.16,152.53,1.66
EP016,2024-02-28,23,98.58,167.11,1.2
EP017,2024-02-28,23,98.81,128.81,0.91
EP018,2024-02-28,23,97.67,141.35,1.38
EP019,2024-02-28,23,93.42,144.98,0.98
EP015,2024-02-29,0,94.16,146.16,1.83
EP016,2024-02-29,0,97.78,156.0,0.9
EP017,2024-02-29,0,99.13,130.98,1.06
EP018,2024-02-29,0,98.68,149.13,1.4
EP019,2024-02-29,0,94.36,139.16,0.93
EP015,2024-02-29,1,91.9,144.24,2.08
EP016,2024-02-29,1,98.04,154.6,1.38
EP017,2024-02-29,1,98.51,118.94,1.33
EP018,2024-02-29,1,98.98,143.8,1.32
EP019,2024-02-29,1,94.41,133.05,1.07
EP019,2024-02-29,1,94.41,133.05,1.07
EP015,2024-02-29,2,93.65,152.24,1.58
EP016,2024-02-29,2,97.98,157.47,1.23
EP017,2024-02-29,2,98.44,121.38,1.17
EP018,2024-02-29,2,97.88,155.44,1.32
EP019,2024-02-29,2,94.62,137.53,1.03
EP015,2024-02-29,3,94.27,149.63,1.38
EP016,2024-02-29,3,97.91,158.81,1.45
EP017,2024-02-29,3,99.15,126.89,1.01
EP018,2024-02-29,3,98.57,146.02,1.24
EP019,2024-02-29,3,94.67,148.2,0.96
EP015,2024-02-29,4,95.42,149.6,1.12
EP016,2024-02-29,4,97.93,166.89,1.14
EP017,2024-02-29,4,98.44,129.98,0.71
EP018,2024-02-29,4,98.47,156.58,0.95
EP019,2024-02-29,4,96.12,137.45,0.73
EP015,2024-02-29,5,94.98,151.04,1.47
EP016,2024-02-29,5,97.42,169.1,1.52
EP017,2024-02-29,5,99.49,137.08,0.67
EP018,2024-02-29,5,99.4,147.49,1.16
EP019,2024-02-29,5,95.02,138.39,1.18
EP015,2024-02-29,6,95.4,154.48,0.95
EP016,2024-02-29,6,97.92,169.59,1.03
EP017,2024-02-29,6,98.84,123.42,1.41
EP018,2024-02-29,6,97.52,146.98,1.86
EP019,2024-02-29,6,93.52,139.96,0.97
EP015,2024-02-29,7,94.86,157.72,1.29
EP016,2024-02-29,7,96.91,162.19,1.49
EP017,2024-02-29,7,97.14,117.1,1.68
EP018,2024-02-29,7,98.67,139.04,1.68
EP019,2024-02-29,7,93.67,129.07,1.34
EP015,2024-02-29,8,92.87,144.09,1.8
EP016,2024-02-29,8,96.66,167.74,1.41
EP017,2024-02-29,8,97.41,120.35,1.24
EP018,2024-02-29,8,98.69,140.56,1.64
EP018,2024-02-29,8,98.69,140.56,1.64
EP019,2024-02-29,8,92.81,136.76,1.37
EP015,2024-02-29,9,92.72,138.21,1.57
EP016,2024-02-29,9,97.83,170.58,1.32
EP017,2024-02-29,9,97.15,128.34,1.1
EP018,2024-02-29,9,96.63,152.24,1.45
EP019,2024-02-29,9,93.02,144.56,0.9
EP015,2024-02-29,10,92.61,151.37,1.56
EP016,2024-02-29,10,96.7,171.0,0.99
EP017,2024-02-29,10,99.15,126.19,1.01
EP018,2024-02-29,10,99.05,137.9,1.03
EP019,2024-02-29,10,93.57,138.12,0.84
EP015,2024-02-29,11,94.25,141.61,2.37
EP016,2024-02-29,11,97.73,165.64,0.71
EP017,2024-02-29,11,98.8,118.76,1.01
EP018,2024-02-29,11,98.94,138.58,1.08
EP019,2024-02-29,11,93.12,134.54,0.97
EP015,2024-02-29,12,95.62,152.17,2.68
EP016,2024-02-29,12,96.37,164.35,0.86
EP017,2024-02-29,12,98.22,117.48,0.99
EP018,2024-02-29,12,97.1,140.53,0.96
EP019,2024-02-29,12,92.05,141.79,1.06
EP015,2024-02-29,13,95.29,154.25,2.58
EP016,2024-02-29,13,95.63,168.24,1.06
EP017,2024-02-29,13,97.66,119.55,1.11
EP018,2024-02-29,13,99.02,140.04,0.9
EP019,2024-02-29,13,91.5,140.58,1.13
EP015,2024-02-29,14,96.64,150.33,2.17
EP016,2024-02-29,14,95.49,169.91,1.05
EP017,2024-02-29,14,97.76,131.52,1.01
EP018,2024-02-29,14,98.82,141.16,0.96
EP019,2024-02-29,14,94.49,128.36,0.71
EP015,2024-02-29,15,98.19,140.12,2.4
EP016,2024-02-29,15,96.38,180.02,0.93
EP017,2024-02-29,15,98.5,130.31,0.98
EP018,2024-02-29,15,97.87,139.76,1.05
EP019,2024-02-29,15,92.78,130.98,1.28
EP015,2024-02-29,16,94.61,159.2,1.58
EP016,2024-02-29,16,96.76,162.36,0.72
EP017,2024-02-29,16,98.67,126.15,0.95
EP018,2024-02-29,16,99.44,142.74,0.85
EP019,2024-02-29,16,93.54,132.68,0.95
EP015,2024-02-29,17,94.96,158.84,1.24
EP016,2024-02-29,17,97.87,165.83,1.02
EP017,2024-02-29,17,97.9,140.16,0.99
EP018,2024-02-29,17,97.62,150.85,0.9
EP019,2024-02-29,17,92.61,137.0,1.18
EP015,2024-02-29,18,98.39,148.8,0.87
EP016,2024-02-29,18,96.56,162.02,1.98
EP017,2024-02-29,18,97.9,127.61,0.98
EP018,2024-02-29,18,98.11,139.56,1.18
EP019,2024-02-29,18,94.28,146.63,0.79
EP015,2024-02-29,19,97.24,145.37,0.98
EP016,2024-02-29,19,96.98,166.14,1.26
EP017,2024-02-29,19,98.38,127.83,0.95
EP018,2024-02-29,19,97.83,136.6,1.21
EP019,2024-02-29,19,96.41,132.53,0.54
EP015,2024-02-29,20,97.14,141.24,0.67
EP016,2024-02-29,20,98.59,164.33,1.01
EP017,2024-02-29,20,97.65,129.98,0.78
EP018,2024-02-29,20,97.65,137.86,1.31
EP019,2024-02-29,20,96.51,126.0,0.95
EP015,2024-02-29,21,97.35,146.52,1.06
EP016,2024-02-29,21,98.67,166.96,0.87
EP017,2024-02-29,21,98.04,127.76,0.93
EP018,2024-02-29,21,96.85,147.06,1.04
EP019,2024-02-29,21,95.76,129.93,0.85
EP015,2024-02-29,22,96.91,146.98,1.0
EP016,2024-02-29,22,97.87,169.94,1.03
EP017,2024-02-29,22,96.82,137.84,1.3
EP018,2024-02-29,22,98.05,141.1,1.12
EP019,2024-02-29,22,96.71,130.09,0.96
EP015,2024-02-29,23,95.02,147.5,1.28
EP016,2024-02-29,23,98.24,171.88,0.98
EP017,2024-02-29,23,96.25,129.53,2.06
ep018,2024-02-29,23,98.74,140.28,1.25
EP019,2024-02-29,23,96.41,144.43,1.07
EP015,2024-03-01,0,96.68,140.6,0.79
EP016,2024-03-01,0,97.79,164.73,1.27
EP017,2024-03-01,0,96.47,127.0,2.21
EP018,2024-03-01,0,98.22,,1.31
EP019,2024-03-01,0,97.78,150.55,0.59
EP015,2024-03-01,1,96.48,146.19,0.79
EP016,2024-03-01,1,96.02,171.52,1.89
EP017,2024-03-01,1,96.35,130.7,2.38
ep018,2024-03-01,1,97.51,143.0,1.23
EP019,2024-03-01,1,97.36,131.68,1.07
EP015,2024-03-01,2,96.14,156.18,1.03
EP016,2024-03-01,2,94.84,185.58,1.51
EP017,2024-03-01,2,95.22,134.38,2.41
EP018,2024-03-01,2,98.07,148.62,1.2
EP019,2024-03-01,2,96.89,151.44,0.83
EP015,2024-03-01,3,96.62,154.48,0.95
EP016,2024-03-01,3,97.38,178.64,1.03
EP017,2024-03-01,3,96.77,129.81,2.61
EP018,2024-03-01,3,97.95,146.53,1.25
EP019,2024-03-01,3,97.15,147.17,0.75
EP015,2024-03-01,4,95.85,151.64,0.96
EP016,2024-03-01,4,97.81,172.36,1.0
EP017,2024-03-01,4,96.16,142.65,2.87
EP018,2024-03-01,4,97.66,146.51,1.28
EP019,2024-03-01,4,96.67,130.96,0.78
EP015,2024-03-01,5,96.0,157.46,0.96
EP016,2024-03-01,5,98.45,167.61,0.89
EP017,2024-03-01,5,96.02,147.0,2.8
EP018,2024-03-01,5,97.29,149.76,1.08
EP019,2024-03-01,5,96.44,133.88,0.68
EP015,2024-03-01,6,98.26,148.21,1.18
EP016,2024-03-01,6,98.1,164.95,0.82
EP017,2024-03-01,6,-5,147.09,1.57
EP018,2024-03-01,6,98.18,142.56,1.13
EP019,2024-03-01,6,92.74,126.72,1.0
EP015,2024-03-01,7,98.75,148.48,0.85
EP016,2024-03-01,7,98.83,163.48,0.79
EP017,2024-03-01,7,96.74,136.89,1.86
EP018,2024-03-01,7,97.73,147.96,1.11
EP019,2024-03-01,7,94.08,128.02,1.04
EP015,2024-03-01,8,95.77,158.28,1.23
EP016,2024-03-01,8,97.98,165.79,0.93
EP017,2024-03-01,8,97.42,144.13,1.44
EP018,2024-03-01,8,97.4,155.05,1.39
EP019,2024-03-01,8,93.7,139.09,0.77
EP015,2024-03-01,9,94.55,146.69,1.16
EP016,2024-02-31,9,99.11,167.54,0.73
EP017,2024-03-01,9,97.86,137.06,1.04
EP018,2024-03-01,9,96.67,146.1,1.72
EP019,2024-03-01,9,93.92,149.57,0.62
EP015,2024-03-01,10,94.81,144.75,1.11
EP016,2024-03-01,10,98.14,154.37,1.02
EP017,2024-03-01,10,97.38,137.79,1.24
EP018,2024-03-01,10,96.93,149.7,1.63
EP019,2024-03-01,10,94.48,143.43,0.75
EP015,2024-03-01,11,98.25,138.55,0.83
EP016,2024-03-01,11,98.65,156.53,0.88
EP017,2024-03-01,11,98.11,128.38,1.16
EP018,2024-03-01,11,96.49,154.75,1.59
EP019,2024-03-01,11,96.74,142.26,1.21
EP015,2024-03-01,12,98.09,144.0,1.09
EP016,2024-03-01,12,98.88,159.16,0.84
EP017,2024-03-01,12,98.58,133.5,0.85
EP018,2024-03-01,12,98.16,150.78,1.52
EP019,2024-03-01,12,97.56,150.19,1.56
EP015,2024-03-01,13,98.15,137.92,0.81
EP016,2024-03-01,13,99.18,158.85,0.78
EP017,2024-03-01,13,98.11,128.85,0.88
EP018,2024-03-01,13,97.75,154.37,1.57
EP019,2024-03-01,13,97.08,142.21,1.76
EP015,2024-03-01,14,95.47,148.49,1.09
EP016,2024-03-01,14,97.61,163.98,0.82
EP017,2024-03-01,14,95.34,135.34,1.35
EP018,2024-03-01,14,97.17,157.26,1.37
EP018,2024-03-01,14,97.17,157.26,1.37
EP019,2024-03-01,14,96.18,143.77,2.19
EP015,2024-03-01,15,,146.5,0.86
EP016,2024-03-01,15,97.6,164.21,0.83
EP017,2024-03-01,15,95.16,137.45,1.81
EP018,2024-03-01,15,97.34,153.26,1.09
EP019,2024-03-01,15,97.15,156.85,1.17
EP015,2024-03-01,16,96.67,149.23,1.08
EP016,2024-03-01,16,96.48,168.28,1.03
EP017,2024-03-01,16,95.39,141.68,2.0
EP018,2024-03-01,16,,157.52,1.06
EP019,2024-03-01,16,95.64,137.27,1.59
EP015,2024-03-01,17,96.24,151.61,1.36
EP016,2024-03-01,17,97.68,175.89,0.9
EP017,2024-03-01,17,97.18,139.07,1.11
EP018,2024-03-01,17,95.08,167.43,1.45
EP019,2024-03-01,17,96.98,136.53,1.33
EP015,2024-03-01,18,99.35,142.27,1.34
EP016,2024-03-01,18,97.51,165.34,1.0
EP017,2024-03-01,18,97.72,135.28,0.8
EP018,2024-03-01,18,94.5,153.02,1.78
EP019,2024-03-01,18,97.24,146.08,1.21
EP015,2024-03-01,19,99.17,,1.16
EP016,2024-03-01,19,97.31,158.67,1.42
EP017,2024-03-01,19,95.93,137.96,0.9
EP018,2024-03-01,19,94.33,154.12,1.83
EP019,2024-03-01,19,95.86,135.23,1.37
EP015,2024-03-01,20,98.8,141.73,1.25
EP016,2024-03-01,20,97.66,166.93,1.03
EP017,2024-03-01,20,96.13,144.18,2.01
EP018,2024-03-01,20,94.76,160.88,1.78
EP019,2024-03-01,20,97.97,142.5,1.41
EP015,2024-03-01,21,99.28,141.72,0.96
EP016,2024-03-01,21,96.86,166.32,1.1
EP017,2024-03-01,21,98.49,137.44,2.46
EP018,2024-03-01,21,97.81,156.13,1.21
EP019,2024-03-01,21,97.25,140.35,0.79
EP015,2024-03-01,22,98.67,145.48,1.16
EP016,2024-03-01,22,96.73,181.14,1.14
EP017,2024-03-01,22,98.0,140.02,1.91
EP018,2024-03-01,22,96.68,166.84,1.25
EP019,2024-03-01,22,94.63,144.29,1.48
EP015,2024-03-01,23,95.31,164.81,2.73
EP016,2024-03-01,23,98.98,161.78,0.93
EP017,2024-03-01,23,98.33,143.94,1.53
EP018,2024-03-01,23,97.77,171.7,0.99
EP019,2024-03-01,23,97.52,133.86,0.38
EP015,2024-03-02,0,95.89,159.45,2.18
EP016,2024-03-02,0,99.38,153.77,0.95
EP017,2024-03-02,0,97.4,138.17,1.6
EP018,2024-03-02,0,98.69,151.73,1.12
EP019,2024-03-02,0,96.89,131.53,0.54
EP015,2024-03-02,1,95.3,167.33,1.6
EP016,2024-03-02,1,97.77,153.32,1.41
EP017,2024-03-02,1,98.33,145.02,1.61
EP018,2024-03-02,1,98.41,153.33,1.12
EP019,2024-03-02,1,95.04,135.24,1.16
EP015,2024-03-02,2,95.48,173.7,1.41
EP016,2024-03-02,2,98.36,162.82,0.96
EP017,2024-03-02,2,98.71,140.79,1.55
EP018,2024-03-02,2,98.39,155.02,1.04
EP019,2024-03-02,2,94.12,145.19,1.24
EP015,2024-03-02,3,95.39,172.69,1.47
EP016,2024-03-02,3,98.04,164.78,0.76
EP017,2024-03-02,3,98.92,144.71,1.22
EP018,2024-03-02,3,98.62,151.4,0.98
EP019,2024-03-02,3,95.61,154.86,0.77
EP015,2024-03-02,4,95.64,165.96,1.55
EP016,2024-03-02,4,97.54,156.61,0.93
EP017,2024-03-02,4,98.26,140.66,1.23
EP018,2024-03-02,4,97.92,154.06,0.97
EP019,2024-03-02,4,95.04,142.96,1.21
EP015,2024-03-02,5,95.8,167.26,1.3
EP016,2024-03-02,5,97.39,159.83,1.06
EP017,2024-03-02,5,99.1,144.85,1.26
EP018,2024-03-02,5,96.84,163.39,0.95
EP019,2024-03-02,5,94.5,147.38,1.65
EP015,2024-03-02,6,98.86,150.96,1.1
EP016,2024-03-02,6,96.96,162.24,0.98
EP017,2024-03-02,6,97.94,133.82,1.25
EP018,2024-03-02,6,98.84,153.6,0.85
EP019,2024-03-02,6,96.85,156.88,1.06
EP015,2024-03-02,7,98.86,159.66,0.94
EP016,2024-03-02,7,96.87,159.17,1.31
EP017,2024-03-02,7,99.12,140.33,1.22
EP018,2024-03-02,7,98.06,159.0,0.93
EP019,2024-03-02,7,97.41,145.78,0.78
EP015,2024-03-02,8,97.98,159.45,1.04
EP016,2024-03-02,8,97.0,159.02,1.27
EP017,2024-03-02,8,99.35,150.69,1.08
EP018,2024-03-02,8,99.17,161.39,0.83
EP019,2024-03-02,8,96.33,150.59,1.35
EP015,2024-03-02,9,99.05,159.14,0.99
EP016,2024-03-02,9,97.06,160.31,1.3
EP017,2024-03-02,9,99.44,145.88,1.11
EP018,2024-03-02,9,98.23,157.5,0.81
EP019,2024-03-02,9,98.89,142.07,0.57
EP015,2024-03-02,10,98.13,163.46,1.04
EP016,2024-03-02,10,96.98,161.77,1.41
EP017,2024-03-02,10,99.34,149.89,1.17
EP018,2024-03-02,10,98.29,175.9,1.08
EP019,2024-03-02,10,95.83,134.89,1.52
EP015,2024-03-02,11,98.61,152.48,1.25
EP016,2024-03-02,11,97.55,163.98,0.83
EP017,2024-03-02,11,99.0,137.43,1.46
EP018,2024-03-02,11,99.3,165.74,0.84
EP019,2024-03-02,11,98.46,139.85,0.68
EP015,2024-03-02,12,98.27,160.92,1.13
EP016,2024-03-02,12,97.52,164.89,0.91
EP017,2024-03-02,12,99.28,135.17,1.08
EP018,2024-03-02,12,97.09,154.6,1.76
EP019,2024-03-02,12,97.76,144.07,0.9
EP015,2024-03-02,13,98.3,164.13,1.08
EP016,2024-03-02,13,97.08,160.37,1.47
EP017,2024-03-02,13,99.5,137.26,1.05
EP018,2024-03-02,13,96.43,158.18,1.72
EP019,2024-03-02,13,98.44,131.77,0.9
EP015,2024-03-02,14,98.67,149.83,2.16
EP016,2024-03-02,14,96.69,161.71,1.3
EP017,2024-03-02,14,99.33,137.58,1.08
EP018,2024-03-02,14,97.96,161.56,1.3
EP019,2024-03-02,14,97.65,145.53,1.09
EP015,2024-03-02,15,97.63,156.78,1.99
EP016,2024-03-02,15,97.25,164.58,0.93
EP017,2024-03-02,15,99.9,141.69,0.91
EP018,2024-03-02,15,97.25,160.19,1.33
EP019,2024-03-02,15,98.29,139.63,0.89
EP015,2024-03-02,16,97.11,152.2,1.61
EP016,2024-03-02,16,97.42,167.14,1.44
EP017,2024-03-02,16,99.6,137.58,1.01
EP018,2024-03-02,16,98.66,161.84,1.09
EP019,2024-03-02,16,97.68,134.85,1.47
EP015,2024-03-02,17,97.89,154.52,1.38
EP016,2024-03-02,17,98.04,166.91,0.92
EP017,2024-03-02,17,99.8,143.44,0.88
EP018,2024-03-02,17,97.45,156.18,1.17
EP019,2024-03-02,17,96.79,136.52,0.92
EP015,2024-03-02,18,97.58,145.24,1.44
EP016,2024-03-02,18,98.8,159.51,0.96
EP017,2024-03-02,18,99.59,132.94,1.12
EP018,2024-03-02,18,98.45,167.67,0.99
EP019,2024-03-02,18,97.12,141.86,0.78
EP015,2024-03-02,19,97.45,145.24,1.3
EP016,2024-03-02,19,98.49,163.19,1.19
EP017,2024-03-02,19,99.78,131.29,1.08
EP018,2024-03-02,19,97.59,157.18,1.04
EP019,2024-03-02,19,95.42,148.57,1.78
EP015,2024-03-02,20,97.55,150.26,1.11
EP016,2024-03-02,20,98.89,159.04,1.13
EP017,2024-03-02,20,99.8,137.12,0.89
EP018,2024-03-02,20,98.09,165.37,0.95
EP019,2024-03-02,20,97.17,163.0,0.97
EP015,2024-03-02,21,97.21,143.19,1.32
EP016,2024-03-02,21,98.26,161.67,1.68
EP017,2024-03-02,21,99.43,140.55,1.2
EP018,2024-03-02,21,99.36,156.67,0.9
EP019,2024-03-02,21,99.76,146.57,0.69
EP015,2024-03-02,22,97.78,146.98,1.53
EP016,2024-03-02,22,98.85,158.96,1.54
EP017,2024-03-02,22,99.76,140.84,1.05
EP018,2024-03-02,22,98.8,153.04,0.82
EP019,2024-03-02,22,98.38,139.87,1.51
EP015,2024-03-02,23,95.47,157.37,1.71
EP016,2024-03-02,23,98.84,158.12,1.33
EP017,2024-03-02,23,99.4,150.28,1.22
EP018,2024-03-02,23,98.96,154.78,0.75
EP019,2024-03-02,23,98.02,140.59,1.34
EP015,2024-03-03,0,95.79,146.3,1.73
EP016,2024-03-03,0,98.2,164.24,1.07
EP017,2024-03-03,0,99.24,133.8,1.26
EP018,2024-03-03,0,99.28,157.5,0.83
EP019,2024-03-03,0,99.56,149.4,0.81
EP015,2024-03-03,1,95.8,149.98,1.75
EP016,2024-03-03,1,98.23,154.02,1.46
EP017,2024-03-03,1,99.0,132.16,1.25
EP018,2024-03-03,1,98.41,160.17,1.0
EP019,2024-03-03,1,99.9,149.77,0.84
EP015,2024-03-03,2,95.42,149.18,1.72
EP016,2024-03-03,2,97.53,157.2,1.2
EP017,2024-03-03,2,99.15,133.13,1.21
EP018,2024-03-03,2,97.56,160.74,1.26
EP019,2024-03-03,2,99.82,147.18,0.77
EP015,2024-03-03,3,96.88,161.91,1.65
EP016,2024-03-03,3,97.35,160.15,1.14
EP017,2024-03-03,3,99.81,137.36,0.97
EP018,2024-03-03,3,97.86,157.16,1.34
EP019,2024-03-03,3,99.32,157.5,0.86
EP015,2024-03-03,4,95.74,148.23,1.39
EP016,2024-03-03,4,,160.19,1.02
EP017,2024-03-03,4,99.63,139.02,1.07
EP018,2024-03-03,4,97.74,157.3,1.15
ep019,2024-03-03,4,98.49,155.38,0.73
EP015,2024-03-03,5,96.71,146.98,1.24
EP016,2024-03-03,5,97.6,162.88,1.13
EP017,2024-03-03,5,98.8,148.46,1.53
EP018,2024-03-03,5,98.25,162.79,1.18
EP019,2024-03-03,5,96.79,150.21,1.06
EP015,2024-03-03,6,97.22,143.39,0.99
EP016,2024-03-03,6,96.71,175.46,1.07
EP017,2024-03-03,6,98.4,149.0,1.48
EP018,2024-03-03,6,98.59,159.8,1.13
EP019,2024-03-03,6,93.81,152.77,1.69
EP015,2024-03-03,7,96.67,149.47,1.08
EP016,2024-03-03,7,96.83,162.55,1.07
EP017,2024-03-03,7,98.08,135.14,2.18
EP018,2024-03-03,7,98.12,168.65,1.06
EP019,2024-03-03,7,94.56,167.42,1.24
EP015,2024-03-03,8,96.73,154.84,1.11
EP016,2024-03-03,8,96.63,158.61,1.43
EP017,2024-03-03,8,98.71,140.63,1.75
EP018,2024-03-03,8,98.43,164.41,1.01
EP019,2024-03-03,8,97.7,148.58,0.98
EP015,2024-03-03,9,96.73,168.16,1.06
EP016,2024-03-03,9,96.56,164.5,1.2
EP017,2024-03-03,9,98.7,142.7,2.02
EP018,2024-03-03,9,98.13,162.5,0.99
EP019,2024-03-03,9,97.59,149.22,0.93
EP015,2024-03-03,10,96.35,159.76,1.03
EP016,2024-03-03,10,96.4,162.25,1.22
EP017,2024-03-03,10,98.84,145.54,2.06
EP018,2024-03-03,10,98.12,164.33,0.98
EP019,2024-03-03,10,98.28,138.18,0.89
EP015,2024-03-03,11,97.58,150.26,0.85
EP016,2024-03-03,11,97.0,160.15,1.44
EP017,2024-03-03,11,99.92,146.33,1.1
EP018,2024-03-03,11,98.63,169.27,0.85
EP019,2024-03-03,11,98.39,135.83,0.73
EP015,2024-03-03,12,96.64,148.64,1.0
EP016,2024-03-03,12,97.21,154.67,1.05
EP017,2024-03-03,12,99.42,148.13,0.87
EP018,2024-03-03,12,98.59,165.63,0.97
EP015,2024-03-03,13,96.81,162.0,0.81
EP016,2024-03-03,13,96.66,159.4,1.1
EP017,2024-03-03,13,99.06,143.87,1.05
EP018,2024-03-03,13,97.82,164.6,1.04
EP015,2024-03-03,14,97.38,147.6,0.89
EP016,2024-03-03,14,97.55,156.26,1.01
EP017,2024-03-03,14,99.23,137.93,0.92
EP018,2024-03-03,14,98.96,170.56,0.87
EP015,2024-03-03,15,96.98,151.38,0.83
EP016,2024-03-03,15,98.7,161.46,0.73
EP017,2024-03-03,15,99.87,133.49,1.04
EP018,2024-03-03,15,98.29,165.04,1.1
EP015,2024-03-03,16,96.71,165.36,0.75
EP016,2024-03-03,16,96.07,162.26,0.86
EP017,2024-03-03,16,99.1,,1.06
EP018,2024-03-03,16,98.02,162.46,1.14
EP015,2024-03-03,17,97.75,154.08,0.81
EP016,2024-03-03,17,95.81,160.56,1.1
EP017,2024-03-03,17,99.56,130.96,1.01
EP018,2024-03-03,17,98.44,166.27,1.02
EP019,2024-03-03,17,95.63,145.68,0.93
EP015,2024-03-03,18,98.41,153.06,1.28
EP016,2024-03-03,18,250,156.27,0.87
EP017,2024-03-03,18,99.81,126.36,1.04
EP018,2024-03-03,18,98.23,167.68,1.05
EP019,2024-03-03,18,95.98,153.92,1.09
EP015,2024-03-03,19,97.11,153.02,1.25
EP016,2024-03-03,19,97.06,160.55,1.02
EP017,2024-03-03,19,,133.0,1.17
EP018,2024-03-03,19,98.0,175.4,0.89
EP019,2024-03-03,19,95.53,145.73,1.65
EP015,2024-03-03,20,96.92,149.94,1.19
EP016,2024-03-03,20,96.13,157.38,1.29
EP017,2024-03-03,20,99.55,135.27,1.15
EP018,2024-03-03,20,98.02,169.68,0.91
EP019,2024-03-03,20,96.74,156.26,1.17
EP015,2024-03-03,21,97.25,,1.42
EP016,2024-03-03,21,96.44,161.1,1.14
EP017,2024-03-03,21,99.78,137.39,1.1
EP018,2024-03-03,21,98.23,164.2,1.07
EP019,2024-03-03,21,96.71,153.92,1.3
EP015,2024-03-03,22,96.24,163.17,1.36
EP016,2024-03-03,22,96.97,163.54,1.13
EP017,2024-03-03,22,99.8,133.32,1.25
EP018,2024-03-03,22,98.04,162.48,1.12
EP019,2024-03-03,22,95.3,145.32,1.59
EP015,2024-03-03,23,-5,148.9,1.18
EP016,2024-03-03,23,98.57,158.93,0.98
EP017,2024-03-03,23,99.84,132.9,1.05
EP018,2024-03-03,23,99.17,165.91,0.95
EP019,2024-03-03,23,95.36,140.48,1.95
EP015,2024-03-04,0,96.6,157.54,1.25
EP016,2024-03-04,0,97.35,156.19,1.14
EP017,2024-03-04,0,99.7,136.34,1.07
EP018,2024-03-04,0,98.57,168.64,1.05
EP019,2024-03-04,0,97.05,155.72,1.27
EP020,2024-03-04,0,99.77,132.63,0.58
EP015,2024-03-04,1,96.79,155.05,1.18
EP016,2024-03-04,1,97.29,158.38,1.26
EP017,2024-03-04,1,99.65,138.56,1.21
EP018,2024-03-04,1,101,174.25,1.0
EP019,2024-03-04,1,94.7,151.45,2.02
EP020,2024-03-04,1,99.09,120.3,0.55
EP015,2024-03-04,2,96.67,158.1,1.08
EP016,2024-03-04,2,97.09,157.29,1.24
EP017,2024-03-04,2,99.7,142.75,1.1
EP018,2024-03-04,2,98.74,172.57,1.06
EP019,2024-03-04,2,95.9,159.59,1.58
EP020,2024-03-04,2,96.86,123.24,0.7
EP015,2024-03-04,3,96.48,163.44,1.27
EP016,2024-03-04,3,96.89,159.11,1.02
EP017,2024-03-04,3,99.87,147.31,1.13
EP018,2024-03-04,3,98.92,184.79,0.97
EP019,2024-03-04,3,94.96,161.8,1.86
EP020,2024-03-04,3,97.59,130.13,0.82
EP015,2024-03-04,4,96.37,168.1,1.22
EP016,2024-03-04,4,95.11,162.53,1.04
EP017,2024-03-04,4,99.74,154.57,1.15
EP018,2024-03-04,4,99.06,180.67,1.01
EP019,2024-03-04,4,96.23,157.13,1.64
EP020,2024-03-04,4,96.73,,1.02
EP015,2024-03-04,5,97.3,169.59,1.36
EP016,2024-03-04,5,96.41,167.43,1.02
EP017,2024-03-04,5,99.96,150.11,1.16
EP018,2024-03-04,5,98.33,166.4,1.08
EP019,2024-03-04,5,97.98,165.51,1.2
EP020,2024-03-04,5,96.04,131.88,1.04
EP015,2024-03-04,6,97.65,162.57,1.61
EP015,2024-03-04,6,97.65,162.57,1.61
EP016,2024-03-04,6,96.68,162.02,1.38
EP017,2024-03-04,6,99.72,142.04,1.24
EP018,2024-03-04,6,98.98,164.53,1.05
EP019,2024-03-04,6,95.47,155.43,1.37
EP019,2024-03-04,6,95.47,155.43,1.37
EP020,2024-03-04,6,97.77,118.96,1.03
EP015,2024-03-04,7,97.66,163.36,1.57
EP016,2024-03-04,7,96.56,156.24,1.6
EP017,2024-03-04,7,99.11,148.93,1.13
EP018,2024-03-04,7,98.62,163.77,1.07
EP019,2024-03-04,7,94.73,158.81,2.07
EP020,2024-03-04,7,97.82,116.65,1.11
EP015,2024-03-04,8,97.59,161.19,1.48
EP016,2024-03-04,8,96.2,161.4,1.07
EP017,2024-03-04,8,99.17,140.13,1.32
EP018,2024-03-04,8,98.06,167.02,1.32
EP019,2024-03-04,8,97.26,171.05,1.63
EP020,2024-03-04,8,96.41,115.65,1.46
EP015,2024-03-04,9,97.11,149.83,1.56
EP016,2024-03-04,9,97.12,156.8,0.78
EP017,2024-03-04,9,99.7,135.12,1.4
EP018,2024-03-04,9,96.96,164.75,1.54
EP019,2024-03-04,9,99.35,160.46,0.77
EP020,2024-03-04,9,95.57,123.82,1.14
EP015,2024-03-04,10,96.76,166.24,1.14
EP016,2024-03-04,10,95.75,160.25,0.84
EP017,2024-03-04,10,99.62,144.68,1.37
EP018,2024-03-04,10,99.59,165.07,1.95
EP019,2024-03-04,10,97.36,157.48,1.15
EP020,2024-03-04,10,96.65,125.96,0.72
EP015,2024-03-04,11,97.7,155.34,1.03
EP016,2024-03-04,11,95.7,159.51,0.85
EP016,2024-03-04,11,95.7,159.51,0.85
EP017,2024-03-04,11,99.89,138.11,1.17
EP018,2024-03-04,11,98.53,159.64,1.99
EP019,2024-03-04,11,98.48,151.82,1.05
EP020,2024-03-04,11,96.0,121.06,0.75
EP015,2024-03-04,12,98.23,155.68,1.49
EP016,2024-03-04,12,97.29,157.56,0.98
EP017,2024-03-04,12,99.76,140.57,1.33
EP018,2024-03-04,12,98.55,157.07,1.49
EP019,2024-03-04,12,99.9,148.38,0.66
EP020,2024-03-04,12,96.76,131.57,0.61
EP015,2024-03-04,13,98.33,157.15,1.16
EP016,2024-03-04,13,96.78,161.22,1.15
EP017,2024-03-04,13,99.57,141.61,1.35
EP018,2024-03-04,13,98.45,155.74,1.37
EP019,2024-03-04,13,99.65,147.17,0.61
EP020,2024-03-04,13,96.86,121.0,0.59
EP015,2024-03-04,14,98.57,159.29,1.23
EP016,2024-03-04,14,95.94,158.3,1.07
EP017,2024-03-04,14,99.74,139.91,1.4
EP018,2024-03-04,14,98.3,161.86,1.29
EP019,2024-03-04,14,96.36,156.92,2.58
EP020,2024-03-04,14,96.08,118.16,0.81
EP015,2024-03-04,15,99.44,148.24,1.41
EP016,2024-03-04,15,95.23,158.36,0.9
EP017,2024-03-04,15,99.28,143.89,1.28
EP018,2024-03-04,15,98.96,161.21,1.3
EP019,2024-03-04,15,99.94,150.02,0.58
EP020,2024-03-04,15,96.43,119.25,
EP015,2024-03-04,16,97.35,161.39,1.19
EP016,2024-03-04,16,94.69,164.1,1.31
EP017,2024-03-04,16,99.82,149.88,1.15
EP018,2024-03-04,16,98.68,164.0,1.38
EP019,2024-03-04,16,99.6,150.14,0.55
EP020,2024-03-04,16,96.44,126.4,0.71
EP015,2024-03-04,17,96.29,156.88,0.96
EP016,2024-03-04,17,94.37,159.96,1.35
EP017,2024-03-04,17,99.61,153.5,1.09
EP018,2024-03-04,17,99.47,169.71,0.94
EP019,2024-03-04,17,99.6,154.0,0.77
EP020,2024-03-04,17,95.7,123.73,0.76
EP015,2024-03-04,18,95.91,160.77,1.14
EP016,2024-03-04,18,94.64,148.14,1.56
EP017,2024-03-04,18,98.65,139.8,1.75
EP018,2024-03-04,18,99.06,158.94,0.99
EP020,2024-03-04,18,96.43,131.96,0.71
EP015,2024-03-04,19,96.31,160.18,1.18
EP016,2024-03-04,19,93.86,146.76,2.0
EP017,2024-03-04,19,98.29,133.85,1.82
EP018,2024-03-04,19,98.95,153.57,1.09
EP020,2024-03-04,19,95.1,146.12,0.88
EP015,2024-03-04,20,96.09,152.8,1.09
EP016,2024-03-04,20,93.72,148.54,1.29
EP017,2024-03-04,20,98.6,132.98,1.4
EP018,2024-03-04,20,98.79,153.95,1.0
EP020,2024-03-04,20,96.7,136.39,0.57
EP015,2024-03-04,21,96.38,157.4,0.95
EP016,2024-03-04,21,93.55,145.47,1.68
EP017,2024-03-04,21,98.78,136.84,1.34
EP018,2024-03-04,21,98.17,152.77,1.05
EP020,2024-03-04,21,96.17,126.85,0.58
EP015,2024-03-04,22,96.29,149.24,0.91
EP016,2024-03-04,22,92.96,148.96,1.71
EP017,2024-03-04,22,98.74,134.41,1.47
EP018,2024-03-04,22,98.35,160.27,0.92
EP020,2024-03-04,22,95.04,123.96,0.59
EP015,2024-03-04,23,95.78,150.93,1.06
EP016,2024-03-04,23,92.96,163.42,1.28
EP017,2024-03-04,23,99.04,147.12,1.15
EP018,2024-03-04,23,98.69,163.92,0.87
EP020,2024-03-04,23,95.06,131.44,0.56
EP015,2024-03-05,0,96.7,148.91,1.33
EP016,2024-03-05,0,93.4,153.06,0.99
EP017,2024-03-05,0,98.63,140.77,1.31
EP018,2024-03-05,0,97.57,160.02,1.2
EP020,2024-03-05,0,96.7,135.7,0.45
EP015,2024-03-05,1,96.51,150.53,1.32
EP016,2024-03-05,1,96.08,146.71,0.99
EP017,2024-03-05,1,97.57,139.25,1.47
EP018,2024-03-05,1,97.73,160.11,1.03
EP020,2024-03-05,1,96.61,132.27,0.46
EP015,2024-03-05,2,96.37,156.22,1.2
EP016,2024-03-05,2,93.06,151.51,1.31
EP017,2024-03-05,2,98.05,141.4,1.43
EP018,2024-03-05,2,97.67,159.54,1.2
EP020,2024-03-05,2,96.0,129.06,0.48
EP015,2024-03-05,3,96.61,148.28,1.25
EP016,2024-03-05,3,93.71,148.06,0.87
EP017,2024-03-05,3,97.78,143.63,1.36
EP018,2024-03-05,3,98.02,162.08,1.2
EP020,2024-03-05,3,95.66,136.85,0.48
EP015,2024-03-05,4,96.37,149.83,1.24
EP016,2024-03-05,4,92.9,148.49,0.97
EP017,2024-03-05,4,98.03,149.9,1.34
EP018,2024-03-05,4,98.02,157.92,1.15
EP020,2024-03-05,4,96.33,131.65,0.5
EP015,2024-03-05,5,97.47,162.51,1.25
EP016,2024-03-05,5,92.0,154.59,1.11
EP017,2024-03-05,5,98.12,157.33,1.41
EP018,2024-03-05,5,96.82,165.53,1.1
EP020,2024-03-05,5,95.3,133.62,0.49
EP015,2024-03-05,6,98.54,153.1,1.07
EP016,2024-03-05,6,91.4,156.81,1.21
EP017,2024-03-05,6,98.53,144.51,1.01
EP018,2024-03-05,6,97.93,,0.81
EP020,2024-03-05,6,96.45,134.2,0.49
EP015,2024-03-05,7,97.63,151.88,1.54
EP016,2024-03-05,7,95.19,150.4,1.12
EP017,2024-03-05,7,97.98,140.47,1.31
EP018,2024-03-05,7,98.58,158.54,0.8
EP020,2024-03-05,7,96.23,130.4,0.47
EP015,2024-03-05,8,98.06,148.35,1.25
EP016,2024-03-05,8,93.44,149.17,1.49
EP017,2024-03-05,8,98.57,142.02,1.56
EP018,2024-03-05,8,98.08,166.49,1.57
EP020,2024-03-05,8,95.92,130.22,0.45
EP015,2024-03-05,9,98.4,144.44,1.34
EP016,2024-03-05,9,91.74,155.6,1.48
EP017,2024-03-05,9,98.15,146.77,1.69
EP018,2024-03-05,9,97.53,156.37,2.49
EP020,2024-03-05,9,96.56,140.73,0.38
EP015,2024-03-05,10,97.44,159.16,0.96
EP016,2024-03-05,10,91.39,152.04,1.81
EP017,2024-03-05,10,98.24,151.42,1.78
EP018,2024-03-05,10,96.1,160.13,1.8
EP020,2024-03-05,10,94.74,140.26,0.9
EP015,2024-03-05,11,95.27,152.54,0.97
EP016,2024-03-05,11,91.77,161.3,1.51
EP017,2024-03-05,11,98.06,143.02,1.44
EP018,2024-03-05,11,97.4,156.89,1.54
EP020,2024-03-05,11,99.24,138.8,0.54
EP020,2024-03-05,11,99.24,138.8,0.54
EP015,2024-03-05,12,95.46,153.72,1.22
EP016,2024-03-05,12,93.07,163.57,1.38
EP017,2024-03-05,12,98.42,136.69,1.63
EP018,2024-03-05,12,97.7,159.0,1.51
EP020,2024-03-05,12,97.38,141.79,0.72
EP015,2024-03-05,13,96.15,148.65,1.03
EP016,2024-03-05,13,92.09,161.68,1.63
EP017,2024-03-05,13,98.62,138.23,1.56
EP018,2024-03-05,13,97.81,161.46,1.44
EP020,2024-03-05,13,97.06,141.5,0.65
EP015,2024-03-05,14,98.08,158.65,1.22
EP016,2024-03-05,14,93.02,160.19,1.64
EP017,2024-03-05,14,98.42,146.26,1.38
EP018,2024-03-05,14,98.0,159.2,1.3
EP020,2024-03-05,14,92.68,154.0,1.1
EP015,2024-03-05,15,95.89,176.07,1.28
EP016,2024-03-05,15,94.57,156.34,0.72
EP017,2024-03-05,15,98.28,144.17,1.22
EP018,2024-03-05,15,98.81,157.92,1.36
EP020,2024-03-05,15,96.87,138.98,0.73
EP015,2024-03-05,16,96.46,163.71,0.93
EP016,2024-03-05,16,94.3,164.65,0.74
EP017,2024-03-05,16,98.14,142.45,1.19
EP018,2024-03-05,16,97.83,156.09,1.5
EP020,2024-03-05,16,95.98,139.56,0.83
EP015,2024-03-05,17,93.07,145.4,1.3
EP016,2024-03-05,17,93.0,159.28,1.08
EP017,2024-03-05,17,97.34,143.88,1.41
EP018,2024-03-05,17,98.38,165.23,1.13
EP020,2024-03-05,17,92.15,151.41,1.18
EP015,2024-03-05,18,94.04,144.63,1.46
EP016,2024-03-05,18,92.83,157.65,1.05
EP017,2024-03-05,18,96.29,136.16,1.86
EP018,2024-03-05,18,98.37,156.61,0.91
EP020,2024-03-05,18,93.62,143.36,2.0
EP015,2024-03-05,19,94.65,144.46,1.38
EP016,2024-03-05,19,93.81,152.17,1.01
EP017,2024-03-05,19,96.28,146.28,2.19
EP018,2024-03-05,19,98.16,157.22,1.19
EP020,2024-03-05,19,91.94,146.13,1.81
EP015,2024-03-05,20,93.83,158.75,1.29
EP016,2024-03-05,20,93.97,152.31,1.08
EP017,2024-03-05,20,97.52,155.8,1.54
EP018,2024-03-05,20,97.06,148.74,1.55
EP020,2024-03-05,20,91.05,154.98,1.58
EP015,2024-03-05,21,93.18,162.88,1.09
EP016,2024-03-05,21,96.5,153.15,1.16
EP017,2024-03-05,21,98.09,156.56,1.7
EP018,2024-03-05,21,96.96,157.33,1.43
EP020,2024-03-05,21,90.94,148.4,1.21
EP015,2024-03-05,22,93.6,154.5,1.67
EP016,2024-03-05,22,93.18,155.32,1.39
EP017,2024-03-05,22,96.71,147.92,1.9
EP018,2024-03-05,22,96.04,155.24,1.6
EP020,2024-03-05,22,91.33,143.77,1.14
EP015,2024-03-05,23,95.27,152.59,1.12
EP016,2024-03-05,23,92.28,154.7,1.37
EP017,2024-03-05,23,97.37,153.11,1.92
EP018,2024-03-05,23,97.33,151.55,1.26
EP020,2024-03-05,23,91.76,154.7,1.28
EP015,2024-03-06,0,95.0,154.14,1.57
EP016,2024-03-06,0,97.94,156.48,1.0
EP017,2024-03-06,0,98.71,148.02,1.13
EP018,2024-03-06,0,97.77,159.0,1.38
EP020,2024-03-06,0,95.94,156.19,0.99
EP015,2024-03-06,1,93.95,153.68,1.56
EP016,2024-03-06,1,95.26,161.72,1.36
EP017,2024-03-06,1,97.91,149.74,1.38
EP018,2024-03-06,1,97.98,160.04,1.49
EP020,2024-03-06,1,94.98,158.87,0.96
EP015,2024-03-06,2,95.36,157.02,1.18
EP016,2024-03-06,2,94.26,162.09,1.26
EP016,2024-03-06,2,94.26,162.09,1.26
EP017,2024-03-06,2,97.9,150.78,1.21
EP018,2024-03-06,2,97.41,159.02,1.67
EP020,2024-03-06,2,95.09,148.3,0.86
EP015,2024-03-06,3,95.52,161.69,1.28
EP016,2024-03-06,3,95.88,165.75,1.03
EP017,2024-03-06,3,98.36,152.0,1.05
EP018,2024-03-06,3,97.13,156.84,1.78
EP020,2024-03-06,3,94.78,146.82,1.06
EP015,2024-03-06,4,95.37,166.07,1.33
EP016,2024-03-06,4,95.09,164.15,1.07
EP017,2024-03-06,4,97.81,147.68,1.04
EP018,2024-03-06,4,97.64,157.8,1.64
EP020,2024-03-06,4,94.15,154.94,0.89
EP015,2024-03-06,5,96.39,173.8,0.96
EP016,2024-03-06,5,92.91,161.21,1.08
EP017,2024-03-06,5,98.09,145.73,0.97
EP018,2024-03-06,5,97.33,161.49,1.76
EP020,2024-03-06,5,93.66,156.32,0.82
EP015,2024-03-06,6,95.77,173.47,1.44
EP016,2024-03-06,6,92.77,157.4,0.92
EP017,2024-03-06,6,97.86,149.0,0.84
EP018,2024-03-06,6,99.13,171.67,0.99
EP020,2024-03-06,6,94.58,160.98,0.81
EP015,2024-03-06,7,94.88,166.82,1.59
EP016,2024-03-06,7,93.95,163.27,0.91
EP017,2024-03-06,7,98.0,148.19,0.9
EP018,2024-03-06,7,96.59,158.47,1.24
EP020,2024-03-06,7,91.59,154.72,1.05
EP015,2024-03-06,8,93.23,155.15,1.79
EP016,2024-03-06,8,91.8,159.52,0.98
EP017,2024-03-06,8,98.91,141.31,1.02
EP018,2024-03-06,8,97.74,157.91,1.23
EP020,2024-03-06,8,92.66,157.7,1.08
EP015,2024-03-06,9,92.77,163.18,1.92
EP016,2024-03-06,9,95.77,159.04,0.87
EP017,2024-03-06,9,99.68,138.38,0.9
EP018,2024-03-06,9,97.77,157.71,1.03
EP020,2024-03-06,9,97.13,150.33,0.87
EP015,2024-03-06,10,92.11,157.17,1.88
EP016,2024-03-06,10,90.6,167.62,1.17
EP017,2024-03-06,10,97.86,144.41,1.01
EP018,2024-03-06,10,97.77,154.88,1.03
EP020,2024-03-06,10,95.71,170.12,1.31
EP015,2024-03-06,11,91.04,157.83,1.66
EP016,2024-03-06,11,91.18,160.32,1.07
EP016,2024-03-06,11,91.18,160.32,1.07
EP017,2024-03-06,11,98.43,153.55,1.33
EP018,2024-03-06,11,96.36,153.66,1.81
EP020,2024-03-06,11,97.18,156.61,0.73
EP015,2024-03-06,12,94.7,161.85,1.91
EP016,2024-03-06,12,93.96,151.85,1.38
EP017,2024-03-06,12,98.83,140.25,1.41
EP018,2024-03-06,12,96.31,154.9,1.96
EP020,2024-03-06,12,99.42,148.48,0.77
EP015,2024-03-06,13,94.77,173.6,1.82
EP016,2024-03-06,13,95.13,152.5,-1
EP017,2024-03-06,13,97.36,140.34,1.52
EP018,2024-03-06,13,96.67,157.4,1.76
EP020,2024-03-06,13,98.9,150.67,0.76
EP015,2024-03-06,14,95.98,155.13,1.01
EP016,2024-03-06,14,93.05,146.58,1.74
EP017,2024-03-06,14,97.63,157.02,1.05
EP018,2024-03-06,14,97.24,159.41,1.74
EP020,2024-03-06,14,98.26,145.07,0.93
EP015,2024-03-06,15,95.19,153.33,1.55
EP016,2024-03-06,15,93.46,148.5,1.48
EP017,2024-03-06,15,98.8,158.27,0.73
EP018,2024-03-06,15,96.86,153.63,1.87
EP020,2024-03-06,15,99.49,146.73,2.0
EP015,2024-03-06,16,96.48,149.55,1.32
EP016,2024-03-06,16,93.06,153.1,1.29
EP017,2024-03-06,16,98.67,145.88,0.85
EP018,2024-03-06,16,97.47,153.89,1.91
EP020,2024-03-06,16,95.92,156.13,1.24
EP015,2024-03-06,17,96.62,162.11,1.03
EP016,2024-03-06,17,92.61,151.93,1.06
EP017,2024-03-06,17,96.92,139.43,1.83
EP018,2024-03-06,17,96.88,156.98,1.66
EP020,2024-03-06,17,93.72,158.1,1.32
EP015,2024-03-06,18,95.63,155.86,1.22
EP016,2024-03-06,18,93.45,165.49,0.92
EP017,2024-03-06,18,97.88,135.08,1.52
EP018,2024-03-06,18,97.24,163.91,1.72
EP020,2024-03-06,18,94.23,143.46,1.06
EP020,2024-03-06,18,94.23,143.46,1.06
EP015,2024-03-06,19,94.9,147.96,1.47
EP016,2024-03-06,19,95.25,154.0,0.86
EP017,2024-03-06,19,97.5,131.4,1.4
EP018,2024-03-06,19,96.41,153.43,1.9
EP020,2024-03-06,19,93.64,146.09,1.25
EP015,2024-03-06,20,95.51,148.78,1.69
EP016,2024-03-06,20,94.21,149.83,1.01
EP017,2024-03-06,20,95.69,147.81,1.48
EP018,2024-03-06,20,97.27,160.22,1.45
EP020,2024-03-06,20,91.98,156.93,1.63
EP015,2024-03-06,21,94.73,152.95,1.45
EP016,2024-03-06,21,91.66,146.74,0.84
EP017,2024-03-06,21,96.84,138.34,1.62
EP018,2024-03-06,21,97.17,167.66,1.46
EP020,2024-03-06,21,96.66,157.13,0.96
EP015,2024-03-06,22,95.51,160.42,1.63
EP016,2024-03-06,22,92.45,146.45,0.99
EP017,2024-03-06,22,96.78,135.59,1.77
EP018,2024-03-06,22,96.27,155.8,1.48
EP020,2024-03-06,22,95.37,158.0,0.88
EP015,2024-03-06,23,94.35,155.19,1.3
EP016,2024-03-06,23,91.43,"136,17",1.54
EP017,2024-03-06,23,99.52,140.09,1.2
EP018,2024-03-06,23,96.63,155.1,1.23
EP020,2024-03-06,23,94.57,156.27,1.21
EP015,2024-03-07,0,93.94,154.52,1.78
EP016,2024-03-07,0,94.35,137.88,0.83
EP017,2024-03-07,0,99.43,142.96,1.33
EP018,2024-03-07,0,97.59,156.18,1.19
EP020,2024-03-07,0,97.02,141.63,1.19
EP015,2024-03-07,1,94.84,154.18,2.02
EP016,2024-03-07,1,95.48,143.8,1.44
EP017,2024-03-07,1,99.77,143.5,1.07
EP018,2024-03-07,1,95.52,159.02,1.45
EP020,2024-03-07,1,97.94,144.88,0.91
EP015,2024-03-07,2,92.3,157.82,1.63
EP016,2024-03-07,2,95.65,147.1,1.07
EP017,2024-03-07,2,99.72,146.88,25
EP018,2024-03-07,2,94.89,169.24,1.31
EP020,2024-03-07,2,96.68,143.7,0.89
EP015,2024-03-07,3,90.33,156.78,1.43
EP016,2024-03-07,3,94.28,145.02,1.4
EP017,2024-03-07,3,99.76,144.32,1.11
EP018,2024-03-07,3,95.09,178.02,1.35
EP020,2024-03-07,3,97.94,145.98,0.77
EP015,2024-03-07,4,93.39,152.54,1.48
EP016,2024-03-07,4,94.08,149.66,1.4
EP017,2024-03-07,4,99.5,146.56,1.17
EP018,2024-03-07,4,94.33,173.71,1.71
EP020,2024-03-07,4,97.65,145.43,0.81
EP015,2024-03-07,5,92.53,161.09,1.78
EP016,2024-03-07,5,94.16,156.19,1.28
EP017,2024-03-07,5,99.7,151.65,1.22
EP018,2024-03-07,5,93.49,170.33,1.73
EP020,2024-03-07,5,97.93,143.68,0.83
EP015,2024-03-07,6,94.72,163.94,1.27
EP016,2024-03-07,6,94.0,161.35,1.1
EP017,2024-03-07,6,99.63,136.37,1.37
EP018,2024-03-07,6,95.07,171.41,1.09
EP020,2024-03-07,6,97.45,159.04,0.95
EP015,2024-03-07,7,95.11,160.33,1.44
EP016,2024-03-07,7,94.18,150.56,1.21
EP017,2024-03-07,7,99.08,133.16,1.57
EP018,2024-03-07,7,95.94,168.71,1.21
EP020,2024-03-07,7,97.1,160.65,0.8
EP015,2024-03-07,8,94.26,160.12,1.16
EP016,2024-03-07,8,94.7,149.8,1.26
EP017,2024-03-07,8,99.24,137.27,1.31
EP018,2024-03-07,8,-1,153.48,1.22
EP020,2024-03-07,8,93.42,147.04,0.94
EP020,2024-03-07,8,93.42,147.04,0.94
EP015,2024-03-07,9,96.08,165.94,1.15
EP016,2024-03-07,9,94.67,150.35,1.06
EP017,2024-03-07,9,99.13,135.62,1.33
EP018,2024-03-07,9,94.98,158.28,1.15
EP020,2024-03-07,9,94.42,155.87,0.74
EP015,2024-03-07,10,95.47,149.63,1.67
EP016,2024-03-07,10,94.34,152.04,1.09
EP017,2024-03-07,10,98.78,133.76,1.41
EP018,2024-03-07,10,96.36,160.58,1.19
EP020,2024-03-07,10,92.96,147.82,0.7
EP015,2024-03-07,11,94.0,153.14,1.28
EP016,2024-03-07,11,95.93,161.76,0.84
EP017,2024-03-07,11,97.96,132.78,0.89
EP018,2024-03-07,11,95.64,154.98,0.91
EP020,2024-03-07,11,94.26,159.96,0.78
EP015,2024-03-07,12,96.24,151.02,0.99
EP016,2024-03-07,12,97.65,157.19,1.1
EP017,2024-03-07,12,97.68,134.66,1.04
EP018,2024-03-07,12,96.08,159.0,1.01
EP020,2024-03-07,12,97.0,155.4,0.82
EP015,2024-03-07,13,95.29,157.39,1.07
EP016,2024-03-07,13,98.66,151.74,0.92
EP017,2024-03-07,13,104,133.24,1.18
EP018,2024-03-07,13,95.1,156.27,1.24
EP020,2024-03-07,13,95.23,141.98,0.86
EP015,2024-03-07,14,95.7,148.89,1.06
EP016,2024-03-07,14,97.09,148.17,
EP017,2024-03-07,14,98.93,136.3,1.46
EP018,2024-03-07,14,95.72,155.81,1.26
EP020,2024-03-07,14,95.04,151.38,0.85
EP015,2024-03-07,15,92.6,154.38,1.25
EP016,2024-03-07,15,93.7,147.77,1.8
EP017,2024-03-07,15,99.8,135.7,1.1
EP018,2024-03-07,15,96.36,158.49,1.34
EP020,2024-03-07,15,97.89,146.76,0.91
EP015,2024-03-07,16,91.24,157.85,1.24
EP016,2024-03-07,16,95.16,149.0,1.96
EP017,2024-03-07,16,98.85,137.67,1.22
EP018,2024-03-07,16,95.78,157.8,1.79
EP020,2024-03-07,16,93.14,152.41,1.05
EP015,2024-03-07,17,95.36,156.88,0.85
EP016,2024-03-07,17,94.35,156.29,1.51
EP017,2024-03-07,17,99.53,138.51,1.15
EP018,2024-03-07,17,96.08,156.96,1.31
EP020,2024-03-07,17,94.79,152.79,1.12
EP021,2024-03-07,17,99.53,172.53,1.27
EP015,2024-03-07,18,94.57,157.22,1.49
EP016,2024-03-07,18,98.02,151.02,0.99
EP017,2024-03-07,18,99.52,126.56,1.19
EP018,2024-03-07,18,96.37,159.85,1.28
EP020,2024-03-07,18,95.26,158.46,0.86
EP021,2024-03-07,18,98.84,155.32,0.86
EP015,2024-03-07,19,94.1,158.35,1.15
EP016,2024-03-07,19,96.81,150.12,1.24
EP017,2024-03-07,19,99.53,132.57,1.49
EP018,2024-13-02,19,94.18,150.51,1.22
EP020,2024-03-07,19,95.69,148.84,0.73
EP021,2024-03-07,19,98.38,144.47,0.63
EP015,2024-03-07,20,94.79,138.72,0.88
EP016,2024-03-07,20,95.93,150.36,1.08
EP017,2024-03-07,20,99.0,146.88,1.26
EP018,2024-03-07,20,,146.82,1.42
EP020,2024-03-07,20,94.92,147.0,0.71
EP021,2024-03-07,20,99.02,143.63,0.53
EP015,2024-03-07,21,95.69,147.18,1.21
EP016,2024-03-07,21,96.64,142.96,1.81
EP017,2024-03-07,21,99.06,144.39,1.44
EP018,2024-03-07,21,96.24,144.43,1.09
EP020,2024-03-07,21,97.07,156.19,1.7
EP021,2024-03-07,21,98.43,141.35,0.58
EP015,2024-03-07,22,93.94,143.6,1.65
EP016,2024-03-07,22,97.12,146.87,1.31
EP017,2024-03-07,22,99.02,141.87,1.43
EP018,2024-03-07,22,96.42,144.47,1.68
EP020,2024-03-07,22,96.57,150.61,0.98
EP021,2024-03-07,22,98.15,144.83,0.69
EP015,2024-03-07,23,92.77,156.65,1.18
EP016,2024-03-07,23,95.98,163.35,1.09
EP017,2024-03-07,23,98.98,140.25,1.49
EP018,2024-03-07,23,94.67,142.81,1.82
EP020,2024-03-07,23,94.69,158.73,0.96
EP021,2024-03-07,23,98.12,144.8,0.74
EP015,2024-03-08,0,94.45,160.36,1.21
EP016,2024-03-08,0,97.02,143.43,0.85
EP017,2024-03-08,0,99.6,143.46,1.14
EP018,2024-03-08,0,96.98,157.09,0.99
EP020,2024-03-08,0,96.91,157.16,1.06
EP021,2024-03-08,0,99.07,145.84,0.91
EP015,2024-03-08,1,94.02,155.3,1.47
EP016,2024-03-08,1,95.71,146.69,1.23
EP017,2024-03-08,1,99.43,140.16,1.54
EP018,2024-03-08,1,96.39,161.18,1.33
EP020,2024-03-08,1,97.32,152.11,0.75
EP021,2024-03-08,1,98.91,140.76,0.87
EP015,2024-03-08,2,93.56,168.91,1.25
EP016,2024-03-08,2,95.92,146.3,0.99
EP017,2024-03-08,2,98.82,140.78,1.41
EP018,2024-03-08,2,94.84,150.63,1.77
EP020,2024-03-08,2,97.51,149.41,0.79
EP021,2024-03-08,2,98.12,143.37,0.82
EP015,2024-03-08,3,94.56,161.27,1.38
EP016,2024-03-08,3,95.56,149.64,0.99
EP017,2024-03-08,3,99.43,143.34,1.46
EP018,2024-03-08,3,95.96,158.76,1.23
EP020,2024-03-08,3,97.27,153.78,0.76
EP021,2024-03-08,3,98.4,145.49,1.04
EP015,2024-03-08,4,93.93,147.02,1.44
EP016,2024-03-08,4,96.94,147.72,0.92
EP017,2024-03-08,4,99.43,142.14,1.53
EP018,2024-03-08,4,96.0,157.93,1.52
EP020,2024-03-08,4,96.87,159.0,0.77
EP021,2024-03-08,4,99.38,146.67,0.93
EP015,2024-03-08,5,93.4,148.65,1.04
ep016,2024-03-08,5,94.85,156.05,0.9
EP017,2024-03-08,5,98.65,149.57,1.44
EP018,2024-03-08,5,95.05,152.63,1.41
EP020,2024-03-08,5,96.65,159.63,0.73
EP021,2024-03-08,5,98.42,147.02,0.85
EP015,2024-03-08,6,93.98,148.46,1.07
EP016,2024-03-08,6,96.74,148.49,1.07
EP017,2024-03-08,6,98.02,145.88,1.54
EP018,2024-03-08,6,93.5,155.46,1.37
EP020,2024-03-08,6,95.5,176.23,0.94
EP021,2024-03-08,6,96.76,141.16,0.67
EP015,2024-03-08,7,94.56,148.58,1.0
EP016,2024-03-08,7,94.65,149.96,1.31
EP017,2024-03-08,7,97.88,152.14,1.93
EP018,2024-03-08,7,94.88,148.68,1.49
EP020,2024-03-08,7,95.76,165.64,0.87
EP021,2024-03-08,7,96.33,151.78,0.78
EP015,2024-03-08,8,91.33,159.79,0.99
EP016,2024-03-08,8,95.16,150.86,0.98
EP017,2024-03-08,8,98.78,146.04,1.51
EP018,2024-03-08,8,92.78,143.73,1.42
EP020,2024-03-08,8,94.73,153.96,0.85
EP021,2024-03-08,8,97.02,145.74,
EP015,2024-03-08,9,92.44,157.98,0.97
EP016,2024-03-08,9,94.43,153.9,0.87
EP017,2024-03-08,9,98.65,145.42,1.48
EP018,2024-03-08,9,93.63,143.08,1.14
EP020,2024-03-08,9,93.25,158.57,1.49
EP021,2024-03-08,9,97.53,146.77,0.63
EP015,2024-03-08,10,89.87,165.64,1.22
EP016,2024-03-08,10,94.74,152.28,1.02
EP017,2024-03-08,10,99.02,141.57,1.71
EP018,2024-03-08,10,94.74,147.89,1.12
EP020,2024-03-08,10,92.47,152.15,1.16
EP021,2024-03-08,10,98.23,140.06,0.46
EP015,2024-03-08,11,96.63,158.52,0.88
EP016,2024-03-08,11,92.17,161.77,1.3
EP017,2024-03-08,11,98.89,144.02,1.8
EP018,2024-03-08,11,91.8,156.51,1.13
EP020,2024-03-08,11,92.74,163.29,1.29
EP021,2024-03-08,11,,139.38,0.89
EP015,2024-03-08,12,96.41,164.45,1.32
EP016,2024-03-08,12,93.02,154.84,0.68
EP017,2024-03-08,12,97.93,163.1,1.54
EP018,2024-03-08,12,95.0,151.34,1.32
EP020,2024-03-08,12,95.11,162.87,0.78
EP021,2024-03-08,12,97.55,145.6,0.73
EP015,2024-03-08,13,95.64,157.48,1.29
EP016,2024-03-08,13,,163.7,0.85
EP017,2024-03-08,13,97.79,161.68,1.73
EP018,2024-03-08,13,97.85,147.83,0.94
EP020,2024-03-08,13,97.67,158.37,0.97
EP021,2024-03-08,13,99.48,135.26,0.46
EP015,2024-03-08,14,92.2,164.8,1.09
EP016,2024-03-08,14,91.71,163.02,0.89
EP017,2024-03-08,14,97.77,156.3,1.82
EP018,2024-03-08,14,94.69,150.27,1.21
EP020,2024-03-08,14,95.7,150.06,1.19
EP021,2024-03-08,14,96.27,146.76,0.86
EP015,2024-03-08,15,93.43,172.14,0.77
EP016,2024-03-08,15,91.83,163.96,0.87
EP017,2024-03-08,15,97.13,147.11,1.42
EP018,2024-03-08,15,95.53,161.06,0.78
EP020,2024-03-08,15,93.53,151.72,0.85
EP021,2024-03-08,15,97.26,142.7,0.57
EP015,2024-03-08,16,96.8,157.86,0.71
EP016,2024-03-08,16,91.14,169.44,0.96
EP017,2024-03-08,16,97.55,143.9,1.49
EP018,2024-03-08,16,96.23,173.29,0.85
EP020,2024-03-08,16,93.64,158.61,1.03
EP021,2024-03-08,16,97.53,140.1,0.54
EP015,2024-03-08,17,93.47,147.12,0.89
EP016,2024-03-08,17,94.02,160.27,1.1
EP017,2024-03-08,17,97.12,150.44,1.93
EP018,2024-03-08,17,97.19,154.33,0.8
EP020,2024-03-08,17,93.6,157.96,0.96
EP021,2024-03-08,17,98.38,147.58,1.25
EP015,2024-03-08,18,93.58,144.63,1.02
EP016,2024-03-08,18,91.47,150.9,1.15
EP017,2024-03-08,18,97.82,158.68,1.65
EP018,2024-03-08,18,96.63,152.87,1.41
EP020,2024-03-08,18,92.96,158.02,0.95
EP021,2024-03-08,18,99.23,144.15,0.87
EP015,2024-03-08,19,92.11,154.51,0.92
EP016,2024-03-08,19,94.73,148.2,1.4
EP017,2024-03-08,19,98.39,165.86,1.87
EP018,2024-03-08,19,96.21,141.08,2.12
EP020,2024-03-08,19,93.18,163.89,0.94
EP021,2024-03-08,19,97.66,137.23,0.61
EP015,2024-03-08,20,93.31,153.02,0.84
EP016,2024-03-08,20,92.71,153.49,1.1
EP017,2024-03-08,20,97.63,163.59,2.0
EP018,2024-03-08,20,95.32,135.93,1.58
EP020,2024-03-08,20,91.38,161.21,1.0
EP021,2024-03-08,20,97.78,146.65,1.02
EP015,2024-03-08,21,94.49,151.71,0.89
EP016,2024-03-08,21,96.35,147.07,1.04
EP017,2024-03-08,21,97.55,166.55,2.12
EP018,2024-03-08,21,96.61,147.27,1.2
EP020,2024-03-08,21,92.74,165.54,0.91
EP021,2024-03-08,21,98.3,149.06,0.65
EP015,2024-03-08,22,93.51,155.79,1.13
EP016,2024-03-08,22,94.8,149.3,1.09
EP017,2024-03-08,22,98.24,165.65,1.97
EP018,2024-03-08,22,,143.65,1.55
EP020,2024-03-08,22,90.88,172.42,0.74
EP021,2024-03-08,22,97.1,139.0,0.7
EP015,2024-03-08,23,95.35,149.45,1.56
EP016,2024-03-08,23,94.04,144.44,1.41
EP017,2024-03-08,23,98.51,162.44,1.6
EP018,2024-03-08,23,95.35,138.75,1.8
EP020,2024-03-08,23,89.5,165.39,0.99
EP021,2024-03-08,23,98.07,140.9,0.61
EP015,2024-03-09,0,93.76,147.22,2.35
EP016,2024-03-09,0,97.86,146.76,0.89
EP017,2024-03-09,0,98.28,152.6,1.35
EP018,2024-03-09,0,96.67,149.06,1.5
EP020,2024-03-09,0,96.7,145.76,0.74
EP021,2024-03-09,0,99.92,142.54,0.49
EP015,2024-03-09,1,94.04,146.06,1.55
EP016,2024-03-09,1,95.31,145.27,1.25
EP017,2024-03-09,1,97.72,147.37,1.5
EP018,2024-03-09,1,96.87,150.46,1.5
EP020,2024-03-09,1,96.0,148.49,0.9
EP021,2024-03-09,1,99.26,141.09,0.48
EP015,2024-03-09,2,95.6,145.15,1.32
EP016,2024-03-09,2,94.77,151.81,1.34
EP017,2024-03-09,2,98.46,150.52,1.64
EP018,2024-03-09,2,94.57,154.61,1.55
EP020,2024-03-09,2,95.73,148.69,0.95
EP021,2024-03-09,2,96.67,138.8,0.72
EP015,2024-03-09,3,93.55,151.87,1.59
 EP016,2024-03-09,3,94.8,160.61,0.9
EP017,2024-03-09,3,99.1,159.4,1.31
EP018,2024-03-09,3,97.59,165.29,1.2
EP020,2024-03-09,3,93.27,150.98,0.99
EP021,2024-03-09,3,99.14,134.86,1.14
EP015,2024-03-09,4,95.0,141.05,1.57
EP016,09/03/2024,4,94.78,155.76,1.1
EP017,2024-03-09,4,99.0,152.6,1.21
EP018,2024-03-09,4,95.34,152.83,1.42
EP020,2024-03-09,4,93.94,153.72,1.01
EP021,2024-03-09,4,99.3,141.49,0.85
EP015,2024-03-09,5,95.57,154.39,1.02
EP016,2024-03-09,5,97.2,148.56,0.9
EP017,2024-03-09,5,99.36,138.36,1.12
EP018,2024-03-09,5,97.27,139.43,1.44
EP020,2024-03-09,5,93.21,154.74,1.05
EP021,2024-03-09,5,99.94,140.0,0.68
EP015,2024-03-09,6,96.24,152.82,1.22
EP016,2024-03-09,6,96.0,155.89,1.0
EP017,2024-03-09,6,98.39,147.45,0.89
EP018,2024-03-09,6,97.35,147.41,0.96
EP020,2024-03-09,6,93.96,161.78,1.05
EP021,2024-03-09,6,99.07,147.93,0.81
EP015,2024-03-09,7,95.06,149.63,1.96
EP016,2024-03-09,7,96.43,159.91,0.78
EP017,2024-03-09,7,97.78,150.14,0.68
EP018,2024-03-09,7,95.9,147.73,1.03
EP020,2024-03-09,7,95.53,162.9,0.77
EP021,2024-03-09,7,99.15,141.63,0.89
EP015,2024-03-09,8,90.83,151.54,2.22
EP016,2024-03-09,8,94.14,174.38,1.13
EP017,2024-03-09,8,97.49,147.29,0.95
EP018,2024-03-09,8,92.33,143.75,1.25
EP020,2024-03-09,8,91.54,159.72,1.02
EP021,2024-03-09,8,98.85,143.8,1.54
EP015,2024-03-09,9,91.92,153.43,1.69
EP016,2024-03-09,9,93.73,151.88,1.96
EP017,2024-03-09,9,98.06,155.88,0.83
EP018,2024-03-09,9,96.24,146.18,1.13
EP020,2024-03-09,9,90.47,162.39,0.93
EP021,2024-03-09,9,99.33,151.42,0.95
EP015,2024-03-09,10,92.16,150.98,1.46
EP016,2024-03-09,10,91.92,157.88,1.75
EP017,2024-03-09,10,97.87,145.59,0.98
EP018,2024-03-09,10,95.16,141.2,1.48
EP020,2024-03-09,10,92.54,155.28,0.87
EP021,2024-03-09,10,99.5,134.52,0.85
EP015,2024-03-09,11,93.78,157.98,1.33
EP016,2024-03-09,11,93.47,155.39,1.61
EP017,2024-03-09,11,99.85,147.55,0.97
EP018,2024-03-09,11,92.31,151.79,2.15
EP020,2024-03-09,11,91.9,158.33,1.2
EP021,2024-03-09,11,99.07,134.55,0.76
EP015,2024-03-09,12,93.98,153.08,1.95
EP016,2024-03-09,12,91.82,159.94,1.65
EP017,2024-03-09,12,99.45,137.39,1.18
EP018,2024-03-09,12,95.34,147.43,1.64
EP020,2024-03-09,12,96.86,152.21,1.36
EP021,2024-03-09,12,99.93,144.0,0.55
EP015,2024-03-09,13,94.94,162.75,"1,63"
EP016,2024-03-09,13,93.65,159.37,1.69
EP017,2024-03-09,13,99.0,136.44,1.22
EP018,2024-03-09,13,95.76,144.84,1.39
EP020,2024-03-09,13,97.0,156.4,1.32
EP021,2024-03-09,13,99.88,138.4,0.51
EP015,2024-03-09,14,94.14,149.66,1.63
EP016,2024-03-09,14,96.54,153.54,1.39
EP017,2024-03-09,14,98.84,138.88,1.18
EP018,2024-03-09,14,94.88,151.86,1.83
EP020,2024-03-09,14,96.34,162.58,1.74
EP021,2024-03-09,14,99.32,131.23,0.46
EP015,2024-03-09,15,92.36,158.83,1.65
EP016,2024-03-09,15,93.27,160.27,1.05
EP017,2024-03-09,15,98.88,138.98,1.21
EP018,2024-03-09,15,96.43,153.78,0.94
EP020,2024-03-09,15,95.05,165.15,0.84
EP022,2024-03-09,15,91.26,126.65,0.59
EP015,2024-03-09,16,90.95,158.26,1.67
EP016,2024-03-09,16,94.57,172.91,1.0
EP017,2024-03-09,16,98.59,134.22,1.33
EP018,2024-03-09,16,96.89,157.61,0.65
EP020,2024-03-09,16,93.46,161.94,1.01
EP022,2024-03-09,16,96.1,122.0,0.86
EP015,2024-03-09,17,95.04,152.5,1.36
EP016,2024-03-09,17,96.27,157.87,0.98
EP017,2024-03-09,17,98.78,137.38,1.32
EP018,2024-03-09,17,97.91,151.04,0.98
EP020,2024-03-09,17,94.64,156.92,1.13
EP022,2024-03-09,17,98.69,123.1,0.62
EP023,2024-03-09,17,94.83,122.65,1.34
EP015,2024-03-09,18,94.08,159.14,1.3
EP016,2024-03-09,18,92.9,159.78,0.94
EP017,2024-03-09,18,99.22,137.04,1.25
EP018,2024-03-09,18,97.76,148.95,0.64
EP020,2024-03-09,18,95.58,160.48,1.02
EP022,2024-03-09,18,97.4,118.71,0.7
EP023,2024-03-09,18,94.75,119.25,1.25
EP015,2024-03-09,19,96.24,149.98,1.18
EP016,2024-03-09,19,91.16,161.91,1.19
EP017,2024-03-09,19,98.2,134.98,1.64
EP018,2024-03-09,19,97.0,143.18,0.55
EP020,2024-03-09,19,95.82,156.16,1.1
EP022,2024-03-09,19,98.13,123.74,0.53
EP023,2024-03-09,19,95.11,118.39,1.07
EP015,2024-03-09,20,93.98,161.78,1.03
EP016,2024-03-09,20,91.94,163.57,0.83
EP017,2024-03-09,20,99.05,132.76,1.66
EP018,2024-03-09,20,97.81,141.31,0.99
EP020,2024-03-09,20,94.51,160.14,1.05
EP022,2024-03-09,20,97.84,119.98,0.57
EP023,2024-03-09,20,94.8,116.76,1.31
EP015,2024-03-09,21,95.85,164.94,0.87
EP016,2024-03-09,21,91.02,173.1,0.78
EP017,2024-03-09,21,99.15,144.6,1.48
EP018,2024-03-09,21,97.82,147.69,0.95
EP020,2024-03-09,21,94.47,159.61,1.04
EP022,2024-03-09,21,97.04,120.0,0.66
EP023,2024-03-09,-1,94.45,115.69,1.38
EP015,2024-03-09,22,95.76,164.29,1.17
EP016,2024-03-09,22,93.08,171.58,0.83
EP017,2024-03-09,22,97.9,136.06,1.89
EP018,2024-03-09,22,96.59,149.22,1.19
EP020,2024-03-09,22,95.1,157.59,1.04
EP022,2024-03-09,22,96.47,119.43,0.5
EP023,2024-03-09,22,95.16,116.22,1.41
EP015,2024-03-09,23,95.13,161.83,1.15
EP016,2024-03-09,23,92.11,167.22,0.91
EP017,2024-03-09,23,97.65,132.83,2.35
EP018,2024-03-09,23,96.5,145.4,1.34
EP020,2024-03-09,23,95.4,155.62,
EP022,2024-03-09,23,96.12,122.5,0.61
EP023,2024-03-09,23,94.48,120.1,2.44
EP015,2024-03-10,0,95.59,149.54,0.9
EP016,2024-03-10,0,94.02,157.18,0.96
EP017,2024-03-10,0,99.44,145.29,1.96
EP018,2024-03-10,0,95.81,151.94,1.34
EP020,2024-03-10,0,94.86,160.95,1.15
EP022,2024-03-10,0,95.91,117.47,0.75
EP023,2024-03-10,0,94.21,114.07,3.12
EP015,2024-03-10,1,94.9,145.84,1.11
EP016,2024-03-10,1,94.67,151.13,1.25
EP017,2024-03-10,1,98.98,149.49,1.63
EP018,2024-03-10,1,96.48,155.15,1.6
EP020,2024-03-10,1,94.79,158.31,0.92
EP022,2024-03-10,1,96.45,116.61,0.51
EP023,2024-03-10,1,94.23,112.45,2.81
EP015,2024-03-10,2,93.89,156.96,1.19
EP016,2024-03-10,2,93.42,153.81,1.5
EP017,2024-03-10,2,98.35,147.67,1.85
EP018,2024-03-10,2,95.0,154.28,1.15
EP020,2024-03-10,2,94.75,159.04,0.93
EP022,2024-03-10,2,96.51,125.29,0.67
EP023,2024-03-10,2,94.38,110.92,2.63
EP024,2024-03-10,2,96.91,147.12,1.5
EP015,2024-03-10,3,93.15,162.56,1.42
EP016,2024-03-10,3,92.42,161.9,1.31
EP017,2024-03-10,3,99.51,150.58,1.62
EP018,2024-03-10,3,97.26,157.28,1.42
EP020,2024-03-10,3,94.73,158.04,0.86
EP022,2024-03-10,3,96.25,117.19,0.78
EP023,2024-03-10,3,94.04,116.83,2.2
EP024,2024-03-10,3,98.59,130.22,1.21
EP015,2024-03-10,4,94.85,159.83,1.33
EP016,2024-03-10,4,92.83,159.02,1.82
EP017,2024-03-10,4,98.86,148.12,2.0
EP018,2024-03-10,4,96.41,146.67,1.91
EP020,2024-03-10,4,95.02,160.48,0.77
EP022,2024-03-10,4,96.06,116.58,0.86
EP023,2024-03-10,4,95.94,114.81,1.6
EP024,2024-03-10,4,99.24,129.39,0.99
EP015,2024-03-10,5,96.26,162.61,1.21
EP016,2024-03-10,5,93.07,161.98,1.45
EP017,2024-03-10,5,98.18,144.44,1.65
EP018,2024-03-10,5,95.32,144.54,1.34
EP020,2024-03-10,5,95.35,156.19,0.77
EP022,2024-03-10,5,96.18,114.51,0.89
EP023,2024-03-10,5,95.91,113.64,1.47
EP024,2024-03-10,5,98.83,128.65,0.96
EP015,2024-03-10,6,96.17,147.67,1.18
EP016,2024-03-10,6,95.26,167.74,1.08
EP017,2024-03-10,6,98.7,154.45,1.32
EP018,2024-03-10,6,95.36,147.36,0.83
EP020,2024-03-10,6,95.04,160.04,0.9
EP022,2024-03-10,6,93.94,116.41,0.95
EP023,2024-03-10,6,96.51,113.6,2.17
EP024,2024-03-10,6,97.71,129.02,0.67
EP015,2024-03-10,7,94.94,146.81,1.36
EP016,2024-03-10,7,96.2,164.33,0.97
EP017,2024-03-10,7,98.42,154.11,1.0
EP018,2024-03-10,7,95.53,999,0.82
EP020,2024-03-10,7,93.82,168.82,0.78
EP022,2024-03-10,7,95.71,107.6,0.92
EP023,2024-03-10,7,95.67,104.5,2.26
EP024,2024-03-10,7,99.65,127.79,0.57
EP015,2024-03-10,8,92.88,153.56,1.15
EP016,2024-03-10,8,95.4,162.33,0.99
EP017,2024-03-10,8,98.15,147.55,1.11
EP018,2024-03-10,8,97.45,,0.91
EP020,2024-03-10,8,93.64,160.8,0.89
EP022,2024-03-10,8,94.59,110.65,1.0
EP023,2024-03-10,8,93.13,116.0,1.41
EP024,2024-03-10,8,99.67,133.69,0.5
EP015,2024-03-10,9,95.29,158.27,1.17
EP016,2024-03-10,9,94.3,165.28,0.91
EP017,2024-03-10,9,97.53,153.24,0.96
EP018,2024-03-10,9,97.27,157.04,0.87
EP020,2024-03-10,9,90.55,160.14,0.94
EP022,2024-03-10,9,94.24,111.09,1.07
EP023,2024-03-10,9,95.47,111.09,1.48
EP024,2024-03-10,9,95.61,148.71,1.03
EP015,2024-03-10,10,90.86,159.73,1.05
EP016,2024-03-10,10,95.43,159.41,0.98
EP017,2024-03-10,10,97.65,136.88,1.1
EP018,2024-03-10,10,96.22,152.2,1.23
EP020,2024-03-10,10,95.39,161.5,0.89
EP022,2024-03-10,10,94.74,116.3,0.98
EP023,2024-03-10,10,95.03,128.54,1.1
EP024,2024-03-10,10,95.54,135.43,0.93
EP015,2024-03-10,11,93.98,158.14,0.96
EP016,2024-03-10,11,92.4,167.68,0.71
EP017,2024-03-10,11,98.39,139.08,1.18
EP018,2024-03-10,11,96.67,145.76,1.08
EP020,2024-03-10,11,92.5,158.44,1.3
EP022,2024-03-10,11,94.96,124.02,1.18
EP023,2024-03-10,11,93.94,124.16,1.22
EP024,2024-03-10,11,93.91,137.67,1.41
EP015,2024-03-10,12,94.68,163.17,1.5
EP016,2024-03-10,12,95.0,167.07,0.98
EP017,2024-03-10,12,98.57,146.04,1.11
EP018,2024-03-10,12,97.84,161.14,0.93
EP020,2024-03-10,12,91.21,,0.83
EP022,2024-03-10,12,95.94,117.48,0.94
EP023,2024-03-10,12,94.17,113.39,1.48
EP024,2024-03-10,12,95.78,138.79,1.5
EP015,2024-03-10,13,93.33,164.25,1.56
EP016,2024-03-10,13,96.15,160.33,1.57
EP017,2024-03-10,13,98.6,138.76,1.28
EP018,2024-03-10,13,97.15,149.83,1.07
EP020,2024-03-10,13,92.82,156.39,1.15
EP022,2024-03-10,13,94.53,117.19,1.01
EP023,2024-03-10,13,96.35,113.59,1.01
EP024,2024-03-10,13,93.98,133.6,1.11
EP015,2024-03-10,14,94.45,155.73,0.93
EP016,2024-03-10,14,94.06,162.42,1.38
EP017,2024-03-10,14,97.91,138.55,1.51
EP018,2024-03-10,14,95.35,145.33,1.35
EP020,2024-03-10,14,92.76,155.04,1.3
EP022,2024-03-10,14,94.47,121.82,0.94
EP023,2024-03-10,14,92.66,130.14,1.14
EP024,2024-03-10,14,95.29,134.27,0.77
EP015,2024-03-10,15,95.72,163.64,1.2
EP016,2024-03-10,15,94.83,155.77,2.1
EP017,2024-03-10,15,98.41,140.84,1.25
EP018,2024-03-10,15,97.85,154.28,0.99
EP020,2024-03-10,15,94.04,,0.78
EP022,2024-03-10,15,94.83,122.42,0.89
EP023,2024-03-10,15,93.15,125.91,1.16
EP024,2024-03-10,15,96.55,146.51,0.6
EP024,2024-03-10,15,96.55,146.51,0.6
EP015,2024-03-10,16,93.96,164.4,1.79
EP016,2024-03-10,16,93.88,156.82,2.55
EP017,2024-03-10,16,98.63,135.37,1.62
EP018,2024-03-10,16,96.86,154.94,1.09
EP020,2024-03-10,16,96.25,160.58,0.85
EP022,2024-03-10,16,94.14,123.63,0.98
EP023,2024-03-10,16,92.63,116.43,1.43
EP024,2024-03-10,16,95.92,140.13,0.74
EP015,2024-03-10,17,95.2,164.78,1.12
EP016,2024-03-10,17,92.1,162.1,1.57
EP017,2024-03-10,17,98.96,152.23,1.02
EP018,2024-03-10,17,95.67,139.65,1.2
EP020,2024-03-10,17,93.57,157.04,0.87
EP022,2024-03-10,17,94.98,122.0,1.14
EP023,2024-03-10,17,92.17,125.49,1.49
EP024,2024-03-10,17,96.08,143.0,1.24
EP015,2024-03-10,18,95.61,153.16,1.48
EP016,2024-03-10,18,93.46,168.22,1.11
EP017,2024-03-10,18,98.78,142.48,1.15
EP018,2024-03-10,18,96.2,150.33,1.2
EP020,2024-03-10,18,93.36,157.76,0.94
EP022,2024-03-10,18,96.49,116.41,0.91
EP023,2024-03-10,18,94.69,120.04,2.41
EP024,2024-03-10,18,95.63,141.44,1.12
EP015,2024-03-10,19,95.92,156.43,2.45
EP016,2024-03-10,19,95.25,167.46,1.67
EP017,2024-03-10,19,98.45,137.45,1.4
EP018,2024-03-10,19,97.07,158.53,1.47
EP020,2024-03-10,19,92.09,162.83,1.12
EP022,2024-03-10,19,96.71,520,0.67
EP023,2024-03-10,19,94.52,,1.75
EP015,2024-03-10,20,93.33,158.74,1.62
EP016,2024-03-10,20,92.96,163.65,2.44
EP017,2024-03-10,20,98.33,139.77,2.18
EP018,2024-03-10,20,97.95,152.8,0.75
EP020,2024-03-10,20,92.05,161.05,1.64
EP022,2024-03-10,20,94.6,123.25,0.74
EP023,2024-03-10,20,94.26,131.06,1.54
EP015,2024-03-10,21,94.11,159.75,1.98
EP016,2024-03-10,21,94.42,158.11,0.97
EP017,2024-03-10,21,97.22,142.51,2.82
EP018,2024-03-10,21,96.93,147.68,0.89
EP020,2024-03-10,21,92.24,164.07,1.31
EP022,2024-03-10,21,95.64,132.02,0.75
EP023,2024-03-10,21,94.13,138.83,2.12
EP015,2024-03-10,22,93.3,154.64,1.9
EP016,2024-03-10,22,92.47,164.39,1.9
EP017,2024-03-10,22,96.46,143.93,2.3
EP018,2024-03-10,22,97.08,138.96,1.06
EP020,2024-03-10,22,94.29,154.9,1.37
EP022,2024-03-10,22,94.78,140.12,-0.5
EP023,2024-03-10,22,95.9,118.36,2.06
EP015,2024-03-10,23,92.2,156.31,1.94
EP016,2024-03-10,23,91.65,164.56,2.35
EP017,2024-03-10,23,98.39,143.08,1.5
EP018,2024-03-10,23,96.14,148.59,0.71
EP020,2024-03-10,23,93.29,157.47,1.46
EP022,2024-03-10,23,97.24,118.22,0.81
EP023,2024-03-10,23,95.29,113.67,1.08
EP015,2024-03-11,0,92.69,159.15,2.81
EP016,2024-03-11,0,93.33,164.21,
EP017,2024-03-11,0,97.16,149.38,2.29
EP018,2024-03-11,0,97.4,149.33,1.14
EP020,2024-03-11,0,93.49,159.91,"1,29"
EP022,2024-03-11,0,96.27,123.88,0.73
EP023,2024-03-11,0,93.5,115.27,1.03
EP015,2024-03-11,1,94.45,180.59,1.74
EP016,2024-03-11,1,94.4,164.9,1.34
EP017,2024-03-11,1,97.08,154.24,2.42
EP018,2024-03-11,1,96.26,145.98,1.43
EP020,2024-03-11,1,94.44,160.88,1.41
EP022,2024-03-11,1,97.21,129.56,0.69
EP023,2024-03-11,1,95.19,120.29,1.1
EP015,2024-03-11,2,93.44,157.4,1.56
EP016,2024-03-11,2,92.45,158.22,1.45
EP017,2024-03-11,2,97.02,159.41,1.62
EP018,2024-03-11,2,95.37,148.67,1.28
EP020,2024-03-11,2,93.52,156.85,1.35
EP022,2024-03-11,2,96.58,127.04,0.65
EP023,2024-03-11,2,95.15,112.17,0.83
EP015,2024-03-11,3,93.55,159.27,1.33
EP016,2024-03-11,3,92.32,165.04,1.41
EP017,2024-03-11,3,96.91,149.72,2.14
EP018,2024-03-11,3,96.38,153.94,1.31
EP020,2024-03-11,3,94.07,163.44,1.26
EP022,2024-03-11,3,96.92,129.21,0.7
EP023,2024-03-11,3,96.02,,0.96
EP015,2024-03-11,4,93.18,158.52,1.34
EP016,2024-03-11,4,91.8,,1.62
EP017,2024-03-11,4,96.38,144.14,3.02
EP018,2024-03-11,4,96.37,153.71,1.37
EP020,2024-03-11,4,94.02,158.39,1.38
EP022,2024-03-11,4,96.64,130.93,0.69
EP023,2024-03-11,4,96.2,133.86,1.05
EP015,2024-03-11,5,93.4,150.02,0.96
EP016,2024-03-11,5,94.18,167.09,1.71
EP017,2024-03-11,5,96.87,143.23,2.0
EP018,2024-03-11,5,95.87,163.98,1.28
EP020,2024-03-11,5,95.18,157.18,1.29
EP022,2024-03-11,5,97.4,127.35,0.71
EP023,2024-03-11,5,95.55,129.73,1.27
EP015,2024-03-11,6,92.17,146.69,1.46
EP016,2024-03-11,6,94.88,171.83,1.42
EP017,2024-03-11,6,98.44,147.51,1.83
EP018,2024-03-11,6,95.8,161.77,0.82
EP020,2024-03-11,6,94.72,159.79,1.08
EP022,2024-03-11,6,96.38,133.37,1.25
EP023,2024-03-11,6,95.71,122.56,1.16
EP015,2024-03-11,7,94.4,146.93,1.31
EP016,2024-03-11,7,94.51,165.4,2.26
EP017,2024-03-11,7,97.08,149.23,2.42
EP018,2024-03-11,7,95.37,151.22,0.94
EP020,2024-03-11,7,94.91,151.04,1.25
EP022,2024-03-11,7,96.1,127.47,1.12
EP023,2024-03-11,7,95.73,128.1,
EP015,2024-03-11,8,93.72,157.33,1.27
EP016,2024-03-11,8,95.06,158.2,2.11
EP017,2024-03-11,8,96.65,158.1,1.94
EP018,2024-03-11,8,95.21,146.22,1.12
EP020,2024-03-11,8,93.63,151.0,1.52
EP022,2024-03-11,8,95.84,134.77,0.84
EP023,2024-03-11,8,96.2,121.04,0.82
EP015,2024-03-11,9,93.65,162.88,1.32
EP016,2024-03-11,9,91.4,160.35,1.5
EP017,2024-03-11,9,97.47,155.71,1.46
EP018,2024-03-11,9,95.47,155.37,1.31
EP020,2024-03-11,9,93.24,156.16,1.53
EP022,2024-03-11,9,97.03,125.88,0.84
EP023,2024-03-11,9,96.33,130.86,0.66
EP015,2024-03-11,10,93.63,149.22,1.43
EP016,2024-03-11,10,92.71,164.1,1.56
EP017,2024-03-11,10,97.4,143.29,1.65
EP018,2024-03-11,10,94.73,145.22,2.48
EP020,2024-03-11,10,93.02,156.83,1.45
EP022,2024-03-11,10,97.04,127.59,0.56
EP023,2024-03-11,10,96.46,126.38,0.69
EP015,2024-03-11,11,93.25,148.6,1.11
EP016,2024-03-11,11,90.52,162.85,1.66
EP017,2024-03-11,11,96.71,142.84,1.44
EP018,2024-03-11,11,94.64,140.29,1.94
EP020,2024-03-11,11,,172.48,1.12
EP022,2024-03-11,11,95.94,128.73,0.74
EP023,2024-03-11,11,97.4,133.29,0.88
EP015,2024-03-11,12,94.32,146.68,1.59
EP016,2024-03-11,12,92.46,153.08,0.78
EP017,2024-03-11,12,97.19,146.02,1.38
EP018,2024-03-11,12,95.98,156.31,1.15
EP020,2024-03-11,12,88.7,152.98,0.82
EP022,2024-03-11,12,97.36,129.89,1.0
EP023,2024-03-11,12,97.12,128.26,0.76
EP015,2024-03-11,13,94.66,151.16,1.86
EP016,2024-03-11,13,93.51,152.49,1.08
EP017,2024-03-11,13,96.96,146.58,1.23
EP018,2024-03-11,13,94.44,161.44,2.03
EP020,2024-03-11,13,89.7,,0.9
EP022,2024-03-11,13,97.31,117.6,0.61
EP023,2024-03-11,13,96.56,129.84,0.74
EP015,2024-03-11,14,92.37,157.11,1.45
EP016,2024-03-11,14,92.91,150.6,1.21
EP017,2024-03-11,14,97.33,151.82,1.05
EP018,2024-03-11,14,92.98,160.51,2.0
EP020,2024-03-11,14,92.68,162.94,0.85
EP022,2024-03-11,14,96.95,123.54,0.61
EP023,2024-03-11,14,94.34,142.0,1.0
EP023,2024-03-11,14,94.34,142.0,1.0
EP015,2024-03-11,15,95.66,158.98,2.05
EP016,2024-03-11,15,91.92,154.23,1.08
EP017,2024-03-11,15,98.27,144.27,1.06
EP018,2024-03-11,15,92.69,158.13,1.4
EP020,2024-03-11,15,93.42,163.17,0.66
EP022,2024-03-11,15,,132.92,0.59
EP023,2024-03-11,15,94.41,140.13,1.0
EP015,2024-03-11,16,91.49,162.12,1.32
EP016,2024-03-11,16,92.33,161.24,1.19
EP017,2024-03-11,16,97.63,140.81,1.25
EP018,2024-03-11,16,93.96,155.77,1.47
EP020,2024-03-11,16,92.38,160.47,0.76
EP022,2024-03-11,16,95.88,142.33,0.62
ep023,2024-03-11,16,95.32,139.51,1.32
EP015,2024-03-11,17,94.07,156.41,25
EP016,2024-03-11,17,91.25,155.56,1.39
EP017,2024-03-11,17,98.17,140.35,1.07
EP018,2024-03-11,17,95.33,150.56,1.13
EP020,2024-03-11,17,93.31,155.81,0.72
EP022,2024-03-11,17,97.41,131.61,0.98
EP023,2024-03-11,17,96.75,132.41,0.85
EP015,2024-03-11,18,94.8,152.69,1.28
EP016,2024-03-11,18,92.3,158.84,-1
EP017,2024-03-11,18,97.61,142.53,1.29
EP018,2024-03-11,18,94.02,153.07,1.53
EP020,2024-03-11,18,92.79,149.7,0.56
EP022,2024-03-11,18,97.73,135.02,0.83
EP023,2024-03-11,18,96.78,132.75,1.06
EP015,2024-03-11,19,91.98,151.67,2.07
EP016,2024-03-11,19,92.96,162.38,2.39
EP017,2024-03-11,19,97.1,144.74,1.5
EP018,2024-03-11,19,92.24,162.82,1.79
EP020,2024-03-11,19,92.81,153.19,0.61
EP022,2024-03-11,19,97.88,142.92,0.78
EP023,2024-03-11,19,96.26,138.4,0.93
EP015,2024-03-11,20,92.48,154.87,1.39
EP016,2024-03-11,20,92.48,168.84,3.19
EP017,2024-03-11,20,98.42,,1.46
EP018,2024-03-11,20,92.9,159.77,1.18
EP020,2024-03-11,20,93.4,159.18,0.86
EP022,2024-03-11,20,97.54,146.0,0.73
EP023,2024-03-11,20,96.69,142.19,1.07
EP015,2024-03-11,21,90.92,164.36,1.32
EP016,2024-03-11,21,92.6,170.09,1.4
EP017,2024-03-11,21,98.54,149.46,1.05
EP018,2024-03-11,21,95.11,159.59,1.32
EP020,2024-03-11,21,92.4,157.04,0.78
EP022,2024-03-11,21,97.77,137.94,0.75
EP023,2024-03-11,21,94.74,136.16,0.83
EP015,2024-03-11,22,90.98,162.6,1.86
EP016,2024-03-11,22,95.16,172.22,1.3
EP017,2024-03-11,22,98.38,142.92,1.16
EP018,2024-03-11,22,94.76,152.76,1.09
EP020,2024-03-11,22,92.24,153.86,1.0
EP022,2024-03-11,22,97.88,134.74,0.85
EP023,2024-03-11,22,92.05,140.24,0.95
EP015,2024-03-11,23,93.1,151.27,1.1
EP016,2024-03-11,23,93.09,157.09,1.09
EP017,2024-03-11,23,98.51,146.26,1.14
EP018,2024-03-11,23,94.35,150.83,1.09
EP020,2024-03-11,23,94.67,157.42,1.17
EP022,2024-03-11,23,97.15,140.0,0.74
EP023,2024-03-11,23,91.64,141.68,1.38
EP015,2024-03-12,0,92.69,156.1,2.09
EP016,2024-03-12,0,92.45,152.55,1.38
EP017,2024-03-12,0,98.4,149.79,1.52
EP018,2024-03-12,0,95.11,158.23,1.56
EP020,2024-03-12,0,92.31,154.41,1.16
EP022,2024-03-12,0,98.02,140.74,1.01
EP023,2024-03-12,0,92.4,142.81,1.47
EP015,2024-03-12,1,91.02,161.08,1.63
EP016,2024-03-12,1,90.63,154.31,1.81
EP017,2024-03-12,1,98.18,150.42,99
EP018,2024-03-12,1,93.41,157.53,2.06
EP020,2024-03-12,1,94.84,155.96,1.05
EP022,2024-03-12,1,98.47,131.98,0.93
EP023,2024-03-12,1,92.91,140.75,1.46
EP015,2024-03-12,2,93.0,156.18,1.34
EP016,2024-03-12,2,91.21,158.31,1.42
EP017,2024-03-12,2,98.82,149.73,1.3
EP018,2024-03-12,2,94.96,159.49,1.5
EP020,2024-03-12,2,93.1,158.54,1.09
EP022,2024-03-12,2,98.64,140.8,1.07
EP023,2024-03-12,2,93.36,146.38,1.09
EP015,2024-03-12,3,91.36,154.14,1.78
EP016,2024-03-12,3,92.38,165.57,1.83
EP017,2024-03-12,3,98.77,144.19,1.31
EP018,2024-03-12,3,97.04,169.62,1.14
EP020,2024-03-12,3,93.31,163.56,1.17
EP022,2024-03-12,3,98.69,142.44,0.85
EP023,2024-03-12,3,95.41,146.0,0.89
EP015,2024-03-12,4,90.87,157.19,1.81
EP016,2024-03-12,4,90.88,172.88,2.04
EP017,2024-03-12,4,98.89,146.85,1.41
EP018,2024-03-12,4,96.13,147.81,0.98
EP020,2024-03-12,4,93.06,164.92,1.0
EP022,2024-03-12,4,98.46,141.02,0.98
EP023,2024-03-12,4,96.49,146.34,0.71
EP015,2024-03-12,5,93.64,164.03,1.23
EP016,2024-03-12,5,91.63,159.28,1.82
EP017,2024-03-12,5,98.53,151.18,1.45
EP018,2024-03-12,5,94.81,144.0,1.39
EP020,2024-03-12,5,93.19,162.0,1.17
EP022,2024-03-12,5,98.4,142.48,0.93
EP023,2024-03-12,5,95.03,142.98,1.33
EP015,2024-03-12,6,90.24,165.95,1.41
EP016,2024-03-12,6,92.24,162.86,1.3
EP017,2024-03-12,6,98.67,156.62,1.12
EP018,2024-03-12,6,96.63,154.65,2.1
EP020,2024-03-12,6,94.37,168.67,1.02
EP022,2024-03-12,6,98.77,147.9,0.95
EP023,2024-03-12,6,94.76,141.73,1.44
EP015,2024-03-12,7,93.22,159.22,2.29
EP016,2024-03-12,7,92.72,163.61,1.19
EP017,2024-03-12,7,98.3,139.3,1.2
EP018,2024-03-12,7,96.78,151.54,1.94
EP020,2024-03-12,7,93.4,159.02,1.06
EP022,2024-03-12,7,98.12,143.28,0.73
EP023,2024-03-12,7,94.63,140.0,0.97
EP015,2024-03-12,8,92.33,157.35,1.28
EP016,2024-03-12,8,92.04,154.23,1.07
EP017,2024-03-12,8,97.34,139.14,1.1
EP018,2024-03-12,8,96.38,156.38,0.85
EP020,2024-03-12,8,93.02,153.94,1.39
EP022,2024-03-12,8,96.55,140.53,0.92
EP023,2024-03-12,8,94.02,141.32,1.21
EP015,2024-03-12,9,89.35,150.61,0.87
EP016,2024-03-12,9,93.22,154.87,0.89
EP016,2024-03-12,9,93.22,154.87,0.89
EP017,2024-03-12,9,98.65,135.06,1.13
EP018,2024-03-12,9,96.98,163.85,1.13
EP020,2024-03-12,9,93.33,157.4,0.95
EP022,2024-03-12,9,97.35,141.33,1.05
EP023,2024-03-12,9,96.53,136.13,1.19
EP015,2024-03-12,10,89.98,153.54,1.17
EP016,2024-03-12,10,91.81,162.98,1.27
EP017,2024-03-12,10,97.91,138.49,1.38
EP018,2024-03-12,10,93.23,155.42,1.28
EP020,2024-03-12,10,93.27,164.44,0.76
EP022,2024-03-12,10,97.77,139.57,0.9
EP023,2024-03-12,10,96.87,137.2,0.82
EP015,2024-03-12,11,92.78,159.7,1.16
EP016,2024-03-12,11,93.89,166.76,1.28
EP017,2024-03-12,11,98.02,137.78,1.27
EP018,2024-03-12,11,97.21,150.26,1.13
EP020,2024-03-12,11,90.37,152.58,1.11
EP022,2024-03-12,11,97.7,142.57,0.89
EP023,2024-03-12,11,97.0,139.08,0.77
EP015,2024-03-12,12,93.18,161.08,1.26
EP016,2024-03-12,12,89.79,158.94,1.23
EP017,2024-03-12,12,98.0,150.04,1.09
EP018,2024-03-12,12,96.1,159.13,1.01
EP020,2024-03-12,12,92.98,163.02,0.81
EP022,2024-03-12,12,97.5,143.98,0.8
EP023,2024-03-12,12,94.9,142.23,0.92
EP015,2024-03-12,13,94.84,152.64,1.01
EP015,2024-03-12,13,94.84,152.64,1.01
EP016,2024-03-12,13,93.48,154.62,1.35
EP017,2024-03-12,13,98.2,135.48,1.79
EP020,2024-03-12,13,91.93,161.46,0.74
EP022,2024-03-12,13,98.81,137.29,0.66
EP023,2024-03-12,13,96.07,138.52,1.1
EP015,2024-03-12,14,90.66,149.88,1.55
EP016,2024-03-12,14,92.88,159.92,1.3
EP017,2024-03-12,14,98.58,139.5,1.62
EP020,2024-03-12,14,92.18,157.2,0.8
EP022,2024-03-12,14,97.9,141.06,0.72
EP015,2024-03-12,15,94.37,160.55,1.85
EP016,2024-03-12,15,90.59,161.24,1.25
EP017,2024-03-12,15,98.35,147.83,1.1
EP020,2024-03-12,15,91.96,161.49,0.79
EP022,2024-03-12,15,97.71,145.69,0.65
EP015,2024-03-12,16,93.23,152.19,1.3
EP016,2024-03-12,16,91.54,163.67,1.39
EP017,2024-03-12,16,98.62,142.28,1.24
EP020,2024-03-12,16,93.94,162.6,0.88
EP022,2024-03-12,16,98.77,152.35,0.47
EP015,2024-03-12,17,93.59,159.74,1.41
EP016,2024-03-12,17,97.71,161.98,0.96
EP017,2024-03-12,17,98.0,145.68,1.44
EP020,2024-03-12,17,92.87,163.3,1.14
EP022,2024-03-12,17,98.57,152.04,0.58
EP015,2024-03-12,18,95.4,165.07,1.89
EP016,2024-03-12,18,97.59,154.61,1.04
EP017,2024-03-12,18,98.56,145.6,1.49
EP020,2024-03-12,18,89.82,164.46,1.43
EP022,2024-03-12,18,96.28,135.61,1.51
EP015,2024-03-12,19,95.54,161.79,2.04
EP016,2024-03-12,19,99.02,153.17,1.1
EP017,2024-03-12,19,98.92,139.15,1.63
EP020,2024-03-12,19,90.66,159.04,1.37
EP022,2024-03-12,19,96.09,130.98,1.46
EP015,2024-03-12,20,97.94,171.08,1.85
EP016,2024-03-12,20,97.78,157.11,1.03
EP017,2024-03-12,20,98.98,134.86,1.64
EP018,2024-03-12,20,96.0,156.0,2.0
EP020,2024-03-12,20,92.71,165.24,1.26
EP022,2024-03-12,20,96.63,130.0,1.38
EP015,2024-03-12,21,99.46,150.1,1.56
EP016,2024-03-12,21,96.1,158.75,0.95
EP017,2024-03-12,21,98.82,143.45,1.35
EP018,2024-03-12,21,92.89,145.94,1.36
EP020,2024-03-12,21,92.24,168.69,1.13
EP022,2024-03-12,21,97.85,141.43,0.84
EP015,2024-03-12,22,98.25,143.27,1.72
EP016,2024-03-12,22,95.47,155.06,1.15
EP017,2024-03-12,22,98.52,145.08,1.24
EP018,2024-03-12,22,89.87,156.53,1.6
EP020,2024-03-12,22,91.83,164.93,1.13
EP022,2024-03-12,22,96.71,145.98,1.01
EP015,2024-03-12,23,98.9,138.74,1.3
EP016,2024-03-12,23,95.7,152.72,1.03
EP017,2024-03-12,23,98.81,144.19,1.26
EP018,2024-03-12,23,94.47,154.78,1.4
EP020,2024-03-12,23,91.83,169.63,1.19
EP022,2024-03-12,23,97.91,143.06,0.84
EP015,2024-03-13,0,99.1,136.69,1.54
EP016,2024-03-13,0,95.15,154.81,0.94
EP017,2024-03-13,0,98.31,139.65,1.27
EP018,2024-03-13,0,96.21,158.4,1.51
EP020,2024-03-13,0,92.83,155.93,0.58
EP022,2024-03-13,0,98.88,142.73,0.77
EP015,2024-03-13,1,97.67,145.54,2.36
EP016,2024-03-13,1,95.78,155.62,1.08
EP017,2024-03-13,1,98.15,142.68,1.63
EP018,2024-03-13,1,95.74,160.33,1.93
EP020,2024-03-13,1,94.39,151.15,0.88
EP022,2024-03-13,1,98.1,147.61,0.84
EP015,2024-03-13,2,96.13,164.93,1.8
EP016,2024-03-13,2,94.0,147.67,1.36
EP017,2024-03-13,2,96.52,142.4,1.81
EP018,2024-03-13,2,94.29,155.96,1.68
EP020,2024-03-13,2,91.13,149.39,0.92
EP022,2024-03-13,2,97.13,139.91,1.11
EP015,2024-03-13,3,97.18,166.51,1.44
EP016,2024-03-13,3,95.49,152.65,1.23
EP017,2024-03-13,3,97.0,152.13,1.64
EP018,2024-03-13,3,94.87,160.4,1.56
EP020,2024-03-13,3,92.14,158.25,0.69
EP022,2024-03-13,3,97.48,147.31,0.93
EP015,2024-03-13,4,95.64,168.13,1.43
EP016,2024-03-13,4,94.98,157.14,1.13
EP017,2024-03-13,4,97.49,144.51,1.8
EP018,2024-03-13,4,95.48,167.07,1.48
EP020,2024-03-13,4,96.02,159.93,0.85
EP022,2024-03-13,4,97.05,149.35,0.88
EP015,2024-03-13,5,95.94,172.35,1.12
EP016,2024-03-13,5,95.38,170.04,1.05
EP017,2024-03-13,5,97.66,138.76,1.63
EP018,2024-03-13,5,94.46,165.35,1.22
EP020,2024-03-13,5,95.0,155.36,0.82
EP022,2024-03-13,5,96.48,141.48,1.05
EP015,2024-03-13,6,96.21,150.34,1.01
EP016,2024-03-13,6,94.42,157.5,0.86
EP017,2024-03-13,6,95.27,149.52,1.61
EP018,2024-03-13,6,97.94,182.33,0.87
EP020,2024-03-13,6,94.53,155.77,0.84
EP022,2024-03-13,6,96.72,144.24,1.01
EP015,2024-03-13,7,93.4,151.76,1.27
EP016,2024-03-13,7,92.21,163.23,1.31
EP017,2024-03-13,7,95.27,141.98,1.8
EP018,2024-03-13,7,97.9,176.06,1.04
EP020,2024-03-13,7,93.47,149.78,0.85
EP022,2024-03-13,7,97.7,133.55,0.64
EP015,2024-03-13,8,93.36,156.05,0.85
EP016,2024-03-13,8,93.6,160.4,1.11
EP017,2024-03-13,8,95.5,136.3,2.05
EP018,2024-03-13,8,95.98,162.7,0.8
EP020,2024-03-13,8,94.56,146.75,0.88
EP022,2024-03-13,8,96.6,139.38,0.73
EP015,2024-03-13,9,93.79,163.32,0.82
EP016,2024-03-13,9,93.02,168.28,0.89
EP017,2024-03-13,9,95.18,139.24,1.57
EP018,2024-03-13,9,96.67,153.02,1.17
EP020,2024-03-13,9,93.87,155.11,0.72
EP022,2024-03-13,9,96.44,145.23,0.94
EP015,2024-03-13,10,95.63,149.53,0.97
EP016,2024-03-13,10,91.61,165.88,1.39
EP017,2024-03-13,10,95.5,140.59,1.45
EP018,2024-03-13,10,93.83,154.92,1.16
EP020,2024-03-13,10,92.3,163.59,0.86
EP022,2024-03-13,10,96.04,139.49,0.84
EP015,2024-03-13,11,93.63,153.41,0.83
EP016,2024-03-13,11,92.83,162.73,1.16
EP017,2024-03-13,11,96.76,139.58,1.27
EP018,2024-03-13,11,94.67,148.84,1.0
EP020,2024-03-13,11,94.98,149.47,0.74
EP022,2024-03-13,11,95.4,131.77,1.01
EP015,2024-03-13,12,97.34,147.27,1.22
EP016,2024-03-13,12,95.16,163.11,0.9
EP017,2024-03-13,12,96.66,141.21,1.8
EP018,2024-03-13,12,94.95,160.28,0.59
EP020,2024-03-13,12,93.64,153.96,0.74
EP022,2024-03-13,12,97.67,133.25,1.04
EP015,2024-03-13,13,95.26,146.58,1.71
EP016,2024-03-13,13,95.06,165.49,1.36
EP017,2024-03-13,13,95.82,149.93,2.31
EP018,2024-03-13,13,98.6,153.28,0.64
EP020,2024-03-13,13,90.8,161.11,0.89
EP022,2024-03-13,13,96.94,130.94,1.16
EP015,2024-03-13,14,93.24,159.93,1.63
EP016,2024-03-13,14,93.68,168.61,1.85
EP017,2024-03-13,14,96.59,155.76,1.37
EP018,2024-03-13,14,95.72,155.21,0.76
EP020,2024-03-13,14,92.53,157.04,1.08
EP022,2024-03-13,14,95.98,142.06,1.2
EP015,2024-03-13,15,97.57,151.55,1.36
EP016,2024-03-13,15,90.23,170.27,1.4
EP017,2024-03-13,15,97.63,153.42,0.92
EP018,2024-03-13,15,94.48,160.18,1.05
EP020,2024-03-13,15,94.58,154.96,0.8
EP022,2024-03-13,15,97.52,151.57,0.89
EP015,2024-03-13,16,96.86,161.59,1.27
EP016,2024-03-13,16,91.98,170.44,1.92
EP017,2024-03-13,16,97.62,150.15,0.97
EP018,2024-03-13,16,91.09,159.07,1.21
EP020,2024-03-13,16,94.3,155.87,0.9
EP022,2024-03-13,16,99.0,153.12,0.94
EP015,2024-03-13,17,96.09,153.16,1.22
EP016,2024-03-13,17,90.83,171.08,1.63
EP017,2024-03-13,17,96.8,149.96,1.1
EP018,2024-03-13,17,94.38,154.81,1.03
EP020,2024-03-13,17,94.45,164.47,1.11
EP022,2024-03-13,17,98.96,151.35,0.81
EP015,2024-03-13,18,96.05,145.6,1.74
EP016,2024-03-13,18,94.76,169.1,0.85
EP017,2024-03-13,18,96.7,145.88,1.29
EP018,2024-03-13,18,94.02,158.82,1.1
EP020,13/03/2024,18,94.89,152.19,0.81
EP022,2024-03-13,18,96.49,142.47,1.11
EP015,2024-03-13,19,94.63,146.67,1.51
EP016,2024-03-13,19,91.2,170.12,1.6
EP017,2024-03-13,19,95.75,140.57,1.48
EP018,2024-03-13,19,92.61,154.45,1.39
EP020,2024-03-13,19,94.17,151.24,1.06
EP022,2024-03-13,19,96.4,146.42,1.2
EP015,2024-03-13,20,94.6,151.43,1.27
EP016,2024-03-13,20,91.21,171.19,1.44
EP017,2024-03-13,20,96.34,145.21,1.18
EP018,2024-03-13,20,97.64,158.87,1.02
EP020,2024-03-13,20,94.23,151.58,1.14
EP022,2024-03-13,20,95.96,143.7,1.3
EP015,2024-03-13,21,94.26,155.65,1.68
EP016,2024-03-13,21,92.17,158.49,1.18
EP017,2024-03-13,21,96.43,151.61,1.09
EP018,2024-03-13,21,97.31,150.36,1.14
EP020,2024-03-13,21,93.55,155.87,1.01
EP022,2024-03-13,21,95.85,148.69,1.02
EP015,2024-03-13,22,96.21,165.74,1.39
EP016,2024-03-13,22,93.25,156.04,1.56
EP017,2024-03-13,22,96.23,146.61,1.08
EP018,2024-03-13,22,97.02,146.62,1.39
EP020,2024-03-13,22,93.41,999,1.06
EP022,2024-03-13,22,95.42,143.31,1.11
EP015,2024-03-13,23,96.88,151.56,1.17
EP016,2024-03-13,23,91.72,152.74,1.38
EP017,2024-03-13,23,96.97,146.72,1.22
EP017,2024-03-13,23,96.97,146.72,1.22
EP018,2024-03-13,23,96.48,152.3,1.36
EP020,2024-03-13,23,93.73,153.63,1.11
EP022,2024-03-13,23,94.96,146.37,1.09
EP015,2024-03-14,0,96.98,144.34,1.76
EP016,2024-03-14,0,92.57,150.61,1.06
EP017,2024-03-14,0,98.91,138.74,1.18
EP018,2024-03-14,0,98.18,159.35,1.46
EP020,2024-03-14,0,93.35,161.46,1.13
EP022,2024-03-14,0,97.78,148.02,0.55
EP015,2024-03-14,1,95.8,148.09,2.78
EP016,2024-03-14,1,92.21,158.02,1.13
EP017,2024-03-14,1,98.64,142.13,1.22
EP018,2024-03-14,1,97.15,155.28,1.7
EP020,2024-03-14,1,92.14,155.16,1.44
EP022,2024-03-14,1,99.19,153.25,0.59
EP015,2024-03-14,2,95.79,150.81,1.9
EP016,2024-03-14,2,96.52,151.91,1.14
EP017,2024-03-14,2,97.57,149.91,1.35
EP018,2024-03-14,2,96.42,154.16,1.26
EP020,2024-03-14,2,94.07,159.5,1.11
EP022,2024-03-14,2,98.57,147.39,0.65
EP015,2024-03-14,3,96.39,165.08,2.08
EP016,2024-03-14,3,92.98,155.15,1.38
EP017,2024-03-14,3,97.51,156.54,1.41
EP018,2024-03-14,3,96.32,161.04,1.73
EP020,2024-03-14,3,95.53,154.06,0.91
EP022,2024-03-14,3,98.19,152.28,0.62
EP015,2024-03-14,4,96.19,166.17,2.2
EP016,2024-03-14,4,94.17,157.96,1.64
EP017,2024-03-14,4,97.4,152.7,1.83
EP018,2024-03-14,4,95.73,154.88,1.59
EP020,2024-03-14,4,96.06,155.08,1.15
EP022,2024-03-14,4,98.53,146.31,0.49
EP015,2024-03-14,5,95.91,170.77,1.66
EP016,2024-03-14,5,96.11,156.67,1.53
EP017,2024-03-14,5,96.7,154.6,1.73
EP018,2024-03-14,5,96.23,157.3,1.33
EP020,2024-03-14,5,95.41,153.33,0.98
EP022,2024-03-14,5,97.55,138.65,0.56
EP015,2024-03-14,6,96.42,159.48,1.07
EP016,2024-03-14,6,95.2,158.45,1.57
EP017,2024-03-14,6,98.61,155.22,1.23
EP018,2024-03-14,6,98.87,163.62,0.9
EP020,2024-03-14,6,95.0,157.21,0.99
EP022,2024-03-14,6,98.31,140.96,0.98
EP015,2024-03-14,7,96.74,145.0,1.52
EP016,2024-03-14,7,93.23,164.23,1.93
EP017,2024-03-14,7,98.21,151.29,1.36
EP018,2024-03-14,7,96.46,165.72,1.18
EP020,2024-03-14,7,93.22,156.51,0.88
EP022,2024-03-14,7,99.8,139.76,0.94
EP015,2024-03-14,8,95.58,145.42,1.24
EP016,2024-03-14,8,92.24,171.74,2.55
EP017,2024-03-14,8,97.1,141.94,1.31
EP018,2024-03-14,8,97.9,151.53,1.25
EP020,2024-03-14,8,93.82,153.29,1.2
EP022,2024-03-14,8,99.38,143.98,0.98
EP015,2024-03-14,9,95.43,152.78,1.44
EP016,2024-03-14,9,96.21,170.49,1.52
EP017,2024-03-14,9,98.78,151.53,1.15
EP018,2024-03-14,9,95.49,147.53,1.59
EP020,2024-03-14,9,94.09,162.5,0.79
EP022,2024-03-14,9,99.86,132.39,0.73
EP015,2024-03-14,10,98.54,143.11,2.21
EP016,2024-03-14,10,96.02,171.6,1.34
EP017,2024-03-14,10,97.9,146.9,1.18
EP018,2024-03-14,10,94.76,149.57,1.71
EP020,2024-03-14,10,92.41,168.5,0.85
EP022,2024-03-14,10,99.81,134.62,0.75
EP015,2024-03-14,11,98.9,146.83,1.46
EP016,2024-03-14,11,97.13,174.8,0.9
EP017,2024-03-14,11,99.27,149.43,0.7
EP017,2024-03-14,11,99.27,149.43,0.7
EP018,2024-03-14,11,98.12,157.91,1.1
EP020,2024-03-14,11,91.98,155.0,0.91
EP022,2024-03-14,11,99.68,137.32,0.7
EP015,2024-03-14,12,98.0,156.31,1.3
EP017,2024-03-14,12,97.8,143.8,1.09
EP018,2024-03-14,12,97.31,158.16,1.4
EP020,2024-03-14,12,93.38,154.12,0.91
EP022,2024-03-14,12,99.82,133.02,0.51
EP017,2024-03-14,13,98.02,147.24,1.25
EP018,2024-03-14,13,97.55,157.22,1.49
EP020,2024-03-14,13,94.17,151.3,0.62
EP022,2024-03-14,13,99.87,140.35,0.57
EP017,2024-03-14,14,98.15,148.25,1.32
EP018,2024-03-14,14,97.6,161.27,0.97
EP020,2024-03-14,14,94.1,155.8,0.97
EP022,2024-03-14,14,99.69,127.33,0.65
EP017,2024-03-14,15,98.96,162.18,0.91
EP018,2024-03-14,15,95.41,158.44,1.52
EP020,2024-03-14,15,95.2,159.13,0.91
EP022,2024-03-14,15,99.88,137.87,0.7
EP017,2024-03-14,16,99.46,158.24,0.89
EP018,2024-03-14,16,95.85,149.1,1.46
EP020,2024-03-14,16,96.69,155.76,0.85
EP022,2024-03-14,16,98.93,133.32,0.69
EP017,2024-03-14,17,99.26,144.91,0.9
EP018,2024-03-14,17,98.11,147.81,0.94
EP020,2024-03-14,17,94.7,166.94,0.88
EP022,2024-03-14,17,98.92,129.3,0.67
EP017,2024-03-14,18,98.53,142.65,1.03
EP018,2024-03-14,18,99.29,152.98,0.82
EP020,2024-03-14,18,95.69,155.82,0.95
EP022,2024-03-14,18,96.35,132.51,0.96
EP017,2024-03-14,19,98.73,134.56,1.06
EP018,2024-03-14,19,98.22,154.02,
EP020,2024-03-14,19,95.64,154.89,1.26
EP022,2024-03-14,19,94.11,132.72,2.0
EP017,2024-03-14,20,97.72,141.44,1.11
EP018,2024-03-14,20,97.6,156.89,1.5
EP020,2024-03-14,20,95.94,158.21,1.13
EP022,2024-03-14,20,95.29,131.37,1.49
EP017,2024-03-14,21,97.06,150.6,1.02
EP018,2024-03-14,21,97.1,160.96,1.64
EP020,2024-03-14,21,96.94,153.76,1.21
EP022,2024-03-14,21,97.72,128.32,1.08
EP017,2024-03-14,22,97.75,148.25,0.95
EP018,2024-03-14,22,95.3,158.35,1.62
EP020,2024-03-14,22,95.18,156.61,1.49
EP022,2024-03-14,22,96.81,127.6,2.1
EP017,2024-03-14,23,98.81,138.98,1.28
EP018,2024-03-14,23,96.33,152.67,1.56
EP020,2024-03-14,23,95.56,169.96,1.21
EP022,2024-03-14,23,95.46,129.54,1.77
EP017,2024-03-15,0,98.55,132.29,1.08
EP018,2024-03-15,0,97.54,150.26,1.18
EP020,2024-03-15,0,99.02,156.96,1.36
EP022,2024-03-15,0,96.52,135.46,2.25
EP017,2024-03-15,1,98.21,137.62,1.39
EP018,2024-03-15,1,96.04,153.28,1.85
EP020,2024-03-15,1,98.35,150.92,2.47
EP022,2024-03-15,1,95.5,145.54,2.41
EP017,2024-03-15,2,98.26,144.37,1.41
EP018,2024-03-15,2,93.51,163.06,1.61
EP020,2024-03-15,2,97.86,154.8,2.79
EP022,2024-03-15,2,96.77,140.3,2.04
EP017,2024-03-15,3,99.04,157.7,1.25
EP018,2024-03-15,3,96.48,155.76,1.96
EP020,2024-03-15,3,96.43,157.39,2.84
EP022,2024-03-15,3,96.04,137.24,2.11
EP017,2024-03-15,4,98.5,146.05,1.54
EP017,2024-03-15,4,98.5,146.05,1.54
EP018,2024-03-15,4,97.12,165.43,1.71
EP020,2024-03-15,4,98.15,162.58,2.07
EP022,2024-03-15,4,95.94,140.28,2.14
EP017,2024-03-15,5,98.31,136.0,1.36
EP018,2024-03-15,5,95.27,165.45,1.72
EP020,2024-03-15,5,97.78,158.0,2.35
EP022,2024-03-15,5,95.24,136.13,2.44
EP017,2024-03-15,6,98.87,,0.83
EP018,2024-03-15,6,97.54,164.46,1.3
EP020,2024-03-15,6,97.46,164.06,1.83
EP022,2024-03-15,6,95.35,136.5,2.03
EP017,2024-03-15,7,98.23,139.65,0.76
EP018,2024-03-15,7,99.27,168.41,0.99
EP020,2024-03-15,7,96.21,165.06,1.39
EP022,2024-03-15,7,97.21,139.68,0.98
EP017,2024-03-15,8,98.55,154.47,0.63
EP018,2024-03-15,8,96.87,159.65,0.95
EP020,2024-03-15,8,96.8,152.89,1.9
EP022,2024-03-15,8,96.96,139.84,1.18
EP017,2024-03-15,9,98.83,162.48,0.64
EP018,2024-03-15,9,98.09,156.17,0.93
EP020,2024-03-15,9,95.9,153.24,1.27
EP022,2024-03-15,9,96.87,149.61,0.91
EP017,2024-03-15,10,99.94,135.19,0.59
EP018,2024-03-15,10,97.9,148.41,0.93
EP020,2024-03-15,10,95.92,160.27,1.27
EP022,2024-03-15,10,95.84,146.86,1.23
EP017,2024-03-15,11,99.08,140.06,1.16
EP018,2024-03-15,11,96.95,156.84,0.76
EP020,2024-03-15,11,97.02,165.87,1.14
EP022,2024-03-15,11,94.87,144.27,1.65
EP017,2024-03-15,12,97.98,140.35,1.47
EP018,2024-03-15,12,98.82,151.82,0.86
EP020,2024-03-15,12,96.71,150.04,0.9
EP022,2024-03-15,12,98.69,154.37,0.97
EP017,2024-03-15,13,97.98,140.4,1.59
EP018,2024-03-15,13,97.23,154.4,1.13
EP020,2024-03-15,13,96.8,141.29,1.11
EP022,2024-03-15,13,96.74,151.33,2.04
EP017,2024-03-15,14,97.6,148.86,1.32
EP018,2024-03-15,14,96.66,156.34,1.26
EP020,2024-03-15,14,97.07,139.24,1.19
EP022,2024-03-15,14,96.31,,2.08
EP017,2024-03-15,15,97.61,161.0,1.15
EP018,2024-03-15,15,97.12,163.49,1.1
EP020,2024-03-15,15,96.94,146.84,0.95
EP022,2024-03-15,15,97.73,148.27,1.51
EP017,2024-03-15,16,97.11,158.89,1.43
EP018,2024-03-15,16,96.84,162.91,1.18
EP020,2024-03-15,16,96.49,150.79,1.14
EP022,2024-03-15,16,98.2,150.86,2.64
EP017,2024-03-15,17,97.94,158.59,1.25
EP018,2024-03-15,17,98.08,175.42,1.0
EP020,2024-03-15,17,96.6,148.23,1.27
EP022,2024-03-15,17,95.85,139.23,2.02
EP017,2024-03-15,18,98.35,147.63,1.04
EP018,2024-03-15,18,95.12,162.76,2.19
EP020,2024-03-15,18,95.23,156.82,0.99
EP022,2024-03-15,18,96.04,139.94,1.27
EP022,2024-03-15,18,96.04,139.94,1.27
EP017,2024-03-15,19,97.94,148.09,1.05
EP018,2024-03-15,19,94.45,154.61,2.42
EP020,2024-03-15,19,96.58,147.9,0.98
EP022,2024-03-15,19,94.85,144.33,
EP017,2024-03-15,20,97.97,137.69,1.13
EP018,2024-03-15,20,98.67,153.1,0.8
EP020,2024-03-15,20,95.5,159.0,0.98
EP022,2024-03-15,20,95.62,137.02,1.18
EP017,2024-03-15,21,98.89,144.8,1.13
EP018,2024-03-15,21,97.74,152.53,0.98
EP020,2024-03-15,21,96.79,148.02,1.08
EP022,2024-03-15,21,95.84,144.58,0.96
EP017,2024-03-15,22,98.43,137.94,1.53
EP018,2024-03-15,22,95.6,146.44,1.02
EP020,2024-03-15,22,95.76,145.2,1.52
EP022,2024-03-15,22,95.88,146.33,1.0
EP017,2024-03-15,23,98.89,144.0,1.32
EP018,2024-03-15,23,98.54,153.09,0.72
EP020,2024-03-15,23,92.12,149.75,1.26
EP022,2024-03-15,23,95.78,138.02,1.11
EP017,2024-03-16,0,98.53,145.09,1.6
EP018,2024-03-16,0,97.0,151.42,1.04
EP020,2024-03-16,0,97.11,143.38,1.24
EP022,2024-03-16,0,98.24,133.46,0.55
EP017,2024-03-16,1,98.77,135.61,1.68
EP018,2024-03-16,1,96.5,143.22,1.16
EP020,2024-03-16,1,96.69,144.67,1.86
EP022,2024-03-16,1,96.43,131.48,0.77
EP017,2024-03-16,2,101,146.96,1.37
EP018,2024-03-16,2,96.61,148.07,1.27
EP020,2024-03-16,2,95.79,149.46,1.8
EP022,2024-03-16,2,96.02,129.71,1.09
EP017,2024-03-16,3,97.98,153.28,1.16
EP018,2024-03-16,3,98.33,146.8,1.04
EP020,2024-03-16,3,96.94,169.19,1.09
EP022,2024-03-16,3,96.72,136.47,0.75
EP017,2024-03-16,4,99.23,147.21,1.08
EP018,2024-03-16,4,98.46,147.54,0.9
EP020,2024-03-16,4,96.92,159.76,1.05
EP022,2024-03-16,4,95.76,137.36,0.95
EP017,2024-03-16,5,99.39,147.06,1.26
EP018,2024-03-16,5,96.81,160.6,1.45
EP020,2024-03-16,5,96.24,149.43,1.08
EP022,2024-03-16,5,94.53,130.87,1.17
EP017,2024-03-16,6,97.64,142.36,1.5
EP018,2024-03-16,6,94.14,152.96,2.85
EP020,2024-03-16,6,97.12,153.37,0.89
EP022,2024-03-16,6,95.56,130.91,1.09
EP017,2024-03-16,7,98.83,135.1,1.29
EP018,2024-03-16,7,94.92,150.06,2.39
EP020,2024-03-16,7,97.5,147.17,0.91
EP022,2024-03-16,7,98.41,127.75,0.67
EP017,2024-03-16,8,98.19,144.19,1.55
EP018,2024-03-16,8,94.8,144.18,1.74
EP020,2024-03-16,8,96.88,149.77,1.03
EP022,2024-03-16,8,97.05,135.83,0.8
EP017,2024-03-16,9,98.18,154.91,1.05
EP018,2024-03-16,9,97.87,148.37,1.88
EP020,2024-03-16,9,95.78,154.38,1.28
EP022,2024-03-16,9,94.87,123.85,0.71
EP017,2024-03-16,10,98.65,146.53,0.9
EP018,2024-03-16,10,96.79,150.63,2.2
EP020,2024-03-16,10,95.93,155.41,1.54
EP022,2024-03-16,10,95.06,125.43,0.85
EP017,2024-03-16,11,98.16,153.06,0.81
EP018,2024-03-16,11,95.28,156.02,2.05
EP020,2024-03-16,11,97.25,165.33,0.81
EP022,2024-03-16,11,96.83,118.37,1.57
EP017,2024-03-16,12,97.37,134.65,0.98
EP018,2024-03-16,12,96.12,160.37,2.31
EP020,2024-03-16,12,94.57,157.95,1.09
EP022,2024-03-16,12,96.6,122.13,1.28
EP017,2024-03-16,13,98.63,144.1,1.03
EP018,2024-03-16,13,95.4,154.7,2.85
EP020,2024-03-16,13,96.89,152.13,0.81
EP022,2024-03-16,13,95.92,125.88,1.11
EP017,2024-03-16,14,97.69,144.63,1.77
EP018,2024-03-16,14,95.98,161.85,1.57
EP020,2024-03-16,14,96.42,143.37,0.94
EP022,2024-03-16,14,94.94,127.31,1.14
EP025,2024-03-16,14,98.19,145.79,0.5
EP026,2024-03-16,14,94.2,138.82,1.01
EP017,2024-03-16,15,97.27,140.5,1.55
EP018,2024-03-16,15,95.58,164.13,1.1
EP020,2024-03-16,15,95.05,152.53,1.0
EP022,2024-03-16,15,98.53,135.13,0.86
EP025,2024-03-16,15,98.33,151.21,0.68
EP026,2024-03-16,15,97.83,133.33,0.57
EP017,2024-03-16,16,97.37,146.65,1.45
EP018,2024-03-16,16,96.06,162.33,0.86
EP020,2024-03-16,16,93.32,154.39,1.31
EP022,2024-03-16,16,96.64,146.7,1.27
EP025,2024-03-16,16,96.98,151.59,0.51
EP026,2024-03-16,16,96.42,135.6,0.63
EP017,2024-03-16,17,97.31,,1.48
EP018,2024-03-16,17,95.86,150.3,0.8
EP020,2024-03-16,17,96.0,156.9,1.14
EP022,2024-03-16,17,96.63,142.73,1.18
EP025,2024-03-16,17,96.52,128.36,0.61
EP026,2024-03-16,17,95.46,129.7,1.36
EP017,2024-03-16,18,97.08,157.67,1.21
EP018,2024-03-16,18,96.89,152.64,1.21
EP020,2024-03-16,18,95.57,156.37,1.02
EP022,2024-03-16,18,95.8,131.8,1.55
EP025,2024-03-16,18,96.57,152.7,0.98
EP026,2024-03-16,18,96.78,123.88,0.73
EP017,2024-03-16,19,97.55,152.94,1.56
EP018,2024-03-16,19,96.02,151.8,2.05
EP020,2024-03-16,19,94.14,146.88,0.99
EP022,2024-03-16,19,95.56,129.08,1.56
EP025,2024-03-16,19,97.58,129.56,0.75
EP026,2024-03-16,19,97.09,121.36,1.0
EP017,2024-03-16,20,97.4,153.15,1.51
EP018,2024-03-16,20,94.62,158.12,1.58
EP020,2024-03-16,20,95.55,153.17,1.0
EP022,2024-03-16,20,95.12,128.9,1.64
EP025,2024-03-16,20,95.41,138.26,0.74
EP026,2024-03-16,20,94.68,128.42,0.98
EP017,2024-03-16,21,97.38,162.32,0.85
EP018,2024-03-16,21,94.06,162.78,1.6
EP020,2024-03-16,21,95.86,159.66,0.96
EP022,2024-03-16,21,97.74,138.28,1.06
EP025,2024-03-16,21,96.35,151.2,0.81
EP026,2024-03-16,21,97.52,123.35,1.01
EP017,2024-03-16,22,98.23,146.0,0.84
EP018,2024-03-16,22,93.56,151.83,1.62
EP020,2024-03-16,22,92.9,154.67,1.05
EP022,2024-03-16,22,97.8,143.13,1.12
EP025,2024-03-16,22,94.8,146.83,0.77
EP026,2024-03-16,22,93.92,136.69,1.1
EP017,2024-03-16,23,99.18,140.36,1.59
EP018,2024-03-16,23,94.08,159.96,1.13
EP020,2024-03-16,23,94.07,153.17,1.18
EP022,2024-03-16,23,97.16,137.59,1.28
EP025,2024-03-16,23,96.03,140.38,0.8
EP026,2024-03-16,23,96.76,133.96,0.97
EP017,2024-03-17,0,98.66,140.48,1.92
EP018,2024-03-17,0,97.47,158.33,0.81
EP020,2024-03-17,0,96.13,156.98,1.2
EP022,2024-03-17,0,97.96,140.59,0.92
EP025,2024-03-17,0,97.64,134.6,0.71
EP026,2024-03-17,0,97.6,139.35,0.76
EP017,2024-03-17,1,97.68,140.7,2.31
EP018,2024-03-17,1,95.17,153.26,1.44
EP020,2024-03-17,1,96.16,152.02,1.89
EP022,2024-03-17,1,101,135.54,0.75
EP025,2024-03-17,1,94.02,126.28,0.9
EP026,2024-03-17,1,97.78,139.76,0.67
EP017,2024-03-17,2,97.83,145.0,1.82
EP018,2024-03-17,2,93.8,151.09,1.6
EP020,2024-03-17,2,96.31,158.64,1.64
EP022,2024-03-17,2,97.4,133.52,1.33
EP025,2024-03-17,2,94.83,132.26,1.2
EP026,2024-03-17,2,97.45,140.24,0.66
EP017,2024-03-17,3,98.45,151.02,1.97
EP018,2024-03-17,3,94.02,163.04,1.47
EP020,2024-03-17,3,96.0,160.63,-1
EP022,2024-03-17,3,97.62,134.33,0.98
EP025,2024-03-17,3,95.81,142.47,0.77
EP026,2024-03-17,3,97.51,145.19,0.64
EP017,2024-03-17,4,98.12,151.65,1.91
EP018,2024-03-17,4,93.41,160.49,1.49
EP020,2024-03-17,4,96.26,154.52,1.71
EP020,2024-03-17,4,96.26,154.52,1.71
EP022,2024-03-17,4,97.49,138.31,0.91
EP025,2024-03-17,4,96.46,136.25,0.72
EP026,2024-03-17,4,97.46,146.44,0.58
EP017,2024-03-17,5,98.43,156.94,1.4
EP018,2024-03-17,5,95.07,165.91,1.96
EP020,2024-03-17,5,97.62,159.9,1.4
EP022,2024-03-17,5,95.86,132.41,1.62
EP025,2024-03-17,5,98.12,132.7,0.95
EP026,2024-03-17,5,96.02,141.39,0.86
EP017,2024-03-17,6,98.35,150.33,1.4
EP018,2024-03-17,6,99.04,175.8,1.29
EP020,2024-03-17,6,96.89,160.66,1.1
EP022,2024-03-17,6,95.32,144.77,2.2
EP025,2024-03-17,6,97.5,128.41,0.92
EP026,2024-03-17,6,96.83,133.87,0.76
EP017,2024-03-17,7,97.98,151.75,1.28
EP018,2024-03-17,7,96.76,152.02,1.38
EP020,2024-03-17,7,96.26,150.52,1.08
EP022,2024-03-17,7,94.4,149.55,2.29
EP025,2024-03-17,7,95.33,124.29,0.94
EP026,2024-03-17,7,97.62,132.84,0.75
EP017,2024-03-17,8,97.78,151.7,1.19
EP018,2024-03-17,8,96.88,152.55,1.07
EP020,2024-03-17,8,94.73,149.38,1.15
EP022,2024-03-17,8,93.89,138.5,1.97
EP025,2024-03-17,8,95.77,131.67,1.46
EP026,2024-03-17,8,97.79,135.86,0.75
EP017,2024-03-17,9,98.69,150.92,1.17
EP018,2024-03-17,9,94.52,152.48,0.78
EP020,2024-03-17,9,97.98,167.83,0.94
EP022,2024-03-17,9,95.49,137.02,1.75
EP025,2024-03-17,9,99.0,138.22,0.73
EP026,2024-03-17,9,94.88,140.35,0.79
EP017,2024-03-17,10,98.94,152.55,1.02
EP018,2024-03-17,10,97.76,148.12,0.69
EP020,2024-03-17,10,97.58,154.86,1.11
EP022,2024-03-17,10,94.7,142.04,1.99
EP025,2024-03-17,10,96.83,120.22,0.98
EP026,2024-03-17,10,92.27,138.31,0.94
EP017,2024-03-17,11,99.21,151.13,0.98
EP018,2024-03-17,11,98.41,159.57,0.67
EP020,2024-03-17,11,95.52,166.36,1.23
EP022,2024-03-17,11,95.2,138.37,1.73
EP025,2024-03-17,11,98.34,123.31,1.05
EP026,2024-03-17,11,98.27,135.0,0.71
EP027,2024-03-17,11,93.02,153.77,0.62
EP028,2024-03-17,11,97.18,132.3,0.92
EP017,2024-03-17,12,98.66,154.0,1.28
EP018,2024-03-17,12,97.65,150.19,0.67
EP020,2024-03-17,12,97.8,147.33,0.84
EP022,2024-03-17,12,94.72,130.89,1.49
EP025,2024-03-17,12,98.28,120.67,0.68
EP026,2024-03-17,12,97.79,137.4,1.02
EP027,2024-03-17,12,93.38,152.27,0.69
EP028,2024-03-17,12,98.73,138.65,1.02
EP017,2024-03-17,13,98.24,152.49,1.53
EP018,2024-03-17,13,97.28,147.23,0.87
EP020,2024-03-17,13,98.04,143.15,1.11
EP022,2024-03-17,13,95.54,131.29,1.32
EP025,2024-03-17,13,97.43,133.49,0.81
EP026,2024-03-17,13,95.84,139.53,0.75
EP027,2024-03-17,13,94.81,159.75,0.75
EP028,2024-03-17,13,98.11,126.91,0.99
EP017,2024-03-17,14,98.07,159.74,1.49
EP018,2024-03-17,14,96.71,147.81,0.99
EP020,2024-03-17,14,97.17,149.29,1.2
EP022,2024-03-17,14,95.0,126.29,1.91
EP025,2024-03-17,14,94.96,118.58,0.97
EP026,2024-03-17,14,98.48,129.44,0.59
EP027,2024-03-17,14,95.31,160.31,0.76
EP028,2024-03-17,14,95.91,129.98,1.81
EP017,2024-03-17,15,98.64,153.6,1.37
EP018,2024-03-17,15,96.64,155.24,1.22
EP020,2024-03-17,15,96.41,152.1,0.77
EP022,2024-03-17,15,96.09,134.33,1.93
EP025,2024-03-17,15,95.3,122.59,1.18
EP026,2024-03-17,15,97.79,136.48,0.6
EP027,2024-03-17,15,95.89,161.91,0.62
EP028,2024-03-17,15,96.6,141.71,1.71
EP017,2024-03-17,16,98.12,146.64,1.49
EP018,2024-03-17,16,95.04,156.67,2.22
EP020,2024-03-17,16,97.36,157.18,0.84
EP022,2024-03-17,16,95.24,142.31,2.15
EP025,2024-03-17,16,96.38,134.72,1.15
EP026,2024-03-17,16,96.33,143.33,0.69
EP027,2024-03-17,16,95.94,160.98,0.64
EP028,2024-03-17,16,98.45,140.94,1.22
EP017,2024-03-17,17,98.43,154.0,1.35
EP018,2024-03-17,17,96.65,159.77,1.42
EP020,2024-03-17,17,97.53,,0.98
EP022,2024-03-17,17,95.38,142.94,1.21
EP025,2024-03-17,17,96.7,144.6,1.17
EP026,2024-03-17,17,97.28,138.11,0.62
EP027,2024-03-17,17,94.88,162.22,0.65
EP028,2024-03-17,17,96.5,132.17,1.58
EP017,2024-03-17,18,98.65,167.92,1.19
EP018,2024-03-17,18,96.96,159.98,1.18
EP020,2024-03-17,18,97.83,146.94,1.02
EP022,2024-03-17,18,96.29,130.35,1.32
EP025,2024-03-17,18,94.64,132.68,1.15
EP026,2024-03-17,18,97.77,141.44,0.57
EP027,2024-03-17,18,97.28,159.38,0.6
EP028,2024-03-17,18,96.62,138.29,1.7
EP017,2024-03-17,19,98.93,153.6,1.18
EP018,2024-03-17,19,97.37,149.86,1.08
EP020,2024-03-17,19,96.57,142.7,1.3
EP022,2024-03-17,19,97.18,136.89,1.47
EP025,2024-03-17,19,95.07,129.88,1.43
EP026,2024-03-17,19,97.41,140.45,0.74
EP027,2024-03-17,19,97.53,155.62,0.67
EP028,2024-03-17,19,98.35,143.2,1.26
EP017,2024-03-17,20,98.6,158.5,1.17
EP018,2024-03-17,20,94.91,149.0,1.02
EP020,2024-03-17,20,97.28,144.77,1.03
EP022,2024-03-17,20,95.92,140.55,1.87
EP025,2024-03-17,20,96.45,124.04,1.49
EP026,2024-03-17,20,98.21,139.96,0.68
EP027,2024-03-17,20,96.55,159.8,0.7
EP028,2024-03-17,20,96.33,129.49,1.71
EP017,2024-03-17,21,99.12,147.0,1.02
EP018,2024-03-17,21,96.67,149.44,1.1
EP020,2024-03-17,21,96.98,164.84,0.84
EP022,2024-03-17,21,98.49,142.2,0.8
EP025,2024-03-17,21,96.76,138.71,1.23
EP026,2024-03-17,21,98.02,139.69,0.69
EP027,2024-03-17,21,93.8,157.71,1.4
EP028,2024-03-17,21,93.96,152.15,2.21
EP017,2024-03-17,22,98.38,150.51,1.59
EP018,2024-03-17,22,97.24,145.68,1.07
EP020,2024-03-17,22,95.94,152.72,1.04
EP022,2024-03-17,22,97.98,145.35,0.76
EP025,2024-03-17,22,96.14,127.74,1.39
EP026,2024-03-17,22,98.3,143.27,0.51
EP027,2024-03-17,22,93.73,160.94,1.37
EP017,2024-03-17,23,97.28,141.1,1.41
EP018,2024-03-17,23,97.6,153.31,0.89
EP020,2024-03-17,23,95.68,150.88,1.08
EP022,2024-03-17,23,97.36,138.1,0.84
EP025,2024-03-17,23,94.82,123.84,1.42
EP026,2024-03-17,23,250,137.49,0.5
EP027,2024-03-17,23,93.39,162.65,1.23
EP028,2024-03-17,23,97.07,132.52,0.84
EP017,2024-03-18,0,97.82,139.12,1.3
EP018,2024-03-18,0,95.26,155.34,1.54
EP020,2024-03-18,0,97.71,152.92,0.88
EP022,2024-03-18,0,98.07,129.48,0.84
EP025,2024-03-18,0,96.03,117.0,1.1
EP026,2024-03-18,0,96.1,139.2,0.75
EP027,2024-03-18,0,96.27,167.54,0.89
EP028,2024-03-18,0,97.43,157.9,1.18
EP017,2024-03-18,1,96.68,140.58,1.72
EP018,2024-03-18,1,96.19,159.13,1.58
EP020,2024-03-18,1,96.2,146.28,1.6
EP022,2024-03-18,1,97.94,136.17,1.09
EP025,2024-03-18,1,93.84,114.47,
EP026,2024-03-18,1,97.35,135.12,0.65
EP027,2024-03-18,1,94.38,159.1,1.23
EP028,2024-03-18,1,96.65,149.25,2.21
EP017,2024-03-18,2,98.39,142.87,1.19
EP018,18/03/2024,2,95.83,167.54,1.49
EP020,2024-03-18,2,96.55,150.74,1.34
EP022,2024-03-18,2,97.46,130.08,1.2
EP025,2024-03-18,2,97.49,126.09,1.17
EP025,2024-03-18,2,97.49,126.09,1.17
EP026,2024-03-18,2,97.17,136.0,0.71
EP027,2024-03-18,2,94.11,166.76,1.07
EP028,2024-03-18,2,94.48,145.93,2.83
EP017,2024-03-18,3,97.84,144.93,1.23
EP018,2024-03-18,3,96.67,157.96,2.01
EP020,2024-03-18,3,96.08,152.79,1.38
EP022,2024-03-18,3,98.6,136.93,1.14
EP025,2024-03-18,3,96.91,127.58,1.38
EP026,2024-03-18,3,95.35,142.52,0.67
EP027,2024-03-18,3,94.64,157.07,1.0
EP028,2024-03-18,3,96.4,127.6,1.12
EP017,2024-03-18,4,98.4,141.38,1.21
EP018,2024-03-18,4,96.9,153.38,1.98
EP020,2024-03-18,4,95.55,166.92,0.94
EP022,2024-03-18,4,98.43,146.37,1.09
EP025,2024-03-18,4,94.75,118.19,1.17
EP026,2024-03-18,4,97.5,139.58,0.64
EP027,2024-03-18,4,92.48,161.09,1.08
EP028,2024-03-18,4,96.24,128.58,1.34
EP017,2024-03-18,5,98.21,143.04,1.29
EP018,2024-03-18,5,94.85,159.77,1.85
EP020,2024-03-18,5,97.53,159.96,1.09
EP022,2024-03-18,5,97.41,135.96,1.37
EP025,2024-03-18,5,96.58,138.47,1.67
EP026,2024-03-18,5,97.28,141.13,0.53
EP027,2024-03-18,5,94.14,164.57,1.02
EP028,2024-03-18,5,96.46,144.85,1.47
EP017,2024-03-18,6,97.69,146.47,0.99
EP018,2024-03-18,6,96.07,165.26,1.18
EP018,2024-03-18,6,96.07,165.26,1.18
EP020,2024-03-18,6,96.58,154.67,1.08
EP022,2024-03-18,6,96.16,140.33,1.69
EP025,2024-03-18,6,94.57,114.57,1.11
EP026,2024-03-18,6,95.98,139.49,0.74
EP027,2024-03-18,6,88.78,154.61,1.18
EP028,2024-03-18,6,96.07,134.84,1.72
EP017,2024-03-18,7,97.96,152.8,1.11
EP018,2024-03-18,7,94.98,158.18,1.63
EP020,2024-03-18,7,95.28,150.26,0.92
EP022,2024-03-18,7,95.08,148.84,1.59
EP025,2024-03-18,7,94.59,121.69,1.49
EP026,2024-03-18,7,96.62,131.21,1.02
EP027,2024-03-18,7,94.39,166.55,0.99
EP028,2024-03-18,7,93.15,130.23,2.41
EP017,2024-03-18,8,98.47,144.11,1.46
EP018,2024-03-18,8,94.67,157.08,1.48
EP020,2024-03-18,8,95.91,152.91,1.27
EP022,2024-03-18,8,94.91,144.74,1.44
EP025,2024-03-18,8,98.06,115.57,1.18
EP026,2024-03-18,8,95.65,137.6,1.06
EP027,2024-03-18,8,95.73,162.08,0.75
EP028,2024-03-18,8,96.59,121.65,1.71
EP017,2024-03-18,9,97.78,157.13,1.62
EP018,2024-03-18,9,96.86,161.28,1.44
EP020,2024-03-18,9,96.51,155.78,1.21
EP022,2024-03-18,9,97.63,137.58,0.86
EP025,2024-03-18,9,98.45,131.64,0.95
EP026,2024-03-18,9,95.15,143.17,0.88
EP027,2024-03-18,9,94.87,169.36,1.08
EP028,2024-03-18,9,97.49,153.26,1.3
EP017,2024-03-18,10,96.76,148.69,1.13
EP018,2024-03-18,10,96.22,151.49,1.27
EP020,2024-03-18,10,95.44,159.42,0.96
EP022,2024-03-18,10,97.16,142.88,1.15
EP025,2024-03-18,10,96.21,125.13,1.04
EP026,2024-03-18,10,95.18,147.18,1.01
EP027,2024-03-18,10,96.89,169.79,0.75
EP028,2024-03-18,10,97.67,135.17,0.85
EP017,2024-03-18,11,97.33,144.83,1.76
EP018,2024-03-18,11,95.26,158.34,1.17
EP020,2024-03-18,11,96.14,152.2,1.16
EP022,2024-03-18,11,95.3,137.85,1.9
EP025,2024-03-18,11,96.16,116.67,1.09
EP026,2024-03-18,11,97.06,137.56,0.86
EP027,2024-03-18,11,97.55,161.8,0.75
EP028,2024-03-18,11,95.05,139.74,1.48
EP017,2024-03-18,12,97.44,154.67,1.87
EP018,2024-03-18,12,95.87,155.09,1.22
EP020,2024-03-18,12,94.88,159.5,1.25
EP022,2024-03-18,12,92.96,134.85,1.19
EP025,2024-03-18,12,98.09,130.42,0.9
EP026,2024-03-18,12,97.35,135.14,0.75
EP027,2024-03-18,12,96.24,164.52,0.74
EP028,2024-03-18,12,97.89,135.79,1.08
EP017,2024-03-18,13,98.15,154.29,1.69
EP018,2024-03-18,13,95.82,145.76,1.16
EP020,2024-03-18,13,95.9,158.58,1.46
EP022,2024-03-18,13,93.9,132.31,
EP025,2024-03-18,13,96.76,122.0,1.06
EP026,2024-03-18,13,97.51,140.29,0.83
EP027,2024-03-18,13,95.9,167.75,0.75
EP017,2024-03-18,14,98.14,154.67,1.41
EP018,2024-03-18,14,97.81,144.07,0.96
EP020,2024-03-18,14,95.06,150.69,1.23
EP022,2024-03-18,14,94.93,131.5,1.66
EP025,2024-03-18,14,95.72,116.28,1.22
EP026,2024-03-18,14,97.0,143.52,1.06
EP027,2024-03-18,14,98.68,165.6,0.81
EP017,2024-03-18,15,98.4,155.0,1.18
EP018,2024-03-18,15,99.7,156.69,1.2
EP020,2024-03-18,15,999,164.44,1.07
EP022,2024-03-18,15,97.91,139.59,1.06
EP025,2024-03-18,15,94.47,133.49,1.21
EP026,2024-03-18,15,95.56,153.69,1.09
EP027,2024-03-18,15,96.84,167.92,1.09
EP017,2024-03-18,16,98.17,157.73,1.14
EP018,2024-03-18,16,98.16,165.92,2.15
EP020,2024-03-18,16,96.13,148.52,1.08
EP022,2024-03-18,16,96.92,147.12,1.07
EP025,2024-03-18,16,94.5,123.75,2.47
EP026,2024-03-18,16,95.51,148.06,0.78
EP027,2024-03-18,16,97.79,168.9,1.0
EP017,2024-03-18,17,99.1,146.51,1.17
EP018,2024-03-18,17,95.94,167.64,1.49
EP020,2024-03-18,17,96.26,149.77,1.06
EP022,2024-03-18,17,-5,146.26,1.05
EP025,2024-03-18,17,94.15,121.31,2.49
EP026,2024-03-18,17,93.17,154.17,0.97
EP027,2024-03-18,17,92.27,170.08,1.29
EP017,2024-03-18,18,98.38,155.05,1.44
EP018,2024-03-18,18,99.0,162.0,1.7
EP020,2024-03-18,18,97.19,164.28,0.91
EP022,2024-03-18,18,99.44,150.1,0.73
EP025,2024-03-18,18,98.0,124.61,0.81
EP026,2024-03-18,18,97.09,139.68,0.76
EP027,2024-03-18,18,94.36,155.32,0.77
EP020,2024-03-18,19,96.56,169.96,1.0
EP022,2024-03-18,19,98.84,152.11,0.81
EP025,2024-03-18,19,96.22,131.49,1.05
EP026,2024-03-18,19,96.83,140.31,0.75
EP027,2024-03-18,19,96.98,154.98,0.75
EP020,2024-03-18,20,97.38,158.53,1.25
EP022,2024-03-18,20,95.75,131.16,1.57
EP025,2024-03-18,20,95.67,130.02,1.75
EP026,2024-03-18,20,97.06,145.98,0.79
EP027,2024-03-18,20,90.17,167.64,1.14
EP020,2024-03-18,21,97.42,163.38,1.0
EP022,2024-03-18,21,96.72,129.94,1.24
EP025,2024-03-18,21,94.37,145.61,1.62
EP026,2024-03-18,21,97.16,150.57,0.61
EP027,2024-03-18,21,92.78,166.54,1.04
EP020,2024-03-18,22,96.88,147.58,1.19
EP022,2024-03-18,22,97.98,133.52,1.13
EP025,2024-03-18,22,95.29,130.57,1.53
EP026,2024-03-18,22,97.16,151.82,0.63
EP027,2024-03-18,22,94.36,173.12,1.01
EP020,2024-03-18,23,96.09,151.09,1.29
EP022,2024-03-18,23,96.48,139.89,1.06
EP025,2024-03-18,23,96.79,140.1,1.41
EP026,2024-03-18,23,96.0,153.25,0.89
EP027,2024-03-18,23,93.91,168.84,1.28
EP020,2024-03-19,0,98.88,146.06,1.43
EP022,2024-03-19,0,98.08,128.65,0.89
EP025,2024-03-19,0,97.04,132.53,1.08
EP026,2024-03-19,0,97.04,154.65,0.74
EP027,2024-03-19,0,94.42,168.87,0.76
EP020,2024-03-19,1,98.14,145.8,1.65
EP022,2024-03-19,1,96.89,134.11,0.75
EP025,2024-03-19,1,96.35,124.88,1.12
EP026,2024-03-19,1,97.38,159.02,0.73
EP027,2024-03-19,1,94.24,170.88,0.67
EP020,2024-03-19,2,98.32,140.7,1.39
EP022,2024-03-19,2,96.79,135.54,0.77
EP025,2024-03-19,2,96.8,134.64,1.46
EP026,2024-03-19,2,96.91,161.93,1.14
EP027,2024-03-19,2,94.53,164.9,0.65
EP020,2024-03-19,3,97.74,146.28,1.28
EP022,2024-03-19,3,98.07,143.62,0.76
EP025,2024-03-19,3,96.22,144.72,1.49
EP026,2024-03-19,3,96.64,156.6,0.9
EP027,2024-03-19,3,94.06,158.26,1.35
EP020,2024-03-19,4,97.63,147.08,1.55
EP022,2024-03-19,4,98.45,142.61,1.0
EP025,2024-03-19,4,95.56,129.86,1.53
EP026,2024-03-19,4,97.55,156.29,0.71
EP027,2024-03-19,4,92.61,168.92,2.09
EP020,2024-03-19,5,97.22,147.78,1.36
EP022,2024-03-19,5,97.08,144.73,0.77
EP025,2024-03-19,5,95.62,128.49,1.66
EP026,2024-03-19,5,96.54,157.61,0.68
EP027,2024-03-19,5,92.81,168.29,1.61
EP020,2024-03-19,6,97.79,152.19,1.13
EP022,2024-03-19,6,96.74,143.16,1.03
EP025,2024-03-19,6,96.73,139.94,1.64
EP026,2024-03-19,6,97.79,150.69,0.63
EP027,2024-03-19,6,91.29,171.82,1.19
EP020,2024-03-19,7,97.41,157.8,1.06
EP022,2024-03-19,7,97.75,141.57,0.65
EP025,2024-03-19,7,97.13,152.29,1.41
EP026,2024-03-19,7,97.08,148.85,0.75
EP027,2024-03-19,7,96.82,163.93,0.92
EP020,2024-03-19,8,96.28,,1.13
EP022,2024-03-19,8,97.71,139.57,0.92
EP025,2024-03-19,8,97.48,128.21,1.23
EP026,2024-03-19,8,250,150.87,0.64
EP027,2024-03-19,8,96.98,170.42,0.92
EP020,2024-03-19,9,96.23,159.21,1.04
EP022,2024-03-19,9,96.0,137.4,1.14
EP025,2024-03-19,9,98.51,130.73,1.32
EP026,2024-03-19,9,97.34,153.49,0.8
EP027,2024-03-19,9,92.45,164.06,0.97
EP020,2024-03-19,10,95.69,153.15,1.16
EP022,2024-03-19,10,95.14,143.67,0.99
EP025,2024-03-19,10,96.98,112.32,1.08
EP026,2024-03-19,10,95.69,164.69,0.82
EP027,2024-03-19,10,91.02,163.2,1.59
EP020,2024-03-19,11,95.11,150.95,1.29
EP022,2024-03-19,11,96.0,141.71,1.07
EP025,2024-03-19,11,96.64,127.0,0.99
EP026,2024-03-19,11,96.5,143.56,0.95
EP027,2024-03-19,11,89.82,158.23,1.73
EP020,2024-03-19,12,95.38,150.67,0.98
EP022,2024-03-19,12,96.7,145.48,1.0
EP025,2024-03-19,12,97.74,144.31,1.0
EP026,2024-03-19,12,96.42,145.4,0.84
EP027,2024-03-19,12,93.84,164.56,1.14
EP020,2024-03-19,13,96.86,149.2,1.19
EP022,2024-03-19,13,97.31,155.69,0.84
EP025,2024-03-19,13,98.4,138.04,0.94
EP026,2024-03-19,13,96.72,149.15,1.04
EP027,2024-03-19,13,92.14,165.78,1.48
EP020,2024-03-19,14,95.71,156.37,1.43
EP022,2024-03-19,14,96.02,148.62,1.21
EP025,2024-03-19,14,96.81,149.57,1.43
EP026,2024-03-19,14,95.56,150.72,0.9
EP027,2024-03-19,14,93.66,158.89,1.33
EP020,2024-03-19,15,98.74,149.7,0.82
EP022,2024-03-19,15,95.44,143.23,0.8
EP025,2024-03-19,15,96.82,122.93,1.12
EP026,2024-03-19,15,95.34,151.48,0.9
EP027,2024-03-19,15,95.26,161.81,1.03
EP020,2024-03-19,16,96.63,144.57,1.08
EP022,2024-03-19,16,96.2,154.78,0.87
EP025,2024-03-19,16,96.12,140.76,1.13
EP026,2024-03-19,16,95.23,153.19,1.06
EP027,2024-03-19,16,93.21,165.74,1.16
EP020,2024-03-19,17,97.46,159.78,1.03
EP022,2024-03-19,17,96.72,156.36,1.34
EP025,2024-03-19,17,96.61,139.59,1.2
EP026,2024-03-19,17,96.5,154.46,1.11
EP027,2024-03-19,17,92.46,169.2,1.25
EP020,2024-03-19,18,97.58,160.42,0.71
EP022,2024-03-19,18,96.15,143.21,0.73
EP025,2024-03-19,18,95.63,127.35,1.23
EP026,2024-03-19,18,96.33,151.45,0.87
EP027,2024-03-19,18,94.1,162.18,1.07
EP020,2024-03-19,19,97.69,147.82,0.92
EP022,2024-03-19,19,96.11,149.79,0.76
EP025,2024-03-19,19,96.13,127.61,1.27
EP026,2024-03-19,19,96.81,151.02,0.92
EP027,2024-03-19,19,97.81,154.55,0.77
EP020,2024-03-19,20,96.35,153.0,1.02
EP022,2024-03-19,20,95.95,147.59,0.94
EP025,2024-03-19,20,95.8,123.06,1.43
EP026,2024-03-19,20,95.35,155.35,0.99
EP027,2024-03-19,20,98.13,157.45,0.66
EP020,2024-03-19,21,96.54,153.2,1.11
EP022,2024-03-19,21,95.69,141.61,0.77
EP025,2024-03-19,21,96.93,128.69,1.31
EP026,2024-03-19,21,96.65,152.85,0.79
EP027,2024-03-19,21,98.21,161.71,0.65
EP020,2024-03-19,22,97.83,152.47,1.1
EP022,2024-03-19,22,95.05,143.2,0.86
EP025,2024-03-19,22,97.94,124.9,1.08
EP026,2024-03-19,22,97.5,149.0,0.89
EP027,2024-03-19,22,96.98,168.51,0.62
EP020,2024-03-19,23,96.7,147.53,1.03
EP022,2024-03-19,23,95.83,140.56,1.05
EP025,2024-03-19,23,97.17,126.67,1.05
EP026,2024-03-19,23,97.6,151.96,0.72
EP027,2024-03-19,23,97.22,170.41,
EP020,2024-03-20,0,97.81,147.81,1.09
EP022,2024-03-20,0,96.7,141.41,1.43
EP025,20/03/2024,0,96.21,138.65,1.06
EP026,2024-03-20,0,98.7,155.1,0.76
EP027,2024-03-20,0,97.81,166.53,1.21
EP020,2024-03-20,1,96.94,145.92,1.07
EP022,2024-03-20,1,98.16,152.8,1.29
EP025,2024-03-20,1,96.49,135.39,0.97
EP026,2024-03-20,1,98.94,155.66,0.94
EP027,2024-03-20,1,96.33,172.52,1.42
EP020,2024-03-20,2,97.12,167.49,0.92
EP022,2024-03-20,2,96.2,152.67,1.36
EP025,2024-03-20,2,95.65,139.58,1.07
EP026,2024-03-20,2,97.77,152.89,1.07
EP027,2024-03-20,2,96.23,173.72,1.4
EP020,2024-03-20,3,98.0,165.54,0.8
EP022,2024-03-20,3,98.21,149.9,1.12
EP025,2024-03-20,3,95.0,146.08,1.13
EP026,2024-03-20,3,98.47,148.41,0.54
EP027,2024-03-20,3,97.55,164.06,0.78
EP020,2024-03-20,4,98.1,141.45,1.21
EP022,2024-03-20,4,98.9,149.49,1.15
EP025,2024-03-20,4,95.58,152.22,1.13
EP026,2024-03-20,4,98.55,149.18,0.74
EP027,2024-03-20,4,96.93,160.4,0.82
EP020,2024-03-20,5,97.63,137.22,1.41
EP022,2024-03-20,5,98.43,147.29,1.24
EP025,2024-03-20,5,96.55,137.84,1.15
EP026,2024-03-20,5,99.08,151.31,0.67
EP027,2024-03-20,5,94.3,158.49,0.87
EP020,2024-03-20,6,97.23,148.95,1.35
EP022,2024-03-20,6,99.23,142.73,0.88
EP025,2024-03-20,6,96.38,135.25,1.06
EP026,2024-03-20,6,97.41,154.76,0.96
EP027,2024-03-20,6,91.94,157.45,1.15
EP020,2024-03-20,7,97.24,152.47,1.16
EP022,2024-03-20,7,96.4,136.98,1.02
EP025,2024-03-20,7,96.77,,0.95
EP026,2024-03-20,7,98.23,143.28,0.92
EP027,2024-03-20,7,95.45,166.37,0.86
EP020,2024-03-20,8,97.27,148.79,1.3
EP022,2024-03-20,8,97.41,137.24,1.17
EP025,2024-03-20,8,97.35,149.94,1.14
EP026,2024-03-20,8,98.25,147.23,1.05
EP027,2024-03-20,8,96.7,167.94,0.68
EP020,2024-03-20,9,97.65,157.92,1.0
EP022,2024-03-20,9,98.47,146.71,0.89
EP025,2024-03-20,9,95.74,133.65,0.92
EP026,2024-03-20,9,96.77,163.27,0.96
EP027,2024-03-20,9,94.33,158.22,0.69
EP020,2024-03-20,10,97.36,159.39,1.06
EP022,2024-03-20,10,99.64,154.25,0.98
EP025,2024-03-20,10,96.38,139.46,1.24
EP026,2024-03-20,10,98.87,146.13,0.73
EP027,2024-03-20,10,94.83,163.13,0.66
EP020,2024-03-20,11,95.68,160.0,0.8
EP022,2024-03-20,11,99.62,157.45,0.88
EP025,2024-03-20,11,95.83,141.43,1.02
EP026,2024-03-20,11,99.0,147.13,0.81
EP027,2024-03-20,11,95.48,164.86,0.66
EP020,2024-03-20,12,95.6,148.02,0.77
EP022,2024-03-20,12,99.6,141.1,0.81
EP025,2024-03-20,12,97.79,151.26,1.55
EP026,2024-03-20,12,98.18,150.58,0.99
EP027,2024-03-20,12,96.39,168.84,0.58
EP020,2024-03-20,13,96.47,148.76,1.09
EP022,2024-03-20,13,99.24,139.68,1.09
EP025,2024-03-20,13,98.02,148.4,1.06
EP026,2024-03-20,13,98.06,151.12,0.92
EP027,2024-03-20,13,97.68,168.12,0.58
EP020,2024-03-20,14,97.16,152.27,1.17
EP022,2024-03-20,14,99.12,141.66,0.84
EP025,2024-03-20,14,97.02,134.5,0.8
EP026,2024-03-20,14,97.08,157.53,1.11
EP027,2024-03-20,14,94.84,162.9,0.57
EP020,2024-03-20,15,94.43,154.8,1.47
EP022,2024-03-20,15,97.28,140.28,0.82
EP025,2024-03-20,15,98.0,126.31,0.7
EP026,2024-03-20,15,96.98,152.33,0.8
EP027,2024-03-20,15,93.83,162.46,0.65
EP020,2024-03-20,16,95.55,150.66,1.34
EP022,2024-03-20,16,95.94,141.77,1.85
EP025,2024-03-20,16,96.49,134.97,0.89
EP026,2024-03-20,16,97.04,142.64,1.01
EP027,2024-03-20,16,96.69,165.17,0.62
EP020,2024-03-20,17,96.3,144.22,1.26
EP022,2024-03-20,17,96.84,143.0,1.35
EP025,2024-03-20,17,95.09,128.34,1.23
EP026,2024-03-20,17,96.13,144.06,1.25
EP027,2024-03-20,17,93.75,165.48,0.59
EP020,2024-03-20,18,95.28,157.24,1.07
EP022,2024-03-20,18,95.31,149.02,1.46
EP025,2024-03-20,18,94.73,,1.2
EP026,2024-03-20,18,96.76,143.76,1.24
EP027,2024-03-20,18,95.33,172.04,0.88
EP020,2024-03-20,19,95.42,157.1,1.23
EP022,2024-03-20,19,97.24,157.14,1.58
EP025,2024-03-20,19,98.53,159.06,1.02
EP026,2024-03-20,19,96.92,148.39,1.13
EP027,2024-03-20,19,95.17,162.81,0.8
EP020,2024-03-20,20,95.24,174.22,0.98
EP022,2024-03-20,20,99.1,157.58,0.91
EP025,2024-03-20,20,95.36,167.6,1.5
EP026,2024-03-20,20,96.49,150.17,1.15
EP027,2024-03-20,20,94.92,168.63,0.53
EP020,2024-03-20,21,95.67,151.81,0.83
EP022,2024-03-20,21,98.15,141.95,1.18
EP025,2024-03-20,21,96.24,148.48,1.17
EP026,2024-03-20,21,95.92,155.0,1.21
EP027,2024-03-20,21,93.0,156.91,1.06
EP020,2024-03-20,22,96.11,155.23,0.87
EP022,2024-03-20,22,98.34,147.26,0.94
EP025,2024-03-20,22,94.27,129.76,1.43
EP026,2024-03-20,22,95.48,163.8,1.33
EP027,2024-03-20,22,96.34,152.68,0.7
EP020,2024-03-20,23,94.9,153.59,1.13
EP022,2024-03-20,23,97.73,147.15,1.35
EP025,2024-03-20,23,92.59,130.67,1.33
EP026,2024-03-20,23,96.18,162.47,0.8
EP027,2024-03-20,23,93.34,160.16,0.74
EP020,2024-03-21,0,94.85,152.31,1.23
EP022,2024-03-21,0,97.4,140.93,4.03
EP025,2024-03-21,0,95.73,136.3,1.24
EP026,2024-03-21,0,97.24,149.8,0.88
EP027,2024-03-21,0,95.63,162.96,0.69
EP020,2024-03-21,1,92.71,144.67,1.88
EP022,2024-03-21,1,97.06,144.94,3.58
EP025,2024-03-21,1,94.8,136.4,
EP026,2024-03-21,1,96.73,154.35,0.84
EP027,2024-03-21,1,94.82,163.84,0.63
EP020,2024-03-21,2,94.44,156.83,1.19
EP022,2024-03-21,2,97.43,147.43,3.11
EP025,2024-03-21,2,94.07,141.43,1.43
EP026,2024-03-21,2,96.67,,0.7
EP027,2024-03-21,2,96.17,171.62,0.6
EP020,2024-03-21,3,94.98,153.13,1.14
EP022,2024-03-21,3,96.84,146.4,2.83
EP025,2024-03-21,3,93.89,154.7,1.49
EP026,2024-03-21,3,96.89,158.57,0.65
EP027,2024-03-21,3,95.9,169.33,0.76
EP020,2024-03-21,4,94.41,144.29,1.44
EP022,2024-03-21,4,97.26,148.48,3.63
EP025,2024-03-21,4,94.06,156.43,1.54
EP026,2024-03-21,4,95.86,177.04,1.05
EP027,2024-03-21,4,97.26,167.7,0.67
EP020,2024-03-21,5,93.96,140.89,1.35
EP022,2024-03-21,5,97.71,151.63,3.25
EP025,2024-03-21,5,95.17,,1.54
EP026,2024-03-21,5,97.36,172.16,1.18
EP027,2024-03-21,5,95.44,163.3,0.8
EP020,2024-03-21,6,96.38,153.43,1.18
EP022,2024-03-21,6,95.29,157.0,1.36
EP025,2024-03-21,6,95.98,151.49,1.26
EP026,2024-03-21,6,97.47,153.59,0.69
EP027,2024-03-21,6,95.98,163.98,0.78
EP020,2024-03-21,7,95.62,157.69,0.7
EP022,2024-03-21,7,95.25,152.22,2.2
EP025,2024-03-21,7,93.56,145.58,1.32
EP026,2024-03-21,7,98.55,147.3,0.55
EP027,2024-03-21,7,95.3,164.77,0.76
EP020,2024-03-21,8,95.47,149.79,0.79
EP022,2024-03-21,8,95.13,153.43,2.27
EP025,2024-03-21,8,94.34,147.0,1.53
EP026,2024-03-21,8,96.45,163.31,0.99
EP027,2024-03-21,8,95.1,170.08,0.79
EP020,2024-03-21,9,95.93,142.81,1.09
EP022,2024-03-21,9,95.63,162.9,0.99
EP025,2024-03-21,9,97.73,151.0,1.29
EP026,2024-03-21,9,96.2,166.5,0.96
EP027,2024-03-21,9,91.46,163.4,0.93
EP020,2024-03-21,10,92.68,143.18,1.24
EP022,2024-03-21,10,95.88,156.94,1.54
EP025,2024-03-21,10,96.56,165.54,0.98
EP026,2024-03-21,10,99.13,153.11,0.56
EP027,2024-03-21,10,95.89,172.28,0.98
EP020,2024-03-21,11,95.8,146.17,1.01
EP022,2024-03-21,11,96.05,154.67,1.13
EP025,2024-03-21,11,95.83,164.57,1.36
EP026,2024-03-21,11,98.22,136.78,0.98
EP027,2024-03-21,11,96.11,168.47,0.93
EP020,2024-03-21,12,93.67,147.21,0.93
EP022,2024-03-21,12,94.79,153.62,1.1
EP025,2024-03-21,12,95.86,153.8,0.85
EP026,2024-03-21,12,98.23,143.1,0.96
EP027,2024-03-21,12,95.9,169.31,0.8
EP020,2024-03-21,13,95.11,153.91,1.06
EP022,2024-03-21,13,94.77,156.68,1.36
EP025,2024-03-21,13,94.33,158.33,0.96
EP026,2024-03-21,13,98.18,151.56,0.89
EP027,2024-03-21,13,97.97,163.46,0.6
EP020,2024-03-21,14,94.2,155.49,1.05
EP022,2024-03-21,14,94.38,158.98,1.3
EP025,2024-03-21,14,94.63,173.63,1.19
EP026,2024-03-21,14,99.13,149.3,0.73
EP027,2024-03-21,14,97.92,171.65,0.61
EP029,2024-03-21,14,92.84,127.47,1.63
EP020,2024-03-21,15,95.15,149.85,0.98
EP022,2024-03-21,15,96.65,149.63,1.36
EP025,2024-03-21,15,94.58,156.14,0.79
EP026,2024-03-21,15,99.24,146.08,0.71
EP027,2024-03-21,15,95.21,167.45,1.14
EP029,2024-03-21,15,92.53,137.32,1.28
EP020,2024-03-21,16,93.29,147.49,1.84
EP022,2024-03-21,16,95.69,156.9,1.38
EP025,2024-03-21,16,94.55,152.35,0.93
EP026,2024-03-21,16,98.91,153.41,0.78
EP027,2024-03-21,16,93.67,166.77,1.77
EP029,2024-03-21,16,94.08,131.72,1.24
EP030,2024-03-21,16,95.33,149.47,1.31
EP020,2024-03-21,17,94.81,154.58,1.6
EP022,2024-03-21,17,95.81,163.4,1.26
EP025,2024-03-21,17,94.11,155.81,1.86
EP026,2024-03-21,17,99.14,144.11,0.8
EP027,21/03/2024,17,94.33,166.5,1.98
EP029,2024-03-21,17,96.39,124.47,0.79
EP030,2024-03-21,17,97.76,148.9,1.03
EP020,2024-03-21,18,97.14,165.42,0.95
EP022,2024-03-21,18,95.69,161.0,0.8
EP025,2024-03-21,18,94.09,158.82,1.41
EP026,2024-03-21,18,98.89,146.67,0.8
EP027,2024-03-21,18,97.7,170.56,0.71
EP029,2024-03-21,18,95.06,118.84,0.78
EP030,2024-03-21,18,97.76,138.84,1.09
EP020,2024-03-21,19,96.29,148.05,0.76
EP022,2024-03-21,19,95.18,153.42,1.01
EP025,2024-03-21,19,94.61,170.29,1.35
EP026,2024-03-21,19,98.68,151.52,0.73
EP027,2024-03-21,19,93.96,165.74,2.29
EP029,2024-03-21,19,95.88,120.56,0.79
EP030,2024-03-21,19,96.83,139.64,1.18
EP020,2024-03-21,20,95.46,142.4,0.98
EP022,2024-03-21,20,95.25,151.1,1.09
EP025,2024-03-21,20,95.11,145.18,1.12
EP026,2024-03-21,20,97.96,163.47,0.76
EP027,2024-03-21,20,93.21,169.29,2.77
EP029,2024-03-21,20,95.59,119.71,0.99
EP020,2024-03-21,21,96.12,153.16,1.1
EP022,2024-03-21,21,94.57,148.78,1.03
EP025,2024-03-21,21,95.29,142.64,0.88
EP026,2024-03-21,21,98.15,156.7,0.77
EP027,2024-03-21,21,92.54,171.65,1.01
EP029,2024-03-21,21,95.84,125.16,1.97
EP020,2024-03-21,22,95.35,144.13,1.12
EP022,2024-03-21,22,96.02,161.13,1.05
EP025,2024-03-21,22,95.39,151.29,0.94
EP026,2024-03-21,22,97.51,161.19,0.82
EP027,2024-03-21,22,94.76,162.91,0.86
EP029,2024-03-21,22,94.67,130.0,1.59
EP020,2024-03-21,23,97.0,147.77,0.96
EP022,2024-03-21,23,95.68,151.66,1.51
EP025,2024-03-21,23,95.4,160.67,1.01
EP026,2024-03-21,23,97.16,153.12,0.75
EP027,2024-03-21,23,92.76,159.43,1.16
EP029,2024-03-21,23,96.91,126.32,1.09
EP020,2024-03-22,0,97.78,148.86,0.94
EP022,2024-03-22,0,97.84,147.07,1.26
EP025,2024-03-22,0,96.4,158.02,1.16
EP026,2024-03-22,0,96.96,153.08,0.83
EP027,2024-03-22,0,93.4,168.3,0.96
EP029,2024-03-22,0,96.82,114.65,1.29
EP020,2024-03-22,1,96.82,140.37,1.64
EP022,2024-03-22,1,95.66,144.28,2.52
EP025,2024-03-22,1,94.63,157.09,1.33
EP026,2024-03-22,1,96.53,156.7,0.7
EP027,2024-03-22,1,96.43,170.89,0.8
EP029,2024-03-22,1,96.3,117.48,1.35
EP020,2024-03-22,2,96.23,138.27,2.18
EP022,2024-03-22,2,96.72,149.94,1.53
EP025,2024-03-22,2,94.98,156.45,1.36
EP026,2024-03-22,2,97.0,159.24,0.68
EP027,2024-03-22,2,95.78,168.69,0.95
EP029,2024-03-22,2,95.7,114.5,1.71
EP020,2024-03-22,3,97.87,145.23,1.29
EP022,2024-03-22,3,96.83,147.71,1.44
EP025,2024-03-22,3,96.22,151.49,1.2
EP026,2024-03-22,3,,160.98,0.67
EP027,2024-03-22,3,94.8,162.9,0.92
EP029,2024-03-22,3,97.71,113.58,1.25
EP020,2024-03-22,4,96.94,147.38,1.32
EP022,2024-03-22,4,95.75,147.82,1.68
EP025,2024-03-22,4,96.37,155.12,1.34
EP026,2024-03-22,4,96.93,162.13,1.26
EP027,2024-03-22,4,94.1,162.85,1.01
EP029,2024-03-22,4,95.88,119.45,1.44
EP020,2024-03-22,5,97.06,147.48,1.29
EP022,2024-03-22,5,94.46,144.96,1.61
EP025,2024-03-22,5,95.8,151.35,1.44
EP026,2024-03-22,5,96.89,165.83,1.21
EP027,2024-03-22,5,92.69,159.61,1.1
EP029,2024-03-22,5,96.4,124.18,1.64
EP020,2024-03-22,6,98.15,165.13,0.97
EP022,2024-03-22,6,96.24,158.36,0.84
EP025,2024-03-22,6,98.16,159.88,1.29
EP026,2024-03-22,6,97.73,151.81,0.82
EP027,2024-03-22,6,94.83,165.04,0.83
EP029,2024-03-22,6,97.12,124.12,1.23
EP020,2024-03-22,7,98.53,164.93,1.04
EP022,2024-03-22,7,95.73,157.73,1.25
EP025,2024-03-22,7,98.59,164.36,1.12
EP026,2024-03-22,7,97.57,150.82,1.05
EP027,2024-03-22,7,95.76,159.49,0.73
EP029,2024-03-22,7,96.29,122.18,1.62
EP020,2024-03-22,8,97.6,151.65,0.98
EP022,2024-03-22,8,95.41,154.76,0.95
EP025,2024-03-22,8,97.19,145.6,1.21
EP026,2024-03-22,8,97.24,162.82,1.29
EP027,2024-03-22,8,94.58,161.48,0.85
EP029,2024-03-22,8,98.21,115.66,0.97
EP020,2024-03-22,9,96.23,151.4,0.95
EP022,2024-03-22,9,94.74,151.77,0.79
EP025,2024-03-22,9,97.45,139.66,0.95
EP026,2024-03-22,9,99.8,147.76,0.74
EP027,2024-03-22,9,93.98,159.28,0.95
EP029,2024-03-22,9,97.25,112.12,0.99
EP020,2024-03-22,10,95.68,151.43,1.62
EP022,2024-03-22,10,92.59,151.67,0.88
EP025,2024-03-22,10,97.32,135.89,0.87
EP026,2024-03-22,10,99.78,151.1,0.89
EP027,2024-03-22,10,93.32,158.0,0.9
EP029,2024-03-22,10,95.94,117.71,1.25
EP020,2024-03-22,11,94.59,155.36,1.76
EP022,2024-03-22,11,96.39,150.5,0.99
EP025,2024-03-22,11,97.56,144.32,1.3
EP026,2024-03-22,11,98.78,150.63,1.0
EP027,2024-03-22,11,93.69,168.12,0.86
EP029,2024-03-22,11,97.33,113.87,1.47
EP020,2024-03-22,12,96.6,154.94,1.01
EP022,2024-03-22,12,96.29,141.94,1.21
EP025,2024-03-22,12,96.26,151.79,0.87
EP026,2024-03-22,12,99.77,146.87,0.61
EP027,2024-03-22,12,95.55,163.87,0.76
EP020,2024-03-22,13,97.07,146.52,1.17
EP025,2024-03-22,13,93.77,143.42,1.43
EP026,2024-03-22,13,99.36,146.02,0.74
EP027,2024-03-22,13,96.1,165.26,0.87
EP020,2024-03-22,14,97.04,160.7,1.3
EP025,2024-03-22,14,94.6,137.47,1.48
EP026,2024-03-22,14,99.06,146.77,0.96
EP027,2024-03-22,14,93.84,159.9,0.9
EP020,2024-03-22,15,97.02,151.02,1.37
EP025,2024-03-22,15,97.0,152.61,0.99
EP026,2024-03-22,15,99.48,150.79,0.86
EP027,2024-03-22,15,92.76,162.64,0.87
EP020,2024-03-22,16,96.04,151.09,2.38
EP025,2024-03-22,16,96.86,154.61,0.99
EP026,2024-03-22,16,99.25,157.36,1.01
EP027,2024-03-22,16,92.98,153.27,0.77
EP020,2024-03-22,17,,148.94,1.14
EP025,2024-03-22,17,96.49,157.44,1.1
EP026,2024-03-22,17,98.96,151.17,0.94
EP027,2024-03-22,17,91.46,161.15,0.83
EP020,2024-03-22,18,97.98,147.6,1.29
EP025,2024-03-22,18,93.78,145.28,1.23
EP026,2024-03-22,18,98.38,148.49,1.16
EP027,2024-03-22,18,94.09,162.93,0.76
EP020,2024-03-22,19,96.22,151.78,1.22
EP025,2024-03-22,19,92.59,146.24,1.49
EP026,2024-03-22,19,97.86,154.61,1.32
EP027,2024-03-22,19,92.78,155.49,1.29
EP020,2024-03-22,20,96.33,151.13,1.01
EP025,2024-03-22,20,94.57,150.1,1.51
EP026,2024-03-22,20,97.39,157.95,1.18
EP027,2024-03-22,20,92.84,152.0,1.99
EP020,2024-03-22,21,95.13,148.69,1.47
EP025,2024-03-22,21,95.5,164.0,1.47
EP026,2024-03-22,21,98.2,161.53,1.16
EP027,2024-03-22,21,94.09,158.02,1.16
EP020,2024-03-22,22,94.42,147.17,1.49
EP025,2024-03-22,22,96.6,162.02,0.97
EP026,2024-03-22,22,98.35,157.44,1.28
EP027,2024-03-22,22,91.58,154.84,1.82
EP020,2024-03-22,23,95.77,162.55,1.17
EP025,2024-03-22,23,95.65,138.65,1.36
EP026,2024-03-22,23,98.72,159.74,0.8
EP027,2024-03-22,23,94.88,154.48,1.33
EP020,2024-03-23,0,97.74,157.63,1.28
EP025,2024-03-23,0,95.79,133.09,1.36
EP026,2024-03-23,0,97.69,151.02,0.91
EP027,2024-03-23,0,95.26,162.84,0.91
EP020,2024-03-23,1,96.11,143.8,1.74
EP025,2024-03-23,1,95.58,140.85,0.91
EP026,2024-03-23,1,99.27,155.73,0.72
EP027,2024-03-23,1,95.57,165.2,1.16
EP020,2024-03-23,2,96.32,147.66,1.31
EP025,2024-03-23,2,95.09,145.74,1.05
EP026,2024-03-23,2,98.98,146.47,0.86
EP027,2024-03-23,2,92.76,151.55,1.65
EP020,2024-03-23,3,96.17,142.77,1.07
EP025,2024-03-23,3,95.71,139.95,0.81
EP026,2024-03-23,3,98.3,148.84,1.14
EP027,2024-03-23,3,93.43,154.4,1.45
EP020,2024-03-23,4,95.4,147.04,1.24
EP025,2024-03-23,4,95.19,140.92,1.01
EP026,2024-03-23,4,98.38,147.56,1.04
EP027,2024-03-23,4,95.1,155.88,1.22
EP020,2024-03-23,5,96.34,162.44,1.19
EP025,2024-03-23,5,94.73,141.54,1.23
EP026,2024-03-23,5,96.9,154.5,1.1
EP027,2024-03-23,5,94.27,150.6,1.06
EP020,2024-03-23,6,93.68,152.57,1.01
EP025,2024-03-23,6,97.42,151.7,1.31
EP026,2024-03-23,6,98.52,150.63,0.63
EP027,2024-03-23,6,98.0,172.75,0.68
EP020,2024-03-23,7,93.27,144.42,1.46
EP025,2024-03-23,7,98.46,154.6,1.24
EP026,2024-03-23,7,98.25,145.09,0.7
EP027,2024-03-23,7,98.94,159.98,0.76
EP020,2024-03-23,8,93.63,149.41,1.33
EP025,2024-03-23,8,97.21,142.35,1.42
EP026,2024-03-23,8,97.6,150.12,0.79
EP027,2024-03-23,8,97.0,149.76,0.88
EP020,2024-03-23,9,95.37,151.38,1.06
EP025,2024-03-23,9,97.92,142.08,1.4
EP026,2024-03-23,9,97.43,150.98,0.8
EP027,2024-03-23,9,97.26,152.83,0.85
EP020,2024-03-23,10,93.67,154.43,1.3
EP025,2024-03-23,10,97.63,152.59,1.19
EP026,2024-03-23,10,97.42,151.83,0.86
EP026,2024-03-23,10,97.42,151.83,0.86
EP027,2024-03-23,10,96.71,158.25,0.86
EP020,2024-03-23,11,95.96,153.02,0.92
EP025,2024-03-23,11,96.24,166.16,1.46
EP026,2024-03-23,11,98.78,142.63,0.97
EP027,2024-03-23,11,95.23,155.58,1.07
EP020,2024-03-23,12,93.91,150.59,0.85
EP025,2024-03-23,12,96.18,145.16,1.33
EP026,2024-03-23,12,97.2,141.46,1.38
EP027,2024-03-23,12,96.71,161.71,0.97
EP020,2024-03-23,13,94.35,156.0,0.92
EP025,2024-03-23,13,95.44,142.8,1.31
EP026,2024-03-23,13,96.6,147.44,1.14
EP027,2024-03-23,13,95.94,158.08,1.05
EP020,2024-03-23,14,94.49,157.23,1.18
EP025,2024-03-23,14,95.57,142.85,1.27
EP026,2024-03-23,14,96.18,155.94,1.17
EP027,2024-03-23,14,96.94,154.39,1.07
EP020,2024-03-23,15,95.04,151.28,0.86
EP025,2024-03-23,15,95.77,140.16,1.28
EP026,2024-03-23,15,96.82,152.6,1.0
EP027,2024-03-23,15,93.35,156.76,1.32
EP031,2024-03-23,15,96.8,108.22,1.7
EP020,2024-03-23,16,94.35,150.98,1.23
EP025,2024-03-23,16,94.17,158.37,1.46
EP026,2024-03-23,16,97.38,153.46,0.94
EP027,2024-03-23,16,94.87,144.41,2.23
EP031,2024-03-23,16,96.38,114.25,1.82
EP020,2024-03-23,17,94.91,165.24,1.51
EP025,2024-03-23,17,94.0,158.19,1.24
EP026,2024-03-23,17,97.09,149.4,0.92
EP027,2024-03-23,17,94.41,165.18,1.47
EP031,2024-03-23,17,97.43,112.96,1.31
EP020,2024-03-23,18,96.72,162.3,0.78
EP025,2024-03-23,18,95.41,166.9,1.56
EP026,2024-03-23,18,96.85,141.67,1.15
EP027,2024-03-23,18,94.38,155.54,1.44
EP031,2024-03-23,18,97.39,112.37,1.08
EP020,2024-03-23,19,95.8,148.08,1.22
EP025,2024-03-23,19,94.44,141.19,1.36
EP026,2024-03-23,19,97.04,142.88,0.93
EP027,2024-03-23,19,94.81,159.91,1.64
EP031,2024-03-23,19,97.94,112.18,1.06
EP020,2024-03-23,20,94.06,150.5,1.34
EP025,2024-03-23,20,94.15,140.41,1.53
EP026,2024-03-23,20,96.51,144.96,0.95
EP027,2024-03-23,20,93.71,148.19,1.89
EP031,2024-03-23,20,95.94,126.71,0.96
EP020,2024-03-23,21,96.23,160.79,0.78
EP025,2024-03-23,21,95.52,170.56,1.71
EP026,2024-03-23,21,96.19,147.13,0.82
EP027,2024-03-23,21,95.72,158.65,1.32
EP031,2024-03-23,21,97.34,121.43,0.91
EP020,2024-03-23,22,95.41,153.2,1.25
EP025,2024-03-23,22,95.43,172.48,1.23
EP026,2024-03-23,22,96.2,148.2,0.94
EP027,2024-03-23,22,95.45,169.05,1.23
EP031,2024-03-23,22,97.54,121.3,0.82
EP020,2024-03-23,23,96.15,156.96,0.98
EP025,2024-03-23,23,94.58,143.53,1.42
EP026,2024-03-23,23,95.04,143.82,0.92
EP027,2024-03-23,23,93.23,158.81,1.16
EP031,2024-03-23,23,95.47,116.02,0.93
EP020,2024-03-24,0,97.12,152.84,1.24
EP025,2024-03-24,0,95.04,141.8,1.33
EP026,2024-03-24,0,97.21,147.23,1.14
EP027,2024-03-24,0,93.64,159.38,1.18
EP031,2024-03-24,0,95.33,115.82,0.94
EP020,2024-03-24,1,96.26,146.28,1.77
EP025,2024-03-24,1,95.12,155.0,1.35
EP026,2024-03-24,1,99.1,146.37,0.91
EP027,2024-03-24,1,91.66,148.64,1.35
EP031,2024-03-24,1,97.47,118.02,0.79
EP020,2024-03-24,2,96.76,154.55,1.3
EP025,2024-03-24,2,94.34,154.8,1.43
EP026,2024-03-24,2,98.24,147.41,0.97
EP027,2024-03-24,2,91.43,165.41,1.67
EP031,2024-03-24,2,96.87,123.0,0.82
EP020,2024-03-24,3,97.23,154.95,1.2
EP025,2024-03-24,3,95.57,158.36,1.16
EP026,2024-03-24,3,97.52,152.13,1.03
EP027,2024-03-24,3,92.81,172.28,1.36
EP031,2024-03-24,3,95.77,120.79,1.4
EP020,2024-03-24,4,97.96,148.5,1.42
EP025,2024-03-24,4,95.76,174.19,1.28
EP026,2024-03-24,4,96.96,148.18,1.33
EP027,2024-03-24,4,91.81,165.7,1.86
EP031,2024-03-24,4,94.08,122.16,1.2
EP020,2024-03-24,5,97.95,147.77,1.36
EP025,2024-03-24,5,96.47,164.53,1.13
EP026,2024-03-24,5,96.98,145.78,1.22
EP027,2024-03-24,5,94.27,168.67,1.05
EP031,2024-03-24,5,94.75,124.88,1.16
EP020,2024-03-24,6,97.98,156.64,1.33
EP025,2024-03-24,6,95.61,,1.52
EP026,2024-03-24,6,97.75,156.52,1.28
EP027,2024-03-24,6,95.56,168.71,1.31
EP031,2024-03-24,6,93.68,132.45,1.19
EP020,2024-03-24,7,98.51,145.77,1.65
EP025,2024-03-24,7,97.72,145.23,1.31
EP026,2024-03-24,7,96.63,150.76,1.49
EP027,2024-03-24,7,94.28,166.98,1.03
EP031,2024-03-24,7,93.51,127.49,1.43
EP020,2024-03-24,8,98.7,158.45,1.37
EP025,2024-03-24,8,97.56,156.2,1.45
EP026,2024-03-24,8,96.26,141.3,
EP027,2024-03-24,8,93.63,174.04,1.54
EP031,2024-03-24,8,94.77,121.45,1.34
EP020,2024-03-24,9,98.72,166.78,1.33
EP025,2024-03-24,9,97.65,180.32,1.44
EP026,2024-03-24,9,95.89,147.97,1.17
EP027,2024-03-24,9,95.33,164.26,1.01
EP031,2024-03-24,9,98.67,113.6,0.96
EP020,2024-03-24,10,98.24,163.12,1.56
EP025,2024-03-24,10,96.84,168.52,1.92
EP026,2024-03-24,10,96.94,134.09,0.84
EP027,2024-03-24,10,96.09,162.36,0.99
EP031,2024-03-24,10,95.49,122.06,0.99
EP020,2024-03-24,11,98.02,149.98,1.3
EP026,2024-03-24,11,95.96,136.39,1.12
EP027,2024-03-24,11,96.14,163.82,0.83
EP031,2024-03-24,11,90.02,124.54,1.27
EP020,2024-03-24,12,97.52,152.7,1.25
EP026,2024-03-24,12,94.72,141.92,1.32
EP027,2024-03-24,12,92.35,167.08,0.69
EP031,2024-03-24,12,92.7,120.3,1.26
EP020,2024-03-24,13,97.41,156.9,1.24
EP026,2024-03-24,13,94.28,145.1,1.41
EP027,2024-03-24,13,91.67,160.14,0.78
EP031,2024-03-24,13,90.6,126.4,2.49
EP020,2024-03-24,14,96.84,146.67,0.87
EP026,2024-03-24,14,94.47,151.11,1.37
EP027,2024-03-24,14,90.71,167.47,1.03
EP031,2024-03-24,14,89.79,123.92,2.26
EP020,2024-03-24,15,97.49,144.76,1.09
EP026,2024-03-24,15,98.16,145.0,0.88
EP027,2024-03-24,15,90.86,168.24,0.83
EP031,2024-03-24,15,94.23,143.85,1.01
EP020,2024-03-24,16,96.8,148.93,1.43
EP025,2024-03-24,16,95.86,157.95,1.86
EP026,2024-03-24,16,96.52,147.36,1.09
EP027,2024-03-24,16,92.42,168.81,1.15
EP031,2024-03-24,16,90.53,140.33,2.08
EP020,2024-03-24,17,96.98,155.95,1.23
EP025,2024-03-24,17,98.2,170.87,1.23
EP026,2024-03-24,17,95.57,154.32,1.07
EP027,2024-03-24,17,92.22,175.06,1.24
EP031,2024-03-24,17,91.68,128.93,1.18
EP020,2024-03-24,18,97.83,156.04,0.84
EP025,2024-03-24,18,96.98,175.94,1.62
EP026,2024-03-24,18,98.82,138.63,0.87
EP027,2024-03-24,18,92.72,169.7,0.55
EP031,2024-03-24,18,93.75,128.39,1.93
EP020,2024-03-24,19,97.2,148.02,1.13
EP025,2024-03-24,19,97.28,149.49,1.51
EP026,2024-03-24,19,98.94,139.96,0.99
EP027,2024-03-24,19,93.0,174.41,0.68
EP031,2024-03-24,19,93.6,127.56,2.42
EP020,2024-03-24,20,95.98,138.81,1.2
EP025,2024-03-24,20,96.5,135.3,1.47
EP026,2024-03-24,20,98.14,146.34,1.07
EP027,2024-03-24,20,95.11,172.09,0.49
EP031,2024-03-24,20,94.42,131.04,1.22
EP020,2024-03-24,21,96.51,135.19,1.32
EP025,2024-03-24,21,97.46,133.52,1.34
EP026,2024-03-24,21,96.72,147.11,1.15
EP027,2024-03-24,21,96.11,160.59,0.65
EP031,2024-03-24,21,92.46,140.07,1.85
EP032,2024-03-24,21,90.51,164.07,1.01
EP020,2024-03-24,22,99.53,153.67,0.81
EP025,2024-03-24,22,97.53,143.0,1.29
EP026,2024-03-24,22,95.75,149.23,1.1
EP027,2024-03-24,22,96.07,167.64,0.54
EP031,2024-03-24,22,94.27,136.13,2.19
EP032,2024-03-24,22,92.91,162.73,0.94
EP020,2024-03-24,23,98.7,144.37,1.26
EP025,2024-03-24,23,97.65,154.62,1.98
EP026,2024-03-24,23,97.55,144.83,1.07
EP027,2024-03-24,23,96.67,168.23,0.63
EP031,2024-03-24,23,90.73,142.11,2.55
EP032,2024-03-24,23,91.79,154.9,0.99
EP020,2024-03-25,0,97.62,148.14,1.42
EP025,2024-03-25,0,96.61,145.96,1.17
EP026,2024-03-25,0,98.05,142.37,1.18
EP027,2024-03-25,0,95.51,159.47,0.72
EP031,2024-03-25,0,90.49,129.93,1.51
EP032,2024-03-25,0,93.48,159.85,1.25
EP020,2024-03-25,1,98.67,155.46,0.94
EP025,2024-03-25,1,96.46,152.11,1.32
EP026,2024-03-25,1,97.56,148.85,1.23
EP027,2024-03-25,1,91.66,158.68,0.71
EP031,2024-03-25,1,93.06,117.85,1.28
EP032,2024-03-25,1,84.74,149.64,1.79
EP020,2024-03-25,2,97.56,159.75,0.97
EP025,2024-03-25,2,96.22,157.17,1.62
EP026,2024-03-25,2,97.8,147.82,1.12
EP027,2024-03-25,2,91.31,161.57,0.82
EP031,2024-03-25,2,92.39,127.32,1.66
EP032,2024-03-25,2,90.58,137.19,1.71
EP020,2024-03-25,3,98.38,145.83,1.0
EP025,2024-03-25,3,96.18,163.57,1.54
EP026,2024-03-25,3,97.67,150.89,1.21
EP027,2024-03-25,3,94.18,165.08,0.71
EP031,2024-03-25,3,93.48,126.88,3.09
EP032,2024-03-25,3,90.18,140.97,1.62
EP020,2024-03-25,4,97.23,145.28,1.56
EP025,2024-03-25,4,97.22,165.81,1.52
EP026,2024-03-25,4,97.31,152.9,1.15
EP027,2024-03-25,4,94.85,170.53,0.67
EP031,2024-03-25,4,92.28,127.23,2.32
EP032,2024-03-25,4,96.15,139.45,0.88
EP020,2024-03-25,5,97.65,137.58,1.51
EP025,2024-03-25,5,96.32,159.64,1.16
EP026,2024-03-25,5,96.95,149.21,1.16
EP027,2024-03-25,5,96.1,175.93,0.7
EP031,2024-03-25,5,96.2,122.2,1.54
EP032,2024-03-25,5,96.16,135.38,0.91
EP020,2024-03-25,6,98.22,155.77,1.1
EP025,2024-03-25,6,95.76,,1.43
EP026,2024-03-25,6,96.86,154.63,0.81
EP027,2024-03-25,6,92.96,172.87,0.87
EP031,2024-03-25,6,93.46,126.25,1.76
EP032,2024-03-25,6,94.62,152.87,0.66
EP020,2024-03-25,7,97.17,151.09,1.36
EP025,2024-03-25,7,95.6,158.21,1.57
EP026,2024-03-25,7,96.96,144.78,99
EP027,2024-03-25,7,92.79,163.11,0.93
EP031,2024-03-25,7,93.6,128.74,1.12
EP032,2024-03-25,7,93.96,162.54,0.9
EP020,2024-03-25,8,95.14,145.84,1.92
EP025,2024-03-25,8,96.23,165.23,1.94
EP026,2024-03-25,8,96.15,147.69,1.01
EP027,2024-03-25,8,93.88,,1.0
EP031,2024-03-25,8,92.49,123.91,1.93
EP032,2024-03-25,8,92.45,157.02,0.75
EP020,2024-03-25,9,94.79,156.73,1.17
EP025,2024-03-25,9,97.92,151.11,1.34
EP026,2024-03-25,9,95.6,147.18,1.13
EP027,2024-03-25,9,92.26,168.19,1.08
EP031,2024-03-25,9,92.05,124.82,1.22
EP032,2024-03-25,9,93.3,148.17,0.63
EP020,2024-03-25,10,95.26,150.28,1.22
EP025,2024-03-25,10,95.59,162.16,2.21
EP026,2024-03-25,10,96.74,146.47,1.02
EP027,2024-03-25,10,90.96,155.48,1.29
EP031,2024-03-25,10,92.08,120.89,1.26
EP032,2024-03-25,10,93.07,145.72,0.7
EP020,2024-03-25,11,93.78,153.02,1.21
EP025,2024-03-25,11,96.27,142.56,1.65
EP026,2024-03-25,11,98.24,139.39,1.0
EP027,2024-03-25,11,96.24,169.64,0.81
EP031,2024-03-25,11,92.27,116.71,1.56
EP032,2024-03-25,11,94.57,140.35,0.6
EP020,2024-03-25,12,96.06,157.6,1.03
EP025,2024-03-25,12,94.38,135.63,1.35
EP026,2024-03-25,12,96.68,133.0,1.18
EP027,2024-03-25,12,93.66,170.68,0.79
EP031,2024-03-25,12,89.0,142.07,1.63
EP032,2024-03-25,12,94.82,143.92,0.64
EP020,2024-03-25,13,96.64,145.5,0.92
EP026,2024-03-25,13,94.89,143.84,1.02
EP027,2024-03-25,13,95.07,168.81,0.85
EP031,2024-03-25,13,91.79,123.35,1.11
EP032,2024-03-25,13,94.26,149.72,0.71
EP020,2024-03-25,14,95.47,142.86,1.17
EP026,2024-03-25,14,96.29,140.55,0.99
EP027,2024-03-25,14,95.15,173.1,0.98
EP031,2024-03-25,14,91.67,119.61,1.56
EP032,2024-03-25,14,94.6,155.93,0.73
EP020,2024-03-25,15,97.22,145.51,0.98
EP026,2024-03-25,15,94.26,143.67,1.35
EP027,2024-03-25,15,93.9,175.43,0.89
EP031,2024-03-25,15,91.8,125.41,1.64
EP032,2024-03-25,15,99.46,149.24,0.62
EP020,2024-03-25,16,95.62,149.75,1.47
EP026,2024-03-25,16,96.11,142.3,1.04
EP027,2024-03-25,16,95.56,162.86,0.73
EP031,2024-03-25,16,92.65,118.47,0.99
EP032,2024-03-25,16,99.07,146.52,0.64
EP020,2024-03-25,17,96.73,166.15,1.1
EP026,2024-03-25,17,93.0,149.68,1.1
EP027,2024-03-25,17,93.88,159.24,0.96
EP031,2024-03-25,17,91.17,127.64,1.34
EP032,2024-03-25,17,98.5,143.59,0.69
EP020,2024-03-25,18,96.27,158.94,1.65
EP026,2024-03-25,18,97.45,140.95,0.85
EP027,2024-03-25,18,93.48,159.14,0.99
EP031,2024-03-25,18,88.58,143.24,1.71
EP032,2024-03-25,18,98.78,159.09,0.54
EP020,2024-03-25,19,,151.09,1.27
EP026,2024-03-25,19,96.93,139.93,1.04
EP027,2024-03-25,19,89.98,161.26,1.43
EP031,2024-03-25,19,96.68,135.02,1.09
EP032,2024-03-25,19,98.94,155.66,0.66
EP020,2024-03-25,20,97.48,151.6,1.4
EP026,2024-03-25,20,93.79,154.11,1.01
EP027,2024-03-25,20,92.77,167.23,2.37
EP031,2024-03-25,20,93.1,136.68,1.24
EP032,2024-03-25,20,96.38,137.65,1.44
EP020,2024-03-25,21,96.69,145.76,1.37
EP026,2024-03-25,21,96.34,143.15,0.97
EP027,2024-03-25,21,93.9,182.31,1.05
EP031,2024-03-25,21,96.11,131.27,1.8
EP032,2024-03-25,21,97.49,150.61,0.57
EP020,2024-03-25,22,96.38,148.5,1.25
EP026,2024-03-25,22,95.63,137.67,0.99
EP027,2024-03-25,22,92.04,176.63,1.16
EP031,2024-03-25,22,94.17,127.53,1.38
EP032,2024-03-25,22,97.11,147.45,0.55
EP020,2024-03-25,23,98.45,148.77,1.03
EP026,2024-03-25,23,97.48,135.28,1.17
EP027,2024-03-25,23,93.17,173.9,0.92
EP031,2024-03-25,23,95.96,129.11,1.84
EP032,2024-03-25,23,94.76,138.43,0.75
EP020,2024-03-26,0,96.53,143.27,1.08
EP026,2024-03-26,0,97.16,139.0,1.13
EP027,2024-03-26,0,93.13,165.5,1.04
EP031,2024-03-26,0,96.08,124.14,1.43
EP032,2024-03-26,0,95.06,139.43,0.59
EP020,2024-03-26,1,95.41,142.59,1.74
EP026,2024-03-26,1,97.08,144.51,-1
EP027,2024-03-26,1,90.73,165.56,1.96
EP031,2024-03-26,1,95.42,122.35,1.47
EP032,2024-03-26,1,94.43,132.81,0.7
EP020,2024-03-26,2,94.78,169.31,1.62
EP026,2024-03-26,2,96.88,146.64,0.95
EP027,2024-03-26,2,91.17,161.79,1.95
EP031,2024-03-26,2,95.75,123.27,1.22
EP032,2024-03-26,2,94.93,133.17,0.79
EP020,2024-03-26,3,96.98,146.65,1.21
EP026,2024-03-26,3,95.98,152.55,0.92
EP027,2024-03-26,3,91.39,168.37,1.47
EP031,2024-03-26,3,93.92,127.16,1.63
EP032,2024-03-26,3,95.65,139.39,0.56
EP020,2024-03-26,4,95.56,139.79,1.56
EP026,2024-03-26,4,96.72,155.13,0.94
EP027,2024-03-26,4,91.98,172.91,1.45
EP031,2024-03-26,4,94.41,130.2,1.97
EP032,2024-03-26,4,94.76,145.53,0.75
EP020,2024-03-26,5,94.24,145.69,1.47
EP026,2024-03-26,5,94.34,145.74,1.11
EP027,2024-03-26,5,92.48,164.43,1.58
EP031,2024-03-26,5,95.06,147.28,1.77
EP032,2024-03-26,5,94.33,132.82,1.21
EP020,2024-03-26,6,95.6,149.16,1.03
EP026,2024-03-26,6,95.1,145.71,1.12
EP027,2024-03-26,6,91.52,164.22,1.32
EP031,2024-03-26,6,95.67,130.04,1.5
EP032,2024-03-26,6,94.2,132.9,1.26
EP020,2024-03-26,7,96.98,149.27,1.08
EP026,2024-03-26,7,91.96,150.85,1.0
EP027,2024-03-26,7,91.82,166.84,1.45
EP031,2024-03-26,7,95.64,119.06,1.25
EP032,2024-03-26,7,95.17,126.28,0.87
EP020,2024-03-26,8,94.89,148.79,1.49
EP026,2024-03-26,8,91.69,151.5,1.03
EP027,2024-03-26,8,92.75,165.34,1.42
EP031,2024-03-26,8,93.88,118.07,1.65
EP032,2024-03-26,8,95.67,127.31,0.87
EP020,2024-03-26,9,95.77,155.35,1.03
EP026,2024-03-26,9,92.84,144.58,1.02
EP027,2024-03-26,9,88.04,155.92,1.15
EP031,2024-03-26,9,94.78,125.92,1.37
EP032,2024-03-26,9,95.66,130.23,0.83
EP020,2024-03-26,10,94.13,143.52,0.98
EP026,2024-03-26,10,95.36,140.79,1.14
EP027,2024-03-26,10,97.3,157.13,1.39
EP031,2024-03-26,10,92.64,127.36,1.61
EP032,2024-03-26,10,96.42,133.33,0.65
EP020,2024-03-26,11,94.88,148.79,1.12
EP026,2024-03-26,11,96.02,141.08,0.95
EP027,2024-03-26,11,95.35,157.1,1.37
EP031,2024-03-26,11,90.81,124.9,1.53
EP032,2024-03-26,11,96.15,159.19,1.05
EP020,2024-03-26,12,97.33,153.98,0.75
EP026,2024-03-26,12,94.68,147.5,0.86
EP027,2024-03-26,12,93.16,177.26,1.11
EP031,2024-03-26,12,92.25,132.38,1.67
EP032,2024-03-26,12,98.38,137.46,0.58
EP020,2024-03-26,13,96.78,143.1,1.19
EP026,2024-03-26,13,93.91,147.65,0.82
EP027,2024-03-26,13,97.24,174.45,0.58
EP031,2024-03-26,13,90.27,122.3,1.48
EP032,2024-03-26,13,97.6,125.82,0.6
EP020,2024-03-26,14,94.75,146.81,1.53
EP026,2024-03-26,14,91.78,151.67,0.87
EP027,2024-03-26,14,97.43,162.89,0.65
EP031,2024-03-26,14,94.93,121.24,1.73
EP032,2024-03-26,14,98.2,123.74,0.63
EP020,2024-03-26,15,96.89,157.45,1.59
EP026,2024-03-26,15,94.0,147.3,1.0
EP027,2024-03-26,15,94.54,165.85,0.75
EP031,2024-03-26,15,97.36,131.0,1.58
EP032,2024-03-26,15,97.38,130.29,0.59
EP020,2024-03-26,16,94.35,167.85,1.96
EP026,2024-03-26,16,93.13,155.45,1.21
EP027,2024-03-26,16,93.85,166.9,0.74
EP031,2024-03-26,16,95.64,141.93,1.95
EP032,2024-03-26,16,96.52,135.96,0.82
EP020,2024-03-26,17,96.98,162.71,1.09
EP026,2024-03-26,17,92.96,154.06,1.02
EP027,2024-03-26,17,94.1,161.18,1.02
EP031,2024-03-26,17,93.47,147.91,1.9
EP032,2024-03-26,17,95.92,129.02,1.24
EP020,2024-03-26,18,96.51,152.02,1.17
EP026,2024-03-26,18,91.23,149.93,1.07
EP027,2024-03-26,18,96.33,169.35,1.0
EP031,2024-03-26,18,96.2,134.07,1.48
EP032,2024-03-26,18,96.76,141.87,1.06
EP020,2024-03-26,19,95.5,142.07,1.53
EP026,2024-03-26,19,95.89,145.77,1.26
EP027,2024-03-26,19,95.17,169.41,0.83
EP031,2024-03-26,19,94.3,127.83,1.52
EP032,2024-03-26,19,96.57,140.36,0.94
EP020,2024-03-26,20,95.19,136.21,1.47
EP026,2024-03-26,20,94.1,146.67,99
EP027,2024-03-26,20,93.0,167.69,0.99
EP031,2024-03-26,20,94.35,119.85,1.72
EP032,2024-03-26,20,96.02,143.56,1.01
EP020,2024-03-26,21,97.14,154.95,1.32
EP026,2024-03-26,21,92.9,140.12,1.93
EP027,2024-03-26,21,93.24,158.88,0.72
EP031,2024-03-26,21,93.12,130.4,1.59
EP032,2024-03-26,21,98.33,148.85,0.82
EP020,2024-03-26,22,96.87,144.26,1.16
EP026,2024-03-26,22,92.17,139.83,1.44
EP027,2024-03-26,22,91.76,160.17,0.8
EP031,2024-03-26,22,94.07,138.91,1.57
EP032,2024-03-26,22,97.41,138.25,0.92
EP020,2024-03-26,23,98.07,146.7,0.93
EP026,2024-03-26,23,95.55,137.59,1.42
EP027,2024-03-26,23,91.96,164.5,0.73
EP031,2024-03-26,23,92.38,126.48,1.84
EP032,2024-03-26,23,97.58,142.73,0.79
EP020,2024-03-27,0,97.43,145.74,2.56
EP026,2024-03-27,0,94.04,143.98,1.29
EP027,2024-03-27,0,92.42,166.92,0.72
EP031,2024-03-27,0,92.85,136.95,1.64
EP032,2024-03-27,0,99.32,141.7,0.66
EP020,2024-03-27,1,97.57,147.53,4.22
EP026,2024-03-27,1,93.81,141.63,1.6
EP027,2024-03-27,1,92.2,172.82,1.2
EP031,2024-03-27,1,96.23,135.68,1.48
EP032,2024-03-27,1,97.59,143.88,0.54
EP020,2024-03-27,2,95.9,148.83,4.42
EP026,2024-03-27,2,97.4,145.45,2.26
EP027,2024-03-27,2,93.47,162.68,1.6
EP031,2024-03-27,2,93.8,133.11,1.63
EP032,2024-03-27,2,96.3,132.7,0.48
EP020,2024-03-27,3,96.69,154.31,3.44
EP026,2024-03-27,3,97.31,149.6,2.07
EP027,2024-03-27,3,93.96,168.04,0.88
EP031,2024-03-27,3,95.33,134.59,1.68
EP032,2024-03-27,3,97.58,141.48,0.55
EP020,2024-03-27,4,97.98,150.55,4.04
EP026,2024-03-27,4,94.24,151.8,2.32
EP027,2024-03-27,4,94.23,166.94,0.86
EP031,2024-03-27,4,95.57,159.09,2.09
EP032,2024-03-27,4,97.25,140.41,0.69
EP020,2024-03-27,5,97.11,152.49,4.27
EP026,2024-03-27,5,94.73,154.38,2.11
EP027,2024-03-27,5,92.46,158.28,1.09
EP031,2024-03-27,5,97.15,135.13,1.26
EP032,2024-03-27,5,96.08,136.25,0.64
EP020,2024-03-27,6,95.87,159.22,2.24
EP026,2024-03-27,6,91.05,156.98,1.22
EP027,2024-03-27,6,92.56,167.16,1.12
EP031,2024-03-27,6,96.87,136.09,1.68
EP032,2024-03-27,6,96.09,143.02,0.66
EP020,2024-03-27,7,95.66,152.46,1.91
EP026,2024-03-27,7,90.44,151.63,1.52
EP027,2024-03-27,7,96.63,167.22,1.3
EP031,2024-03-27,7,94.42,132.54,3.0
EP032,2024-03-27,7,97.98,139.13,0.64
EP020,2024-03-27,8,96.93,167.41,1.37
EP026,2024-03-27,8,91.83,143.17,1.45
EP027,2024-03-27,8,94.77,171.41,1.19
EP031,2024-03-27,8,93.73,123.96,2.49
EP032,2024-03-27,8,97.13,131.22,0.6
EP020,2024-03-27,9,99.23,156.9,0.79
EP026,2024-03-27,9,92.98,142.56,1.3
EP027,2024-03-27,9,94.38,155.13,1.23
EP031,2024-03-27,9,95.28,132.85,1.65
EP032,2024-03-27,9,96.76,133.75,0.8
EP020,2024-03-27,10,98.84,148.95,1.08
EP026,2024-03-27,10,91.71,142.0,1.64
EP027,2024-03-27,10,93.9,161.88,1.26
EP031,2024-03-27,10,95.93,136.16,1.42
EP032,2024-03-27,10,98.36,128.92,0.56
EP020,2024-03-27,11,96.54,144.13,1.27
EP026,2024-03-27,11,92.45,136.02,1.53
EP027,2024-03-27,11,94.98,163.65,1.05
EP031,2024-03-27,11,94.37,131.37,1.65
EP032,2024-03-27,11,97.19,141.79,0.51
EP020,2024-03-27,12,98.5,153.22,1.16
EP026,2024-03-27,12,90.51,145.64,1.57
EP027,2024-03-27,12,93.9,154.24,0.89
EP031,2024-03-27,12,93.72,135.31,1.26
EP032,2024-03-27,12,98.4,126.96,0.54
EP020,2024-03-27,13,98.46,140.69,0.94
EP026,2024-03-27,13,92.63,149.07,1.74
EP027,2024-03-27,13,92.36,156.93,2.64
EP031,2024-03-27,13,92.11,124.96,1.33
EP032,2024-03-27,13,97.61,132.8,0.52
EP020,2024-03-27,14,97.29,144.43,1.37
EP026,2024-03-27,14,93.39,148.37,1.63
EP027,2024-03-27,14,91.73,155.02,1.75
EP031,2024-03-27,14,91.76,138.35,1.75
EP032,2024-03-27,14,97.63,131.54,0.52
EP026,2024-03-27,15,91.29,150.9,1.6
EP027,2024-03-27,15,90.49,161.55,1.11
EP031,2024-03-27,15,94.3,139.23,1.05
EP032,2024-03-27,15,91.77,143.97,1.21
EP026,2024-03-27,16,91.37,148.21,1.5
EP027,2024-03-27,16,89.08,158.08,1.36
EP031,2024-03-27,16,93.83,128.46,1.14
EP032,2024-03-27,16,91.48,138.7,1.02
EP026,2024-03-27,17,94.87,146.54,1.21
EP027,2024-03-27,17,95.22,161.32,1.48
EP031,2024-03-27,17,90.3,129.16,1.19
EP026,2024-03-27,18,90.82,159.94,0.91
EP027,2024-03-27,18,93.31,176.8,1.11
EP031,2024-03-27,18,93.67,131.63,1.45
EP026,2024-03-27,19,87.41,168.75,0.95
EP027,2024-03-27,19,92.85,165.79,1.05
EP031,2024-03-27,19,93.75,132.65,1.71
EP026,2024-03-27,20,93.0,166.5,0.78
EP027,2024-03-27,20,91.71,153.71,0.91
EP031,2024-03-27,20,90.55,131.57,2.37
EP026,2024-03-27,21,95.62,147.21,0.91
EP027,2024-03-27,21,93.73,165.57,0.93
EP031,2024-03-27,21,97.36,144.67,1.86
EP026,2024-03-27,22,94.35,154.3,0.98
EP027,2024-03-27,22,90.89,159.57,1.08
EP027,2024-03-27,22,90.89,159.57,1.08
EP031,2024-03-27,22,95.41,152.64,1.91
EP026,2024-03-27,23,94.44,148.53,0.94
EP027,2024-03-27,23,93.13,163.21,1.23
EP031,2024-03-27,23,97.54,138.0,1.51
EP026,2024-03-28,0,93.67,153.76,0.92
EP027,2024-03-28,0,95.96,170.27,0.61
EP031,2024-03-28,0,95.94,135.62,2.21
EP026,2024-03-28,1,96.09,146.38,99
EP027,2024-03-28,1,93.18,168.57,0.94
EP031,2024-03-28,1,94.41,136.8,5.07
EP026,2024-03-28,2,250,153.12,0.86
EP027,2024-03-28,2,91.94,160.34,1.65
EP031,2024-03-28,2,92.96,135.48,4.54
EP026,2024-03-28,3,95.25,147.58,0.91
EP027,2024-03-28,3,91.91,165.89,0.93
EP031,2024-03-28,3,93.67,142.88,3.92
EP026,2024-03-28,4,92.56,158.15,1.11
EP027,2024-03-28,4,95.22,163.63,0.89
EP031,2024-03-28,4,93.6,144.68,4.18
EP026,2024-03-28,5,92.96,158.63,1.3
EP027,2024-03-28,5,95.52,152.94,0.76
EP031,2024-03-28,5,93.92,137.42,3.84
EP026,2024-03-28,6,94.3,160.15,0.87
EP027,2024-03-28,6,94.98,163.34,1.01
EP031,2024-03-28,6,95.38,135.77,3.65
EP026,2024-03-28,7,93.96,153.41,1.19
EP027,2024-03-28,7,94.87,175.07,1.05
EP031,2024-03-28,7,97.3,137.89,1.69
EP026,2024-03-28,8,91.49,154.7,1.18
EP027,2024-03-28,8,93.52,162.06,1.38
EP031,2024-03-28,8,94.89,127.55,1.97
EP026,2024-03-28,9,92.28,154.77,1.09
EP027,2024-03-28,9,94.64,167.88,1.42
EP031,2024-03-28,9,96.62,123.67,1.62
EP026,2024-03-28,10,92.98,151.79,1.54
EP027,2024-03-28,10,96.06,166.06,0.9
EP031,2024-03-28,10,95.61,136.1,1.88
EP026,2024-03-28,11,92.32,0,1.34
EP027,2024-03-28,11,94.73,162.44,0.73
EP031,2024-03-28,11,94.0,138.67,1.8
EP026,2024-03-28,12,89.02,155.37,1.12
EP027,2024-03-28,12,94.52,171.34,0.98
EP031,2024-03-28,12,92.08,144.16,1.58
EP026,2024-03-28,13,86.19,155.43,1.01
EP027,2024-03-28,13,96.12,162.36,0.74
EP031,2024-03-28,13,92.42,134.3,1.65
EP026,2024-03-28,14,93.27,146.23,0.87
EP027,2024-03-28,14,94.8,152.49,0.71
EP031,2024-03-28,14,95.86,123.37,1.37
EP026,2024-03-28,15,90.9,142.69,1.12
EP027,2024-03-28,15,94.31,162.0,0.68
EP031,2024-03-28,15,95.31,136.12,1.6
EP026,2024-03-28,16,93.22,146.7,1.03
EP027,2024-03-28,16,96.89,161.6,0.59
EP031,2024-03-28,16,96.6,147.21,1.88
EP026,2024-03-28,17,98.07,147.15,1.17
EP027,2024-03-28,17,94.68,161.05,0.81
EP031,2024-03-28,17,92.48,132.0,2.28
EP026,2024-03-28,18,95.92,147.14,1.26
EP027,2024-03-28,18,93.25,172.31,0.8
EP031,2024-03-28,18,92.98,130.85,3.29
EP026,2024-03-28,19,95.6,151.96,1.42
EP027,2024-03-28,19,95.64,168.42,0.42
EP031,2024-03-28,19,92.46,141.2,3.11
EP026,2024-03-28,20,95.67,156.96,1.4
EP027,2024-03-28,20,94.85,173.26,0.44
EP031,2024-03-28,20,93.15,139.73,3.61
EP026,2024-03-28,21,95.7,157.65,1.54
EP027,2024-03-28,21,96.17,171.07,0.47
EP031,2024-03-28,21,92.78,131.61,4.27
EP026,2024-03-28,22,94.3,162.88,
EP027,2024-03-28,22,96.96,174.76,0.47
EP031,2024-03-28,22,97.33,148.0,1.63
EP026,2024-03-28,23,95.64,154.87,1.21
EP027,2024-03-28,23,98.33,167.16,0.49
EP026,2024-03-29,0,94.59,153.51,1.53
EP027,2024-03-29,0,91.98,166.83,0.83
EP031,2024-03-29,0,97.79,127.26,1.36
EP026,2024-03-29,1,93.6,157.47,1.41
EP027,2024-03-29,1,92.3,169.7,1.09
EP031,2024-03-29,1,93.46,131.35,2.61
EP026,2024-03-29,2,92.16,157.29,1.52
EP027,2024-03-29,2,92.96,163.81,0.96
EP031,2024-03-29,2,91.52,125.88,2.86
EP026,2024-03-29,3,92.59,153.63,1.54
EP027,2024-03-29,3,95.4,171.07,0.63
EP031,2024-03-29,3,94.31,141.29,1.78
EP026,2024-03-29,4,89.8,159.14,1.27
EP027,2024-03-29,4,101,169.8,0.75
EP031,2024-03-29,4,93.91,138.36,3.2
EP026,2024-03-29,-1,88.11,159.11,1.07
EP027,2024-03-29,5,92.98,153.94,0.91
EP031,2024-03-29,5,93.77,134.67,2.13
EP026,2024-03-29,6,93.15,158.76,0.92
EP027,2024-03-29,6,94.63,165.47,0.65
EP031,2024-03-29,6,96.51,141.53,2.1
EP026,2024-03-29,7,92.17,152.74,0.92
EP027,2024-03-29,7,93.92,162.08,0.79
EP031,2024-03-29,7,95.71,139.36,1.69
EP026,2024-03-29,8,89.71,153.76,0.95
EP027,2024-03-29,8,93.09,163.93,1.0
EP031,2024-03-29,8,93.14,139.76,2.15
EP026,2024-03-29,9,90.42,150.14,0.96
EP027,2024-03-29,9,96.33,166.28,0.72
EP031,2024-03-29,9,95.13,150.51,1.91
EP026,2024-03-29,10,91.29,147.47,0.97
EP027,2024-03-29,10,91.88,163.35,1.25
EP031,2024-03-29,10,97.91,127.79,1.37
EP026,2024-03-29,11,91.07,-10,0.95
EP027,2024-03-29,11,92.98,161.3,1.19
EP031,2024-03-29,11,94.39,128.78,2.0
EP026,2024-03-29,12,92.38,140.35,0.94
EP027,2024-03-29,12,96.83,156.15,1.67
EP031,2024-03-29,12,96.11,129.15,2.02
EP026,2024-03-29,13,87.48,147.07,1.05
EP027,2024-03-29,13,95.0,167.85,2.49
EP031,2024-03-29,24,97.91,129.81,1.69
EP026,2024-03-29,14,92.75,154.96,1.16
EP027,2024-03-29,14,95.15,167.98,2.82
EP031,2024-03-29,14,94.35,128.35,2.24
EP026,2024-03-29,15,98.53,151.53,1.96
EP027,2024-03-29,15,95.44,179.82,1.19
EP026,2024-03-29,16,96.61,157.57,1.31
EP027,2024-03-29,16,95.18,171.16,1.21
EP026,2024-03-29,17,91.39,160.7,
EP027,2024-03-29,17,93.98,163.17,1.71
EP026,2024-03-29,18,97.34,152.93,1.64
EP027,2024-03-29,18,94.08,164.27,1.37
EP026,2024-03-29,19,96.34,160.2,1.72
EP027,2024-03-29,19,93.35,168.85,1.4
EP026,2024-03-29,20,91.81,158.06,1.09
EP027,2024-03-29,20,92.78,159.86,1.54
EP033,2024-03-29,20,96.74,127.78,0.91
EP026,2024-03-29,21,88.62,167.98,1.12
EP027,2024-03-29,21,94.46,173.5,1.02
EP033,2024-03-29,21,97.08,118.97,0.74
EP026,2024-03-29,22,89.5,159.58,1.09
EP027,2024-03-29,22,94.35,176.23,0.98
EP033,2024-03-29,22,97.23,137.41,0.92
EP026,2024-03-29,23,95.62,156.3,1.39
EP027,2024-03-29,23,95.1,168.33,1.13
EP033,2024-03-29,23,94.8,157.1,0.91
EP026,2024-03-30,0,92.74,152.65,1.5
EP027,2024-03-30,0,97.83,164.79,0.77
EP033,2024-03-30,0,97.33,130.94,0.84
EP026,2024-03-30,1,90.81,159.34,1.34
EP027,2024-03-30,1,95.2,160.63,1.86
EP033,2024-03-30,1,98.51,115.85,0.89
EP026,2024-03-30,2,94.38,157.6,1.69
EP027,2024-03-30,2,93.91,156.09,2.05
EP033,2024-03-30,2,96.97,117.52,1.07
EP026,2024-03-30,3,95.16,157.04,1.88
EP027,2024-03-30,3,93.67,162.13,1.46
EP033,2024-03-30,3,97.12,147.75,1.17
EP026,2024-03-30,4,93.85,159.85,1.62
EP027,2024-03-30,4,95.32,160.98,1.3
EP033,2024-03-30,4,98.93,150.26,0.98
EP026,2024-03-30,5,94.69,164.76,1.42
EP027,2024-03-30,5,94.78,163.24,
EP033,2024-03-30,5,98.98,149.27,0.88
EP026,2024-03-30,6,93.81,162.68,1.32
EP027,2024-03-30,6,95.59,166.95,1.11
EP033,2024-03-30,6,97.6,151.62,1.16
EP026,2024-03-30,7,91.28,157.07,1.12
EP027,2024-03-30,7,96.56,162.83,1.15
EP033,2024-03-30,7,95.69,151.12,1.43
EP026,2024-03-30,8,93.74,156.0,1.27
EP027,2024-03-30,8,95.68,170.49,1.27
EP033,2024-03-30,8,95.43,163.1,1.57
EP033,2024-03-30,8,95.43,163.1,1.57
EP026,2024-03-30,9,96.91,153.14,1.67
EP027,2024-03-30,9,93.09,151.07,0.99
EP033,2024-03-30,9,96.63,154.78,1.26
EP026,2024-03-30,10,96.04,151.29,1.87
EP027,2024-03-30,10,91.71,150.76,1.6
EP033,2024-03-30,10,96.49,137.68,1.34
EP026,2024-03-30,11,95.04,154.88,1.89
EP027,2024-03-30,11,93.54,159.73,1.33
EP033,2024-03-30,11,97.38,128.99,1.01
EP026,2024-03-30,12,95.06,158.53,1.71
EP027,2024-03-30,12,96.02,169.55,0.72
EP033,2024-03-30,12,95.94,143.5,1.08
EP026,2024-03-30,13,94.19,161.2,1.39
EP027,2024-03-30,13,95.63,167.26,0.88
EP033,2024-03-30,13,97.87,133.08,
EP026,2024-03-30,14,95.06,160.94,1.06
EP027,2024-03-30,14,96.42,154.42,1.03
EP033,2024-03-30,14,97.83,124.26,0.94
EP026,2024-03-30,15,95.58,157.1,1.14
EP027,2024-03-30,15,93.47,162.05,1.07
EP033,2024-03-30,15,94.68,147.89,1.54
EP026,2024-03-30,16,91.27,169.31,0.84
EP027,2024-03-30,16,93.27,165.17,1.2
EP033,2024-03-30,16,93.72,136.34,0.91
EP026,2024-03-30,17,93.4,163.31,0.71
EP027,2024-03-30,17,95.07,163.64,1.61
EP033,2024-03-30,17,93.83,118.81,0.97
EP026,2024-03-30,18,89.53,160.76,0.82
EP027,2024-03-30,18,95.41,165.66,1.0
EP033,2024-03-30,18,94.13,114.6,1.02
EP026,2024-03-30,19,89.84,152.08,0.99
EP027,2024-03-30,19,96.8,165.09,0.73
EP033,2024-03-30,19,97.59,118.11,0.82
EP026,2024-03-30,20,92.4,151.73,1.06
EP027,2024-03-30,20,94.69,164.35,0.6
EP033,2024-03-30,20,98.03,115.46,1.15
EP026,2024-03-30,21,89.23,170.1,0.83
EP027,2024-03-30,21,95.28,167.38,0.93
EP026,2024-03-30,22,92.87,157.96,0.89
EP027,2024-03-30,22,95.46,165.78,0.82
EP026,2024-03-30,23,92.1,157.2,1.1
EP027,2024-03-30,23,95.96,165.35,0.74
EP026,2024-03-31,0,88.25,167.0,1.03
EP027,2024-03-31,0,97.32,153.78,0.92
EP033,2024-03-31,0,98.04,116.91,0.76
EP026,2024-03-31,1,93.13,155.84,0.92
EP027,2024-03-31,1,97.22,149.33,1.34
EP026,2024-03-31,2,92.76,156.16,1.01
EP027,2024-03-31,2,92.87,164.29,1.64
EP033,2024-03-31,2,99.25,110.25,0.91
EP026,2024-03-31,3,92.6,159.22,1.0
EP027,2024-03-31,3,96.58,174.15,0.76
EP026,2024-03-31,4,91.67,157.71,0.9
EP027,2024-03-31,4,96.88,176.44,1.86
EP026,2024-03-31,5,91.67,156.92,1.06
EP027,2024-03-31,5,96.71,168.24,2.59
EP026,2024-03-31,6,96.16,153.6,0.92
EP027,2024-03-31,6,93.47,171.73,1.96
EP026,2024-03-31,7,97.43,158.08,0.92
EP027,2024-03-31,7,96.16,165.5,0.76
EP026,2024-03-31,8,96.41,160.43,1.05
EP027,2024-03-31,8,97.12,161.84,0.73
EP026,2024-03-31,9,95.07,161.71,1.18
EP027,2024-03-31,9,94.81,165.58,1.02
EP026,2024-03-31,10,91.23,160.57,0.7
EP027,2024-03-31,10,98.73,169.96,0.85
EP026,2024-03-31,11,95.27,151.0,1.02
EP027,2024-03-31,11,98.9,172.16,0.87
EP026,2024-03-31,12,90.13,153.28,1.02
EP027,2024-03-31,12,97.14,168.0,0.87
EP026,2024-03-31,13,92.69,149.73,1.1
EP027,2024-03-31,13,97.54,163.84,0.86
EP026,2024-03-31,14,90.2,155.49,1.08
EP027,2024-03-31,14,97.59,156.3,0.89
EP026,2024-03-31,15,97.17,147.04,1.12
EP027,2024-03-31,15,97.07,164.13,0.77
EP026,2024-03-31,16,91.61,151.75,1.33
EP027,2024-03-31,16,99.4,160.1,0.84
EP026,2024-03-31,17,92.04,158.8,1.55
EP027,2024-03-31,17,98.88,153.35,0.9
EP026,2024-03-31,18,90.57,161.53,1.34
EP027,2024-03-31,18,98.73,164.92,0.81
EP026,2024-03-31,19,93.62,159.2,1.14
EP027,2024-03-31,19,99.22,165.89,0.65
EP026,2024-03-31,20,91.52,161.81,1.03
EP027,2024-03-31,20,99.53,158.49,0.63
EP026,2024-03-31,21,92.3,160.5,1.05
EP027,2024-03-31,21,97.16,167.22,0.9
EP026,2024-03-31,22,92.32,162.85,1.14
EP027,2024-03-31,22,96.47,169.9,1.16
EP026,2024-03-31,23,87.14,175.86,1.13
EP027,2024-03-31,23,94.78,173.92,1.11
EP026,2024-04-01,0,96.77,162.44,0.91
EP027,2024-04-01,0,98.26,158.72,0.82
EP026,2024-04-01,1,96.09,157.7,1.23
EP027,2024-04-01,1,97.14,157.86,1.11
EP026,2024-04-01,2,93.98,157.02,1.2
EP027,2024-04-01,2,96.13,157.87,1.14
EP026,2024-04-01,3,93.66,166.14,1.19
EP027,2024-04-01,3,97.04,160.02,0.8
EP026,2024-04-01,4,93.54,166.23,1.35
EP027,2024-04-01,4,97.73,166.84,0.87
EP026,2024-04-01,5,93.1,170.11,1.33
EP027,2024-04-01,5,96.92,159.44,1.15
EP026,2024-04-01,6,90.89,158.87,1.3
EP027,2024-04-01,6,96.38,155.35,1.35
EP026,2024-04-01,7,91.4,155.94,1.57
EP027,2024-04-01,7,97.5,152.83,1.87
EP026,2024-04-01,8,92.64,160.27,1.35
EP027,2024-04-01,8,96.44,162.04,2.23
EP026,2024-04-01,9,91.53,155.49,0.95
EP027,2024-04-01,9,98.48,170.4,0.81
EP026,2024-04-01,10,88.93,166.69,0.79
EP027,2024-04-01,10,97.8,164.53,0.73
EP026,2024-04-01,11,94.18,154.37,0.98
EP027,2024-04-01,11,97.15,163.5,0.76
EP026,2024-04-01,12,97.59,151.94,1.09
EP027,2024-04-01,12,98.8,155.47,0.78
EP026,2024-04-01,13,95.0,158.0,1.25
EP027,2024-04-01,13,97.27,156.52,0.98
EP026,2024-04-01,14,94.86,163.31,0.71
EP027,2024-04-01,14,95.53,166.85,1.03
EP026,2024-04-01,15,95.77,162.89,0.88
EP027,2024-04-01,15,96.5,174.94,0.81
EP026,2024-04-01,16,89.73,165.88,0.88
EP027,2024-04-01,16,98.46,162.3,0.83
EP026,2024-04-01,17,86.5,162.3,0.7
EP027,2024-04-01,17,98.52,155.38,0.8
EP026,2024-04-01,18,97.21,157.69,0.94
EP027,2024-04-01,18,98.04,153.87,0.7
EP026,2024-04-01,19,97.19,152.28,0.85
EP027,2024-04-01,19,99.22,156.08,0.8
EP026,2024-04-01,20,93.62,155.2,1.29
EP027,2024-04-01,20,98.96,152.12,0.89
EP026,2024-04-01,21,91.89,154.76,1.13
EP027,2024-04-01,21,96.76,165.39,0.91
EP026,2024-04-01,22,88.26,158.07,1.41
EP027,2024-04-01,22,98.15,164.88,0.66
EP026,2024-04-01,23,89.14,160.43,1.25
EP027,2024-04-01,23,94.84,163.14,1.05
EP026,2024-04-02,0,94.18,154.75,1.26
EP027,2024-04-02,0,97.35,163.69,1.01
EP026,2024-04-02,1,96.04,158.46,1.37
EP027,2024-04-02,1,98.4,157.73,0.95
EP026,2024-04-02,2,94.8,155.53,1.39
EP027,2024-04-02,2,96.17,154.11,1.43
EP026,2024-04-02,3,93.18,161.1,1.44
EP027,2024-04-02,3,96.86,157.9,1.09
EP026,2024-04-02,4,93.18,158.7,1.68
EP027,2024-04-02,4,-1,161.13,1.09
EP026,2024-04-02,5,92.62,159.85,1.52
EP027,2024-04-02,5,96.54,157.96,1.25
EP026,2024-04-02,6,92.71,168.5,0.92
EP027,2024-04-02,6,,157.59,1.34
EP026,2024-04-02,7,89.53,160.04,1.09
EP027,2024-04-02,7,97.43,160.72,0.8
EP026,2024-04-02,8,89.27,165.77,0.89
EP027,2024-04-02,8,97.15,171.25,0.91
EP026,2024-04-02,9,90.11,161.06,0.79
EP027,2024-04-02,9,96.54,165.18,0.92
EP026,2024-04-02,10,91.48,150.24,1.27
EP027,2024-04-02,10,97.76,162.31,0.59
EP026,2024-04-02,11,95.37,150.63,1.44
EP027,2024-04-02,11,98.64,168.53,1.01
EP026,2024-04-02,12,94.34,160.47,0.84
EP027,2024-04-02,12,97.46,0,0.82
EP026,2024-04-02,13,89.19,160.12,0.65
EP027,2024-04-02,13,97.86,157.9,0.91
EP026,2024-04-02,14,94.88,167.14,1.19
EP027,2024-04-02,14,95.27,152.54,0.97
EP026,2024-04-02,15,97.76,153.14,1.27
EP027,2024-04-02,15,96.85,172.96,1.0
EP026,2024-04-02,16,95.67,158.09,1.09
EP027,2024-04-02,16,97.32,158.34,0.61
EP026,2024-04-02,17,92.39,158.78,0.83
EP026,2024-04-02,17,92.39,158.78,0.83
EP027,2024-04-02,17,96.54,154.04,0.78
EP026,2024-04-02,18,96.33,154.94,0.7
EP027,2024-04-02,18,92.92,165.94,1.33
EP026,2024-04-02,19,97.07,149.23,1.08
EP027,2024-04-02,19,97.98,164.41,0.72
EP026,2024-04-02,20,90.8,166.92,1.05
EP027,2024-04-02,20,96.2,157.26,1.18
EP026,2024-04-02,21,89.08,165.53,0.85
EP027,2024-04-02,21,95.26,155.85,1.36
EP026,2024-04-02,22,91.51,155.35,1.0
EP027,2024-04-02,22,94.43,165.82,1.48
EP026,2024-04-02,23,90.94,154.18,1.08
EP027,2024-04-02,23,94.76,168.45,1.09
EP026,2024-04-03,0,95.98,157.61,1.0
EP027,2024-04-03,0,95.45,164.06,1.66
EP026,2024-04-03,1,95.13,154.4,1.19
EP027,2024-04-03,1,96.3,150.89,1.93
EP026,2024-04-03,2,95.78,160.42,1.02
EP027,2024-04-03,2,95.89,145.13,1.94
EP026,2024-04-03,3,94.14,158.7,1.29
EP027,2024-04-03,3,96.26,159.23,1.39
EP026,2024-04-03,4,95.34,169.43,1.17
EP027,2024-04-03,4,95.72,163.3,1.32
EP026,2024-04-03,5,96.44,156.49,1.12
EP027,2024-04-03,5,96.56,165.1,1.22
EP026,2024-04-03,6,93.92,167.83,0.87
EP027,2024-04-03,6,96.15,150.59,1.45
EP026,2024-04-03,7,93.08,156.96,0.91
EP027,2024-04-03,7,96.9,150.48,1.29
EP026,2024-04-03,8,91.52,158.0,0.97
EP027,2024-04-03,8,97.26,147.68,1.42
EP026,2024-04-03,9,91.57,156.69,0.83
EP027,2024-04-03,9,97.96,160.77,0.98
EP026,2024-04-03,10,91.76,157.63,0.84
EP027,2024-04-03,10,96.96,158.47,0.76
EP027,2024-04-03,10,96.96,158.47,0.76
EP026,2024-04-03,11,94.67,,0.84
EP027,2024-04-03,11,99.16,160.22,0.76
EP026,2024-04-03,12,92.67,145.44,1.04
EP027,2024-04-03,12,99.02,158.38,0.74
EP026,2024-04-03,13,88.93,152.07,1.0
EP027,2024-04-03,13,97.45,159.84,0.73
EP026,2024-04-03,14,93.38,162.42,0.63
EP027,2024-04-03,14,98.42,154.55,0.88
EP026,2024-04-03,15,90.29,161.58,0.74
EP027,2024-04-03,15,99.24,153.45,
EP026,2024-04-03,16,96.08,149.72,1.0
EP027,2024-04-03,16,99.55,146.79,0.72
EP026,2024-04-03,17,94.73,146.29,1.05
EP027,2024-04-03,17,97.81,156.11,0.86
EP026,2024-04-03,18,92.37,166.86,0.95
EP027,2024-04-03,18,98.27,157.96,0.71
EP026,2024-04-03,19,92.33,158.69,0.6
EP027,2024-04-03,19,97.9,159.24,0.95
EP034,2024-04-03,19,94.71,146.73,1.03
EP026,2024-04-03,20,94.44,146.92,0.63
EP027,2024-04-03,20,98.0,152.76,1.14
EP034,2024-04-03,20,94.49,147.22,0.88
EP026,2024-04-03,21,84.41,163.63,0.87
EP027,2024-04-03,21,95.11,164.16,1.08
EP034,2024-04-03,21,96.53,142.51,0.95
EP026,2024-04-03,22,91.36,154.13,0.63
EP027,2024-04-03,22,97.22,147.34,0.97
EP034,2024-04-03,22,97.02,132.58,0.92
EP026,2024-04-03,23,96.44,147.54,1.92
EP027,2024-04-03,23,96.76,143.96,1.49
EP034,2024-04-03,23,96.02,127.85,0.93
EP026,2024-04-04,0,94.16,147.3,1.91
EP027,2024-04-04,0,95.94,156.11,1.31
EP034,2024-04-04,0,96.62,130.26,0.9
EP026,2024-04-04,1,94.45,148.9,1.41
EP027,2024-04-04,1,98.08,155.14,1.32
EP034,2024-04-04,1,96.41,130.16,0.76
EP026,2024-04-04,2,94.88,154.53,1.2
EP027,2024-04-04,2,97.02,161.49,1.5
EP034,2024-04-04,2,97.55,131.71,0.65
EP026,2024-04-04,3,94.96,157.57,1.31
EP027,2024-04-04,3,97.44,166.06,0.94
EP034,2024-04-04,3,98.27,123.06,0.55
EP026,2024-04-04,4,94.36,156.15,1.41
EP027,2024-04-04,4,98.06,153.74,0.93
EP034,2024-04-04,4,97.62,121.31,0.59
EP026,2024-04-04,5,93.79,156.02,1.5
EP027,2024-04-04,5,95.81,157.17,1.14
EP034,2024-04-04,5,99.21,122.02,0.65
EP026,2024-04-04,6,93.49,166.11,0.9
EP027,2024-04-04,6,96.81,166.69,0.75
EP034,2024-04-04,6,97.5,126.2,0.88
EP026,2024-04-04,7,92.4,163.24,0.83
EP027,2024-04-04,7,98.94,157.71,0.79
EP034,2024-04-04,7,99.08,118.02,1.28
EP026,2024-04-04,8,90.98,158.46,1.01
EP027,2024-04-04,8,99.37,157.77,0.61
EP034,2024-04-04,8,98.74,117.74,1.1
EP026,2024-04-04,9,89.79,165.64,0.97
EP027,2024-04-04,9,97.71,164.29,0.81
EP034,2024-04-04,9,98.55,116.02,1.13
EP026,2024-04-04,10,91.66,157.12,1.07
EP027,2024-04-04,10,98.7,156.32,1.28
EP034,2024-04-04,10,96.65,122.87,1.11
EP026,2024-04-04,11,91.65,147.17,1.27
EP027,2024-04-04,11,97.83,158.93,
EP034,2024-04-04,11,97.81,120.87,1.01
EP026,2024-04-04,12,92.42,148.47,1.32
EP027,2024-04-04,12,96.29,167.45,1.07
EP034,2024-04-04,12,96.39,123.0,1.36
EP026,2024-04-04,13,90.81,159.5,1.09
EP027,2024-04-04,13,96.42,152.38,0.81
EP034,2024-04-04,13,97.21,127.26,1.24
EP026,2024-04-04,14,96.67,157.35,0.78
EP027,2024-04-04,14,97.62,149.03,1.03
EP034,2024-04-04,14,95.29,129.24,1.24
EP026,2024-04-04,15,97.2,151.59,1.17
EP027,2024-04-04,15,97.54,157.85,0.65
EP034,2024-04-04,15,97.12,120.81,1.66
EP026,2024-04-04,16,93.08,165.33,1.11
EP027,2024-04-04,16,97.6,168.77,0.65
EP034,2024-04-04,16,96.62,126.15,1.58
EP026,2024-04-04,17,95.08,159.18,0.64
EP027,2024-04-04,17,98.25,174.06,0.56
EP034,2024-04-04,17,94.21,118.94,1.36
EP026,2024-04-04,18,94.02,151.41,0.99
EP027,2024-04-04,18,98.83,163.69,0.73
EP034,2024-04-04,18,95.87,130.47,1.19
EP026,2024-04-04,19,88.88,158.26,0.68
EP027,2024-04-04,19,99.06,154.58,0.76
EP034,2024-04-04,19,96.23,131.67,1.08
EP026,2024-04-04,20,94.07,152.0,0.85
EP027,2024-04-04,20,97.49,163.08,0.81
EP034,2024-04-04,20,96.87,124.67,1.01
EP026,2024-04-04,21,93.2,147.85,1.16
EP027,2024-04-04,21,98.14,170.76,0.68
EP034,2024-04-04,21,97.4,141.06,0.96
EP026,2024-04-04,22,92.55,147.2,1.34
EP027,2024-04-04,22,,166.26,0.79
EP034,2024-04-04,22,96.29,136.69,1.06
EP026,2024-04-04,23,92.14,155.52,1.02
EP027,04/04/2024,23,93.41,163.51,0.99
EP034,2024-04-04,23,96.0,137.02,0.98
EP026,2024-04-05,0,96.45,155.04,0.81
EP027,2024-04-05,0,95.12,148.95,1.71
EP034,2024-04-05,0,97.39,136.65,1.06
EP026,2024-04-05,1,94.13,156.76,1.13
EP027,2024-04-05,1,94.08,152.23,2.51
EP034,2024-04-05,1,98.04,128.17,1.0
EP026,2024-04-05,2,95.46,153.33,1.29
EP027,2024-04-05,2,92.55,158.31,2.94
EP034,2024-04-05,2,97.0,138.9,0.96
EP034,2024-04-05,2,97.0,138.9,0.96
EP026,2024-04-05,3,94.26,150.64,1.1
EP027,2024-04-05,3,93.96,164.51,2.55
EP034,2024-04-05,3,95.17,136.02,1.0
EP026,2024-04-05,4,94.48,154.68,1.07
EP027,2024-04-05,4,94.0,173.08,2.72
EP034,2024-04-05,4,98.4,143.19,0.86
EP026,2024-04-05,5,92.82,155.54,1.23
EP027,2024-04-05,5,94.84,160.36,2.76
EP034,2024-04-05,5,95.92,143.17,0.84
EP026,2024-04-05,6,94.08,153.88,1.1
EP027,2024-04-05,6,94.68,162.6,1.93
EP034,2024-04-05,6,95.57,140.84,1.23
EP026,2024-04-05,7,95.1,146.94,1.37
EP027,2024-04-05,7,95.09,167.16,0.74
EP034,2024-04-05,7,96.93,142.22,1.59
EP026,2024-04-05,8,94.5,154.75,1.05
EP027,2024-04-05,8,95.98,159.17,0.91
EP034,2024-04-05,8,96.98,136.13,1.43
EP026,2024-04-05,9,96.21,145.73,1.18
EP027,2024-04-05,9,96.96,158.72,0.83
EP034,2024-04-05,9,96.84,140.02,1.26
EP026,2024-04-05,10,92.64,150.33,1.46
EP027,2024-04-05,10,95.59,149.16,1.24
EP034,2024-04-05,10,96.56,146.06,1.24
EP026,2024-04-05,11,96.47,146.51,1.0
EP027,2024-04-05,11,93.05,158.93,1.01
EP034,2024-04-05,11,96.29,143.62,1.13
EP026,2024-04-05,12,96.94,143.46,1.09
EP027,2024-04-05,12,91.04,164.48,0.82
EP034,2024-04-05,12,96.45,140.54,1.48
EP026,2024-04-05,13,94.3,147.4,1.35
EP027,2024-04-05,13,90.08,158.67,1.19
EP034,2024-04-05,13,96.65,142.61,1.37
EP026,2024-04-05,14,93.58,152.02,1.57
EP027,2024-04-05,14,89.09,169.71,1.54
EP034,2024-04-05,14,94.96,151.17,1.46
EP026,2024-04-05,15,96.04,151.52,0.96
EP027,2024-04-05,15,93.96,166.49,0.99
EP034,2024-04-05,15,95.08,,1.48
EP026,2024-04-05,16,92.23,159.95,0.75
EP027,2024-04-05,16,97.48,165.84,0.53
EP034,2024-04-05,16,94.64,145.42,1.73
EP026,2024-04-05,17,90.07,156.11,0.93
EP027,2024-04-05,17,96.76,160.28,0.7
EP034,2024-04-05,17,94.7,150.72,1.97
EP026,2024-04-05,18,94.69,151.71,0.66
EP027,2024-04-05,18,96.58,165.09,0.78
EP034,2024-04-05,18,96.65,151.69,1.33
EP026,2024-04-05,19,92.64,147.8,0.82
EP027,2024-04-05,19,98.71,170.19,0.86
EP034,2024-04-05,19,96.17,137.48,1.4
EP026,2024-04-05,20,92.02,153.08,0.87
EP027,2024-04-05,20,97.8,166.44,0.75
EP034,2024-04-05,20,96.58,143.75,1.21
EP026,2024-04-05,21,92.52,,0.89
EP027,2024-04-05,21,96.08,160.63,1.2
EP034,2024-04-05,21,95.92,141.91,1.3
EP026,2024-04-05,22,92.04,149.0,1.04
EP027,2024-04-05,22,94.59,145.43,1.69
EP034,2024-04-05,22,94.77,154.87,1.18
EP026,2024-04-05,23,97.5,140.46,1.36
EP027,2024-04-05,23,93.8,155.64,1.86
EP034,2024-04-05,23,96.93,146.55,1.09
EP026,2024-04-06,0,97.02,136.65,1.41
EP027,2024-04-06,0,95.29,160.49,1.72
EP034,2024-04-06,0,96.47,139.02,1.43
EP026,2024-04-06,1,96.39,147.43,1.27
EP027,2024-04-06,1,95.11,180.66,2.04
EP034,2024-04-06,1,96.71,136.94,1.4
EP026,2024-04-06,2,96.16,156.94,1.4
EP027,2024-04-06,2,93.48,161.33,1.79
EP034,2024-04-06,2,97.06,143.82,1.18
EP026,2024-04-06,3,94.62,155.7,1.58
EP027,2024-04-06,3,98.16,158.0,0.95
EP034,2024-04-06,3,96.67,141.96,0.95
EP026,2024-04-06,4,94.79,160.65,1.61
EP027,2024-04-06,4,98.0,155.29,1.01
EP034,2024-04-06,4,96.32,141.6,1.01
EP026,2024-04-06,5,93.06,167.02,1.35
 EP027,2024-04-06,5,94.76,146.65,1.51
EP034,2024-04-06,5,94.19,140.56,1.33
EP026,2024-04-06,6,95.39,169.08,0.9
EP027,2024-04-06,6,95.53,158.4,1.12
EP027,2024-04-06,6,95.53,158.4,1.12
EP034,2024-04-06,6,97.38,142.24,0.89
EP026,2024-04-06,7,96.0,148.92,1.01
EP027,2024-04-06,7,96.31,147.35,0.96
EP034,2024-04-06,7,96.3,137.14,1.27
EP026,2024-04-06,8,93.61,151.2,0.88
EP027,2024-04-06,8,96.29,156.25,1.26
EP034,2024-04-06,8,95.71,141.59,0.94
EP026,2024-04-06,9,95.06,151.26,1.03
EP027,2024-04-06,9,98.54,161.98,0.75
EP034,2024-04-06,9,98.02,133.5,1.16
EP026,2024-04-06,10,91.98,158.96,1.09
EP027,2024-04-06,10,99.15,163.89,0.75
EP034,2024-04-06,10,95.91,150.51,1.44
EP026,2024-04-06,11,89.9,162.8,0.73
EP027,2024-04-06,11,97.18,163.74,1.28
EP034,2024-04-06,11,98.07,123.28,1.67
EP026,2024-04-06,12,96.21,147.52,0.8
EP027,2024-04-06,12,96.67,155.1,0.66
EP034,2024-04-06,12,98.04,129.57,1.14
EP026,2024-04-06,13,95.04,141.68,1.06
EP027,2024-04-06,13,97.33,152.83,0.71
EP034,2024-04-06,13,97.76,133.64,1.01
EP026,2024-04-06,14,89.38,152.22,0.97
EP027,2024-04-06,14,97.0,156.57,0.91
EP034,2024-04-06,14,97.22,137.15,1.25
EP026,2024-04-06,15,89.73,159.0,1.31
EP027,2024-04-06,15,90.07,138.88,1.75
EP034,2024-04-06,15,96.09,135.2,1.42
EP026,2024-04-06,16,91.98,163.0,1.29
EP027,2024-04-06,16,92.77,150.77,2.76
EP034,2024-04-06,16,96.44,142.88,1.45
EP026,2024-04-06,17,94.47,173.15,1.37
EP027,2024-04-06,17,94.64,164.62,1.84
EP034,2024-04-06,17,96.93,144.3,1.25
EP026,2024-04-06,18,95.17,153.71,1.55
EP027,2024-04-06,18,98.6,151.43,0.78
EP034,2024-04-06,18,97.57,139.51,1.18
EP026,2024-04-06,19,94.52,154.48,1.21
EP027,2024-04-06,19,99.16,149.14,0.86
EP034,2024-04-06,19,97.82,134.47,1.05
EP026,2024-04-06,20,92.89,149.02,1.21
EP027,2024-04-06,20,98.04,143.33,1.09
EP034,2024-04-06,20,97.57,131.7,0.91
EP026,2024-04-06,21,95.12,145.23,1.26
EP027,2024-04-06,21,96.17,145.17,0.95
EP034,2024-04-06,21,98.65,132.46,1.0
EP026,2024-04-06,22,92.02,156.38,1.52
EP027,2024-04-06,22,99.62,149.98,0.79
EP034,2024-04-06,22,96.98,140.32,1.2
EP026,2024-04-06,23,95.47,154.31,0.56
EP027,2024-04-06,23,98.85,161.04,0.87
EP034,2024-04-06,23,97.81,126.57,1.11
EP026,2024-04-07,0,95.42,147.36,0.68
EP027,2024-04-07,0,98.04,151.7,0.85
EP034,2024-04-07,0,98.1,128.53,0.84
EP026,2024-04-07,1,92.7,154.91,0.69
EP027,2024-04-07,1,99.66,148.72,0.7
EP034,2024-04-07,1,,128.57,1.22
EP026,2024-04-07,2,88.41,161.16,0.73
EP027,2024-04-07,2,98.72,149.28,0.9
EP034,2024-04-07,2,97.43,130.28,1.23
EP026,2024-04-07,3,95.57,151.76,0.83
EP027,2024-04-07,3,99.66,146.94,0.66
EP034,2024-04-07,3,98.22,126.96,1.19
EP026,2024-04-07,4,95.38,152.64,0.74
EP027,2024-04-07,4,99.08,156.78,0.76
EP034,2024-04-07,4,98.11,128.43,1.19
EP026,2024-04-07,5,96.29,147.31,0.85
EP027,2024-04-07,5,98.35,151.79,0.86
EP034,2024-04-07,5,97.43,125.94,1.23
EP026,2024-04-07,6,94.4,160.54,0.66
EP027,2024-04-07,6,96.48,164.89,0.79
EP034,2024-04-07,6,96.65,132.19,1.11
EP026,2024-04-07,7,95.33,160.91,0.61
EP027,2024-04-07,7,98.8,157.12,0.46
EP034,2024-04-07,7,98.33,117.26,1.26
EP026,2024-04-07,8,93.05,159.31,0.91
EP027,2024-04-07,8,98.85,161.83,0.55
EP034,2024-04-07,8,97.38,126.87,1.36
EP026,2024-04-07,9,93.98,160.49,0.83
EP027,2024-04-07,9,98.23,164.82,0.57
EP034,2024-04-07,9,97.93,139.07,1.32
EP026,2024-04-07,10,93.63,161.09,0.98
EP027,2024-04-07,10,98.55,159.92,0.59
EP034,2024-04-07,10,97.42,138.0,1.19
EP026,2024-04-07,11,95.33,155.63,1.08
EP027,2024-04-07,11,96.24,164.11,0.93
EP034,2024-04-07,11,97.67,132.73,1.19
EP026,2024-04-07,12,93.43,163.96,0.94
EP027,2024-04-07,12,99.41,153.85,0.79
EP034,2024-04-07,12,97.47,134.51,1.03
EP026,2024-04-07,13,94.73,158.24,0.92
EP027,2024-04-07,13,96.46,149.42,1.61
EP034,2024-04-07,13,97.5,136.16,0.99
EP026,2024-04-07,14,95.45,157.16,0.95
EP027,2024-04-07,14,94.38,152.14,2.5
EP034,2024-04-07,14,96.0,151.61,1.28
EP026,2024-04-07,15,97.07,148.34,1.17
EP027,2024-04-07,15,98.98,161.64,0.83
EP034,2024-04-07,15,97.46,126.67,1.83
EP026,2024-04-07,16,93.06,160.67,1.03
EP027,2024-04-07,16,98.58,172.06,0.76
EP034,2024-04-07,16,96.49,137.24,1.64
EP026,2024-04-07,17,94.21,161.14,1.32
EP027,2024-04-07,17,97.8,169.22,0.94
EP034,2024-04-07,17,96.0,146.78,1.25
EP026,2024-04-07,18,92.9,165.81,1.36
EP027,2024-04-07,18,98.87,158.25,0.74
EP034,2024-04-07,18,97.0,145.28,1.04
EP026,2024-04-07,19,94.37,164.37,1.47
EP027,2024-04-07,19,98.96,148.74,0.94
EP034,2024-04-07,19,96.96,152.52,0.96
EP026,2024-04-07,20,92.0,161.55,1.41
EP027,2024-04-07,20,97.63,146.56,1.02
EP034,2024-04-07,20,98.1,145.69,1.0
EP026,2024-04-07,21,94.34,165.45,0.89
EP027,2024-04-07,21,96.98,153.7,1.18
EP034,2024-04-07,21,97.83,141.0,1.07
EP026,2024-04-07,22,93.72,154.23,0.84
EP027,2024-04-07,22,97.91,163.98,0.73
EP034,2024-04-07,22,98.47,132.06,0.85
EP026,2024-04-07,23,96.22,143.8,1.13
EP027,2024-04-07,23,99.11,165.64,0.81
EP034,2024-04-07,23,98.43,123.13,0.87
EP026,2024-04-08,0,96.24,145.02,1.19
EP027,2024-04-08,0,98.88,155.25,0.87
EP034,2024-04-08,0,97.54,130.58,1.15
EP026,2024-04-08,1,95.75,148.11,0.97
EP027,2024-04-08,1,98.11,156.91,1.14
EP034,2024-04-08,1,97.29,141.02,0.98
EP026,2024-04-08,2,94.98,155.42,0.95
EP027,2024-04-08,2,97.64,150.83,1.5
EP034,2024-04-08,2,97.3,146.74,0.97
EP026,2024-04-08,3,95.36,162.87,0.88
EP027,2024-04-08,3,96.94,151.68,1.33
EP034,2024-04-08,3,96.87,148.18,1.19
EP026,2024-04-08,4,94.63,161.94,1.11
EP027,2024-04-08,4,97.51,150.71,1.22
EP034,2024-04-08,4,96.63,151.04,1.2
EP026,2024-04-08,5,94.85,159.57,0.98
EP027,2024-04-08,5,98.2,155.82,1.3
EP034,2024-04-08,5,97.13,149.62,1.05
EP026,2024-04-08,6,96.13,171.97,0.72
EP027,2024-04-08,6,98.31,149.59,0.96
EP034,2024-04-08,6,96.73,154.31,1.07
EP026,2024-04-08,7,94.67,160.19,0.82
EP027,2024-04-08,7,98.59,156.51,0.73
EP034,2024-04-08,7,98.27,133.41,0.98
EP026,2024-04-08,8,93.47,153.09,0.92
EP027,2024-04-08,8,98.23,156.48,0.85
EP034,2024-04-08,8,97.84,130.06,1.06
EP026,2024-04-08,9,92.4,148.25,0.93
EP027,2024-04-08,9,98.75,154.13,0.96
EP034,2024-04-08,9,98.73,128.73,0.97
EP026,2024-04-08,10,96.26,156.04,0.79
EP027,2024-04-08,10,98.06,161.88,1.12
EP034,2024-04-08,10,94.93,134.65,2.11
EP026,2024-04-08,11,,143.86,0.96
EP027,2024-04-08,11,98.0,162.24,1.24
EP034,2024-04-08,11,95.36,127.62,2.53
EP026,2024-04-08,12,91.88,146.54,0.83
EP027,2024-04-08,12,98.31,169.25,0.81
EP034,2024-04-08,12,95.39,126.25,3.15
EP026,2024-04-08,13,92.93,159.42,0.74
EP027,2024-04-08,13,99.35,166.76,0.76
EP034,2024-04-08,13,95.34,135.28,2.85
EP026,2024-04-08,14,92.5,156.98,0.96
EP027,2024-04-08,14,98.61,173.58,0.7
EP034,2024-04-08,14,94.68,145.51,1.81
EP026,2024-04-08,15,95.76,142.29,0.95
EP034,2024-04-08,15,98.75,133.63,1.4
EP026,2024-04-08,16,90.02,152.07,0.87
EP034,2024-04-08,16,98.33,133.29,1.26
EP026,2024-04-08,17,88.37,157.96,0.75
EP034,2024-04-08,17,98.53,144.11,0.84
EP026,2024-04-08,18,91.27,143.42,1.03
EP034,2024-04-08,18,98.56,140.32,1.02
EP026,2024-04-08,19,87.37,160.22,0.73
EP034,2024-04-08,19,98.44,133.76,1.65
EP026,2024-04-08,20,92.51,151.4,0.65
EP034,2024-04-08,20,98.69,135.59,1.14
EP035,2024-04-08,20,96.7,120.02,1.71
EP026,2024-04-08,21,97.6,137.42,1.04
EP034,2024-04-08,21,98.95,136.84,1.19
EP035,2024-04-08,21,96.59,119.8,1.55
EP026,2024-04-08,22,95.7,140.2,1.57
EP034,2024-04-08,22,98.22,137.2,1.03
EP035,2024-04-08,22,96.11,116.74,1.62
EP036,2024-04-08,22,93.16,121.46,1.21
EP026,2024-04-08,23,97.0,143.71,1.19
EP034,2024-04-08,23,98.48,146.08,1.06
EP035,2024-04-08,23,95.08,120.42,1.62
EP036,2024-04-08,23,94.12,112.54,1.13
EP026,2024-04-09,0,96.87,141.38,1.26
EP034,2024-04-09,0,98.48,139.74,1.26
EP035,2024-04-09,0,95.71,117.29,1.21
EP036,2024-04-09,0,90.77,113.83,1.4
EP026,2024-04-09,1,95.2,151.8,1.11
EP034,2024-04-09,1,99.53,138.98,0.91
EP035,2024-04-09,1,96.39,112.24,1.12
EP036,2024-04-09,1,92.89,111.74,1.17
EP026,2024-04-09,2,97.76,159.09,1.09
EP034,2024-04-09,2,99.48,141.35,0.98
EP035,2024-04-09,2,96.53,,1.12
EP036,2024-04-09,2,95.46,110.0,1.01
EP026,2024-04-09,3,99.23,153.87,0.97
EP034,2024-04-09,3,98.04,145.57,1.24
EP035,2024-04-09,3,96.3,117.18,1.13
EP036,2024-04-09,3,93.53,124.37,1.04
EP026,2024-04-09,4,99.14,150.39,0.99
EP034,2024-04-09,4,98.22,152.74,1.05
EP035,2024-04-09,4,96.58,115.91,1.17
EP036,2024-04-09,4,94.29,125.94,1.02
EP026,2024-04-09,5,98.51,159.02,0.89
EP034,2024-04-09,5,98.66,156.38,1.06
EP035,2024-04-09,5,96.68,117.83,1.24
EP036,2024-04-09,5,96.31,129.51,1.06
EP026,2024-04-09,6,98.05,174.74,0.93
EP034,2024-04-09,6,97.56,157.73,1.21
EP035,2024-04-09,6,96.14,118.73,1.33
EP036,2024-04-09,6,96.04,116.75,0.81
EP026,2024-04-09,7,96.56,162.65,0.93
EP034,2024-04-09,7,98.58,155.62,0.94
EP035,2024-04-09,7,97.13,115.73,1.3
EP036,2024-04-09,7,95.43,118.5,0.75
EP026,2024-04-09,8,95.15,156.02,1.13
EP034,2024-04-09,8,95.73,155.59,1.05
EP035,2024-04-09,8,93.82,114.84,1.98
EP036,2024-04-09,8,97.48,120.07,0.78
EP026,2024-04-09,9,96.9,155.86,0.91
EP034,2024-04-09,9,98.19,146.94,0.81
EP035,2024-04-09,9,96.52,117.32,2.41
EP036,2024-04-09,9,98.54,125.52,0.9
EP026,2024-04-09,10,94.09,156.96,0.68
EP034,2024-04-09,10,98.33,143.47,0.91
EP035,2024-04-09,10,96.75,116.75,1.59
EP036,2024-04-09,10,98.38,121.26,0.79
EP026,2024-04-09,11,97.94,148.4,1.37
EP034,2024-04-09,11,98.67,137.57,0.96
EP035,2024-04-09,11,96.93,120.02,1.49
EP036,2024-04-09,11,96.49,115.43,0.48
EP026,2024-04-09,12,95.51,164.55,0.91
EP034,2024-04-09,12,98.84,133.02,0.94
EP035,2024-04-09,12,96.92,108.19,1.69
EP036,2024-04-09,12,95.63,133.58,0.69
EP026,2024-04-09,13,91.42,158.3,1.0
EP034,2024-04-09,13,99.23,142.02,0.83
EP035,09/04/2024,13,97.0,109.15,1.91
EP036,2024-04-09,13,95.12,115.86,0.48
EP026,2024-04-09,14,93.42,152.56,0.86
EP034,2024-04-09,14,99.33,142.88,1.0
EP035,2024-04-09,14,96.89,113.42,1.82
EP036,2024-04-09,14,95.8,119.26,0.58
EP026,2024-04-09,15,93.18,149.84,0.94
EP034,2024-04-09,15,97.63,148.58,1.87
EP035,2024-04-09,15,97.29,118.58,1.49
EP036,2024-04-09,15,92.32,124.7,0.48
EP026,2024-04-09,16,92.78,151.29,1.07
EP034,2024-04-09,16,95.72,152.93,1.71
EP035,2024-04-09,16,97.27,114.13,1.73
EP036,2024-04-09,16,93.61,135.85,1.2
EP026,2024-04-09,17,94.67,149.75,1.07
EP034,2024-04-09,17,98.75,136.98,1.84
EP035,2024-04-09,17,96.7,115.48,1.73
EP036,2024-04-09,17,94.62,129.66,1.16
EP026,2024-04-09,18,96.35,148.94,1.11
EP034,2024-04-09,18,99.38,144.76,1.68
EP035,2024-04-09,18,95.71,114.26,1.52
EP036,2024-04-09,18,95.22,129.57,1.07
EP026,2024-04-09,19,96.34,149.32,1.54
EP 034,2024-04-09,19,99.33,150.78,1.67
EP035,2024-04-09,19,96.06,105.29,1.74
EP036,2024-04-09,19,92.9,126.94,0.69
EP037,2024-04-09,19,99.63,128.82,0.51
EP026,2024-04-09,20,90.86,163.69,1.4
EP034,2024-04-09,20,98.22,158.36,1.61
EP035,2024-04-09,20,96.02,106.8,1.24
EP036,2024-04-09,20,96.27,117.88,0.61
EP037,2024-04-09,20,97.42,124.29,0.88
EP026,2024-04-09,21,96.59,149.94,1.13
EP034,2024-04-09,21,97.54,151.54,0.82
EP035,2024-04-09,21,96.47,103.78,1.21
EP036,2024-04-09,21,96.43,122.93,1.04
EP037,2024-04-09,21,98.4,118.32,0.95
EP026,2024-04-09,22,92.56,157.95,1.53
EP034,2024-04-09,22,96.44,147.31,0.96
EP035,2024-04-09,22,96.38,104.06,1.09
EP036,2024-04-09,22,96.83,123.15,0.57
EP037,2024-04-09,22,98.3,106.07,0.71
EP026,2024-04-09,23,91.55,149.3,1.24
EP034,2024-04-09,23,97.02,153.16,0.91
EP035,2024-04-09,23,96.48,108.52,1.03
EP036,2024-04-09,23,97.39,123.77,0.66
EP037,2024-04-09,23,96.31,127.96,1.16
EP026,2024-04-10,0,95.3,149.6,1.56
EP034,2024-04-10,0,96.65,"158,65",1.18
EP035,2024-04-10,0,96.4,105.58,1.07
EP036,2024-04-10,0,96.64,125.94,0.83
EP037,2024-04-10,0,99.4,107.6,0.84
EP026,2024-04-10,1,92.67,150.4,1.81
EP034,2024-04-10,1,,155.83,1.22
EP035,2024-04-10,1,96.75,108.08,1.03
EP036,2024-04-10,1,95.98,116.43,0.81
EP037,2024-04-10,1,99.29,110.33,0.78
EP038,2024-04-10,1,97.33,146.42,0.88
EP026,2024-04-10,2,91.83,155.83,1.52
EP034,2024-04-10,2,95.9,155.67,1.26
EP035,2024-04-10,2,97.2,114.96,0.98
EP036,2024-04-10,2,95.85,117.28,0.84
EP037,2024-04-10,2,99.67,104.54,0.78
EP038,2024-04-10,2,95.73,138.18,1.01
EP026,2024-04-10,3,93.11,153.16,1.52
EP034,2024-04-10,3,96.87,158.33,0.96
EP035,2024-04-10,3,97.33,112.63,1.06
EP036,2024-04-10,3,96.98,129.29,1.07
EP037,2024-04-10,3,99.18,115.02,0.73
EP038,2024-04-10,3,95.74,141.7,1.28
EP026,2024-04-10,4,92.67,159.96,1.56
EP034,2024-04-10,4,95.56,162.19,1.03
EP035,2024-04-10,4,96.69,107.76,0.89
EP036,2024-04-10,4,95.96,120.64,1.16
EP037,2024-04-10,4,99.27,125.07,0.79
EP038,2024-04-10,4,96.0,139.55,1.25
EP026,2024-04-10,5,89.55,160.67,1.36
EP034,2024-04-10,5,94.6,172.63,1.08
EP035,2024-04-10,5,96.64,110.44,0.65
EP036,2024-04-10,5,96.15,128.47,1.3
EP037,2024-04-10,5,99.33,106.8,0.74
EP038,2024-04-10,5,97.33,132.48,1.01
EP026,2024-04-10,6,94.45,162.6,0.75
EP034,2024-04-10,6,96.23,157.15,0.88
EP035,2024-04-10,6,94.11,115.63,1.09
EP036,2024-04-10,6,97.54,121.02,0.52
EP037,2024-04-10,6,98.55,118.65,1.24
EP038,2024-04-10,6,98.55,130.88,0.97
EP026,2024-04-10,7,94.14,147.71,0.94
EP034,2024-04-10,7,97.07,149.42,0.83
EP035,2024-04-10,7,95.53,114.68,1.19
EP036,2024-04-10,7,97.82,115.75,0.48
EP037,2024-04-10,7,99.85,102.81,1.06
EP038,2024-04-10,7,98.96,129.44,0.83
EP026,2024-04-10,8,92.38,154.35,0.97
EP034,2024-04-10,8,96.7,151.63,1.18
EP035,2024-04-10,8,96.56,109.1,0.83
EP036,2024-04-10,8,94.94,123.2,1.42
EP037,2024-04-10,8,99.19,109.08,0.99
EP038,2024-04-10,8,99.06,126.85,0.68
EP026,2024-04-10,9,93.37,150.0,0.84
EP034,2024-04-10,9,97.84,139.41,2.19
EP035,2024-04-10,9,96.19,113.62,0.77
EP036,2024-04-10,9,95.82,127.41,0.73
EP037,2024-04-10,9,99.39,117.39,1.43
EP038,2024-04-10,9,98.96,130.63,0.72
EP026,2024-04-10,10,92.38,153.38,0.75
EP034,2024-04-10,10,96.28,139.18,1.57
EP035,2024-04-10,10,95.46,121.12,0.9
EP036,2024-04-10,10,99.34,109.12,0.6
EP037,2024-04-10,10,97.83,122.68,1.32
EP038,2024-04-10,10,99.23,125.1,0.95
EP026,2024-04-10,11,94.44,145.38,0.8
EP034,2024-04-10,11,97.11,135.26,1.29
EP035,2024-04-10,11,94.22,115.43,0.77
EP036,2024-04-10,11,99.45,107.86,0.67
EP037,2024-04-10,11,96.96,113.18,1.26
EP038,2024-04-10,11,98.52,128.79,1.32
EP026,2024-04-10,12,90.78,147.06,1.06
EP034,2024-04-10,12,96.17,137.87,1.11
EP035,2024-04-10,12,94.7,112.15,0.65
EP036,2024-04-10,12,96.06,117.73,0.76
EP037,2024-04-10,12,98.57,111.0,1.15
EP038,2024-04-10,12,97.83,134.22,1.1
EP026,2024-04-10,13,92.1,149.92,0.84
EP034,2024-04-10,13,95.89,143.21,1.11
EP035,2024-04-10,13,93.75,111.13,0.68
EP036,2024-04-10,13,98.14,106.06,0.48
EP037,2024-04-10,13,98.12,113.02,1.19
EP038,2024-04-10,13,98.89,119.69,0.92
EP026,2024-04-10,14,90.1,153.2,1.35
EP034,2024-04-10,14,95.32,155.45,1.34
EP035,2024-04-10,14,93.96,111.52,0.76
EP036,2024-04-10,14,98.52,103.71,0.58
EP037,2024-04-10,14,98.3,115.64,1.68
EP038,2024-04-10,14,98.13,123.55,0.83
EP026,2024-04-10,15,92.72,143.42,1.49
EP026,2024-04-10,15,92.72,143.42,1.49
EP034,2024-04-10,15,95.3,156.4,1.2
EP035,2024-04-10,15,94.15,107.08,0.86
EP036,2024-04-10,15,98.69,113.6,0.62
EP037,2024-04-10,15,98.29,122.74,1.54
EP038,2024-04-10,15,97.89,133.09,0.9
EP026,2024-04-10,16,94.02,153.55,1.16
EP034,2024-04-10,16,97.05,158.73,1.59
EP035,2024-04-10,16,97.14,106.66,0.76
EP036,2024-04-10,16,98.96,113.15,0.93
EP037,2024-04-10,16,98.56,114.6,
EP038,2024-04-10,16,98.98,124.38,0.81
EP026,2024-04-10,17,91.34,158.46,1.28
EP034,2024-04-10,17,96.39,139.39,1.45
EP035,2024-04-10,17,97.65,105.7,0.82
EP036,2024-04-10,17,97.96,120.1,1.15
EP037,2024-04-10,17,97.09,124.98,1.92
EP038,2024-04-10,17,98.86,132.24,0.72
EP026,2024-04-10,18,93.27,155.65,0.89
EP034,2024-04-10,18,96.33,147.59,1.4
EP035,2024-04-10,18,96.04,107.59,0.94
EP036,2024-04-10,18,97.33,120.73,1.02
EP037,2024-04-10,18,97.96,127.18,1.23
EP038,2024-04-10,18,97.43,128.16,0.6
EP026,2024-04-10,19,95.84,142.73,0.97
EP034,2024-04-10,19,96.53,148.02,1.07
EP035,2024-04-10,19,95.56,107.12,1.12
EP036,2024-04-10,19,98.19,,0.73
EP037,2024-04-10,19,97.78,111.11,1.82
EP038,2024-04-10,19,97.67,130.91,0.55
EP026,2024-04-10,20,92.23,150.36,1.38
EP034,2024-04-10,20,97.2,153.96,1.08
EP035,2024-04-10,20,94.42,112.48,1.07
EP036,2024-04-10,20,-5,112.13,1.05
EP037,2024-04-10,20,98.49,115.93,1.23
EP038,2024-04-10,20,97.05,134.23,0.71
EP026,2024-04-10,21,91.49,150.45,1.29
EP034,2024-04-10,21,96.83,149.81,1.07
EP035,2024-04-10,21,94.76,117.67,1.11
EP036,2024-04-10,21,99.49,108.43,0.46
EP037,2024-04-10,21,95.68,120.62,1.2
EP038,2024-04-10,21,95.0,130.83,0.99
EP026,2024-04-10,22,89.45,156.8,1.2
EP034,2024-04-10,22,97.02,141.69,1.06
EP035,2024-04-10,22,94.89,111.93,1.17
EP036,2024-04-10,22,99.94,106.6,0.41
EP037,2024-04-10,22,94.92,121.56,1.64
EP038,2024-04-10,22,95.29,141.88,0.96
EP026,2024-04-10,23,92.39,151.83,0.99
EP034,2024-04-10,23,96.42,155.52,1.4
EP035,2024-04-10,23,98.19,116.45,1.35
EP036,2024-04-10,23,99.86,105.88,0.43
EP037,2024-04-10,23,94.05,128.58,1.51
EP038,2024-04-10,23,96.29,135.47,0.46
EP026,2024-04-11,0,96.08,145.68,1.23
EP034,2024-04-11,0,96.2,139.44,1.49
EP035,2024-04-11,0,98.04,114.15,0.94
EP036,2024-04-11,0,99.96,118.64,0.44
EP037,2024-04-11,0,99.58,122.58,0.9
EP038,2024-04-11,0,95.48,140.23,0.7
EP026,2024-04-11,1,93.73,158.47,1.18
EP034,2024-04-11,1,95.0,138.18,1.76
EP035,2024-04-11,1,98.9,113.78,0.87
EP036,2024-04-11,1,99.71,107.81,0.4
EP037,2024-04-11,1,97.69,119.79,1.11
EP038,2024-04-11,1,95.62,137.74,0.63
EP026,2024-04-11,2,91.85,157.88,0.95
EP034,2024-04-11,2,95.07,146.69,1.82
EP035,2024-04-11,2,99.12,115.5,0.73
EP036,2024-04-11,2,98.57,124.26,0.47
EP037,2024-04-11,2,96.46,144.61,1.51
EP038,2024-04-11,2,97.08,142.72,0.82
EP026,2024-04-11,3,95.81,148.96,0.97
EP034,2024-04-11,3,94.81,151.06,2.02
EP035,2024-04-11,3,99.55,115.17,0.7
EP036,2024-04-11,3,99.48,117.25,0.41
EP037,2024-04-11,3,97.8,129.34,1.1
EP038,2024-04-11,3,95.89,143.41,0.51
EP026,2024-04-11,4,95.15,145.77,0.89
EP034,2024-04-11,4,94.55,152.13,1.97
EP035,2024-04-11,4,99.39,115.9,0.7
EP036,2024-04-11,4,98.96,110.8,0.44
EP037,2024-04-11,4,96.67,122.93,1.06
EP038,2024-04-11,4,95.9,142.64,0.55
EP026,2024-04-11,5,90.48,151.86,1.33
EP034,2024-04-11,5,94.04,157.29,1.91
EP035,2024-04-11,5,98.31,,0.99
EP036,2024-04-11,5,98.06,125.02,0.38
EP037,2024-04-11,5,97.89,126.42,1.0
EP038,2024-04-11,5,96.17,151.56,0.87
EP026,2024-04-11,6,94.94,160.06,0.94
EP034,2024-04-11,6,97.07,167.25,0.99
EP035,2024-04-11,6,97.26,127.93,1.27
EP036,2024-04-11,6,98.98,118.3,0.54
EP037,2024-04-11,6,98.5,129.29,1.47
EP038,2024-04-11,6,97.33,152.18,0.84
EP026,2024-04-11,7,94.44,146.92,1.25
EP034,2024-04-11,7,96.49,149.35,1.06
EP035,2024-04-11,7,96.55,118.52,1.43
EP036,2024-04-11,7,98.15,122.21,0.92
EP037,2024-04-11,7,98.37,128.35,1.15
EP038,2024-04-11,7,95.98,140.3,0.79
EP026,2024-04-11,8,91.91,150.61,1.23
EP034,2024-04-11,8,95.8,153.29,0.95
EP035,2024-04-11,8,95.94,116.29,1.42
EP036,2024-04-11,8,99.7,107.9,0.35
EP037,2024-04-11,8,99.0,139.74,0.97
EP038,2024-04-11,8,97.28,149.51,1.17
EP026,2024-04-11,9,95.45,150.81,1.11
EP034,2024-04-11,9,,157.8,0.84
EP035,2024-04-11,9,96.21,117.19,1.28
EP036,2024-04-11,9,99.49,126.59,0.7
EP037,2024-04-11,9,99.81,124.45,0.99
EP038,2024-04-11,9,96.76,136.69,0.8
EP026,2024-04-11,10,94.9,153.02,1.28
EP034,2024-04-11,10,96.24,153.3,0.89
EP035,2024-04-11,10,95.82,128.2,1.55
EP036,2024-04-11,10,100.0,108.56,0.38
EP037,2024-04-11,10,99.86,,0.83
EP038,2024-04-11,10,96.87,129.53,0.79
EP026,2024-04-11,11,95.36,150.89,1.34
EP034,2024-04-11,11,96.47,145.61,1.14
EP035,2024-04-11,11,98.08,119.46,1.6
EP036,2024-04-11,11,99.94,107.58,0.34
EP037,2024-04-11,11,99.77,125.69,0.78
EP038,2024-04-11,11,97.15,152.0,0.81
EP039,2024-04-11,11,96.18,133.93,1.61
EP026,2024-04-11,12,89.22,163.87,1.01
EP034,2024-04-11,12,96.83,140.02,1.15
EP035,2024-04-11,12,97.08,133.42,1.31
EP036,2024-04-11,12,99.78,120.66,0.36
EP037,2024-04-11,12,97.76,139.0,0.76
EP038,2024-04-11,12,98.85,137.56,0.83
EP039,2024-04-11,12,96.61,137.1,1.33
EP026,2024-04-11,13,94.49,159.13,0.91
EP034,2024-04-11,13,96.34,146.43,1.08
EP035,2024-04-11,13,97.17,121.21,1.39
EP036,2024-04-11,13,99.91,112.19,0.35
EP037,2024-04-11,13,99.73,130.76,0.99
EP038,2024-04-11,13,99.11,133.11,0.69
EP039,2024-04-11,13,98.0,124.98,1.22
EP040,2024-04-11,13,95.14,154.18,1.13
EP026,2024-04-11,14,92.67,156.18,1.04
EP034,2024-04-11,14,96.79,143.04,1.13
EP035,2024-04-11,14,96.6,113.0,1.36
EP036,2024-04-11,14,99.6,111.96,0.44
EP037,2024-04-11,14,99.66,130.88,1.11
EP038,2024-04-11,14,98.47,135.27,0.85
EP039,2024-04-11,14,97.77,128.15,1.1
EP040,2024-04-11,14,96.29,146.18,0.81
EP026,2024-04-11,15,95.89,142.6,1.08
EP034,2024-04-11,15,96.62,141.11,0.91
EP035,2024-04-11,15,96.07,120.62,1.53
EP036,2024-04-11,15,99.21,134.85,0.54
EP037,2024-04-11,15,99.46,133.83,0.79
EP038,2024-04-11,15,98.52,135.71,0.82
EP039,2024-04-11,15,97.96,128.51,1.49
EP040,2024-04-11,15,97.09,144.96,0.72
EP040,2024-04-11,15,97.09,144.96,0.72
EP026,2024-04-11,16,93.78,155.02,0.88
EP034,2024-04-11,16,97.52,142.9,0.94
EP035,2024-04-11,16,96.02,113.59,1.75
EP036,2024-04-11,16,100.0,108.1,0.35
EP037,2024-04-11,16,98.72,135.6,1.04
EP038,2024-04-11,16,98.07,140.68,0.92
EP039,2024-04-11,16,97.74,125.7,1.19
EP040,2024-04-11,16,98.62,138.53,0.58
EP026,2024-04-11,17,93.56,152.33,0.83
EP034,2024-04-11,17,98.09,149.22,0.86
EP035,2024-04-11,17,96.19,117.56,1.83
EP036,2024-04-11,17,99.91,108.46,0.32
EP037,2024-04-11,17,99.26,139.38,0.91
EP038,2024-04-11,17,98.37,141.64,0.8
EP039,2024-04-11,17,97.27,139.13,1.32
EP040,2024-04-11,17,98.55,140.53,0.47
EP026,2024-04-11,18,95.65,151.54,1.08
EP034,2024-04-11,18,97.6,147.88,1.15
EP035,2024-04-11,18,96.52,141.43,1.42
EP036,2024-04-11,18,99.61,122.07,0.49
EP037,2024-04-11,18,99.12,142.67,0.78
EP038,2024-04-11,18,99.02,134.76,0.59
EP039,2024-04-11,18,96.32,132.34,1.32
EP040,2024-04-11,18,98.44,143.9,0.59
EP026,2024-04-11,19,93.61,139.72,1.33
EP034,2024-04-11,19,97.35,149.62,1.11
EP035,2024-04-11,19,97.25,130.8,1.3
EP036,2024-04-11,19,99.07,135.43,0.95
EP037,2024-04-11,19,100.0,137.34,0.61
EP038,2024-04-11,19,99.84,132.59,0.7
EP039,2024-04-11,19,97.52,138.37,1.27
EP040,2024-04-11,19,98.71,135.31,0.63
EP026,2024-04-11,20,92.12,143.95,1.56
EP034,2024-04-11,20,96.8,143.88,1.27
EP035,2024-04-11,20,96.64,138.36,1.45
EP 036,2024-04-11,20,96.94,131.11,1.05
EP037,2024-04-11,20,99.67,131.8,0.67
EP038,2024-04-11,20,98.48,137.69,0.89
EP039,2024-04-11,20,96.79,142.83,1.13
EP040,2024-04-11,20,99.15,131.24,0.53
EP026,2024-04-11,21,92.36,162.55,1.25
EP034,2024-04-11,21,98.32,158.5,0.95
EP035,2024-04-11,21,96.92,130.88,1.58
EP036,2024-04-11,21,97.53,125.78,0.87
EP037,2024-04-11,21,98.95,135.35,0.7
EP038,2024-04-11,21,98.8,-10,0.85
EP039,2024-04-11,21,97.68,141.37,0.97
EP040,2024-04-11,21,98.94,132.51,0.48
EP026,2024-04-11,22,96.12,150.92,0.71
EP034,2024-04-11,22,97.3,151.3,1.13
EP035,2024-04-11,22,95.98,127.98,1.41
EP036,2024-04-11,22,98.45,107.91,0.61
EP037,2024-04-11,22,99.41,129.13,0.77
EP038,2024-04-11,22,98.98,141.39,0.72
EP039,2024-04-11,22,97.1,142.34,1.11
EP040,2024-04-11,22,99.51,136.87,0.45
EP026,2024-04-11,23,96.65,146.98,1.06
EP034,2024-04-11,23,96.87,139.4,1.33
EP035,2024-04-11,23,96.46,129.0,1.43
EP036,2024-04-11,23,96.8,108.73,0.96
EP037,2024-04-11,23,98.85,131.2,0.73
EP038,2024-04-11,23,99.12,151.54,1.09
EP039,2024-04-11,23,96.27,146.6,1.39
EP040,2024-04-11,23,99.3,126.78,0.4
EP026,2024-04-12,0,95.23,152.08,0.86
EP034,2024-04-12,0,96.97,149.87,1.33
EP035,2024-04-12,0,96.04,116.26,1.18
EP036,2024-04-12,0,95.78,113.36,1.35
EP037,2024-04-12,0,98.62,144.96,0.71
EP038,2024-04-12,0,98.53,136.86,0.76
EP039,2024-04-12,0,96.96,145.2,0.83
EP040,2024-04-12,0,98.54,127.02,0.48
EP026,2024-04-12,1,92.9,154.88,1.09
EP034,2024-04-12,1,96.3,159.48,1.05
EP035,2024-04-12,1,"95,6",123.08,1.38
EP036,2024-04-12,1,97.92,125.21,0.72
EP037,2024-04-12,1,99.1,143.59,0.81
EP038,2024-04-12,1,97.43,137.0,0.75
EP039,2024-04-12,1,95.28,155.23,0.99
EP040,2024-04-12,1,98.52,129.14,0.47
EP026,2024-04-12,2,95.96,148.04,1.19
EP034,2024-04-12,2,95.37,147.66,1.21
EP035,2024-04-12,2,95.96,126.8,1.54
EP036,2024-04-12,2,96.54,114.67,0.68
EP037,2024-04-12,2,98.32,144.45,0.73
EP038,2024-04-12,2,97.62,142.04,0.87
EP039,2024-04-12,2,95.98,154.48,0.78
EP040,2024-04-12,2,98.31,133.24,0.53
EP026,2024-04-12,3,94.89,151.8,1.41
EP034,2024-04-12,3,98.24,145.52,1.15
EP035,2024-04-12,3,96.43,125.28,1.61
EP036,2024-04-12,3,95.59,117.07,0.67
EP037,2024-04-12,3,99.09,157.91,0.77
EP038,2024-04-12,3,97.16,149.91,0.83
EP039,2024-04-12,3,95.32,165.98,1.08
EP040,2024-04-12,3,98.12,138.12,0.63
EP026,2024-04-12,4,93.67,155.47,1.26
EP034,2024-04-12,4,97.3,148.89,1.29
EP035,2024-04-12,4,95.16,139.18,1.66
EP036,2024-04-12,4,97.16,117.44,0.43
EP037,2024-04-12,4,98.96,139.27,0.76
EP038,2024-04-12,4,96.54,138.41,1.32
EP039,2024-04-12,4,95.84,166.27,1.0
EP040,2024-04-12,4,97.63,140.63,0.6
EP026,2024-04-12,5,90.16,166.29,1.29
EP034,2024-04-12,5,97.75,158.29,0.9
EP035,2024-04-12,5,96.13,126.79,1.74
EP036,2024-04-12,5,96.1,135.78,1.82
EP037,2024-04-12,5,99.04,145.94,0.72
EP038,2024-04-12,5,97.4,154.87,0.99
EP039,2024-04-12,5,96.1,160.65,0.72
EP040,2024-04-12,5,97.46,149.35,0.68
EP026,2024-04-12,6,94.14,164.91,0.78
EP034,2024-04-12,6,96.56,152.15,1.04
EP035,2024-04-12,6,96.2,144.85,2.21
EP036,2024-04-12,6,98.1,133.35,1.28
EP037,2024-04-12,6,99.76,141.75,0.96
EP038,2024-04-12,6,97.11,137.09,1.03
EP039,2024-04-12,6,95.48,157.92,0.96
EP040,2024-04-12,6,95.84,149.02,0.69
EP026,2024-04-12,7,91.34,156.75,0.88
EP034,2024-04-12,7,95.88,144.84,1.2
EP035,2024-04-12,7,95.65,125.86,1.51
EP036,2024-04-12,7,99.11,114.95,0.52
EP037,2024-04-12,7,99.61,135.95,0.66
EP038,2024-04-12,7,96.57,136.43,0.93
EP039,2024-04-12,7,97.76,143.14,0.77
EP040,2024-04-12,7,96.9,138.93,0.58
EP026,2024-04-12,8,89.33,155.93,0.97
EP034,2024-04-12,8,96.1,151.48,1.4
EP035,2024-04-12,8,96.32,133.27,1.97
EP036,2024-04-12,8,96.85,123.94,1.01
EP037,2024-04-12,8,99.04,138.08,0.76
EP038,2024-04-12,8,96.12,147.76,0.97
EP039,2024-04-12,8,97.88,147.53,0.76
EP040,2024-04-12,8,97.11,136.68,0.55
EP026,2024-04-12,9,95.95,141.45,0.95
EP034,2024-04-12,9,96.5,157.98,1.21
EP035,2024-04-12,9,95.0,142.9,1.86
EP036,2024-04-12,9,97.1,140.02,1.15
EP037,2024-04-12,9,99.46,142.28,0.8
EP037,2024-04-12,9,99.46,142.28,0.8
EP038,2024-04-12,9,98.32,142.61,0.86
EP039,2024-04-12,9,97.19,149.47,0.83
EP040,2024-04-12,9,97.06,135.94,0.54
EP026,2024-04-12,10,94.15,144.98,1.15
EP034,2024-04-12,10,96.83,156.2,1.01
EP035,2024-04-12,10,97.4,138.43,1.54
EP036,2024-04-12,10,97.88,120.4,0.75
EP037,2024-04-12,10,98.38,149.96,0.76
EP038,2024-04-12,10,98.07,139.61,0.92
EP039,2024-04-12,10,97.33,150.26,1.07
EP040,2024-04-12,10,96.58,136.38,0.62
EP026,2024-04-12,11,94.81,153.4,0.99
EP034,2024-04-12,11,98.09,151.98,1.09
EP035,2024-04-12,11,98.79,126.87,1.41
EP036,2024-04-12,11,95.52,114.41,1.38
EP037,2024-04-12,11,97.0,146.0,1.5
EP038,2024-04-12,11,96.35,147.71,0.84
EP039,2024-04-12,11,96.53,152.71,0.88
EP040,2024-04-12,11,,138.08,0.88
EP026,2024-04-12,12,93.94,148.33,1.63
EP034,2024-04-12,12,97.58,157.22,1.6
EP035,2024-04-12,12,95.72,129.52,1.4
EP036,2024-04-12,12,96.6,126.21,1.38
EP038,2024-04-12,12,98.9,138.24,0.69
EP039,2024-04-12,12,95.72,150.94,1.07
EP040,2024-04-12,12,97.58,129.76,0.61
EP026,2024-04-12,13,90.46,155.27,1.54
EP034,2024-04-12,13,95.89,158.82,1.67
EP035,2024-04-12,13,98.17,125.5,1.11
EP036,2024-04-12,13,96.3,116.19,1.24
EP038,2024-04-12,13,98.2,143.44,0.75
EP039,2024-04-12,13,95.29,154.71,1.06
EP040,2024-04-12,13,96.91,135.69,0.78
EP026,2024-04-12,14,95.67,161.04,0.83
EP034,2024-04-12,14,97.25,154.61,1.19
EP035,2024-04-12,14,97.48,128.44,1.37
EP036,2024-04-12,14,94.0,105.85,1.23
EP038,2024-04-12,14,97.52,147.71,1.26
EP039,2024-04-12,14,94.89,161.65,1.06
EP040,2024-04-12,14,97.16,135.67,0.76
EP026,2024-04-12,15,96.12,155.49,1.17
EP034,2024-04-12,15,98.21,147.79,0.77
EP035,2024-04-12,15,96.38,114.51,1.7
EP036,2024-04-12,15,96.51,116.07,0.99
EP038,2024-04-12,15,97.24,141.22,0.93
EP039,2024-04-12,15,96.43,159.02,0.93
EP040,2024-04-12,15,96.24,146.44,0.83
EP026,2024-04-12,16,94.55,152.83,1.38
EP034,2024-04-12,16,96.6,147.62,0.93
EP035,2024-04-12,16,96.18,123.02,2.07
EP036,2024-04-12,16,96.91,115.33,1.26
EP038,2024-04-12,16,96.7,147.04,0.98
EP039,2024-04-12,16,96.45,149.59,0.81
EP040,2024-04-12,16,96.51,152.38,0.83
EP026,2024-04-12,17,93.48,160.96,0.93
EP034,2024-04-12,17,98.78,147.57,0.97
EP035,2024-04-12,17,95.65,131.69,2.23
EP036,2024-04-12,17,94.82,120.31,1.66
EP039,2024-04-12,17,97.1,151.88,0.82
EP040,2024-04-12,17,97.63,129.04,0.83
EP026,2024-04-12,18,92.78,153.1,0.97
EP034,2024-04-12,18,98.1,151.47,1.23
EP035,2024-04-12,18,95.23,138.62,1.32
EP036,2024-04-12,18,97.06,144.9,1.58
EP039,2024-04-12,18,95.8,148.32,0.83
EP040,2024-04-12,18,98.69,133.79,0.57
EP041,2024-04-12,18,96.02,148.18,1.47
EP026,2024-04-12,19,94.25,147.15,1.31
EP034,2024-04-12,19,99.04,148.5,1.05
EP035,2024-04-12,19,97.0,137.23,1.62
EP036,2024-04-12,19,95.78,133.44,2.29
EP039,2024-04-12,19,94.23,153.68,1.47
EP040,2024-04-12,19,98.24,133.82,0.61
EP041,2024-04-12,19,96.19,147.72,1.35
EP026,2024-04-12,20,91.68,157.14,1.5
EP034,2024-04-12,20,98.53,145.78,1.1
EP035,2024-04-12,20,96.81,136.79,1.61
EP036,2024-04-12,20,97.39,127.71,1.14
EP039,2024-04-12,20,94.02,156.92,1.6
EP040,2024-04-12,20,98.38,138.56,0.56
EP041,2024-04-12,20,98.0,142.82,1.24
EP026,2024-04-12,21,97.71,153.9,0.99
EP034,2024-04-12,21,99.54,149.98,0.88
EP035,2024-04-12,21,96.36,126.13,1.83
EP036,2024-04-12,21,99.48,116.88,0.74
EP036,2024-04-12,21,99.48,116.88,0.74
EP039,2024-04-12,21,94.0,160.77,1.72
EP040,2024-04-12,21,97.96,141.51,0.75
EP041,2024-04-12,21,99.47,136.94,0.59
EP026,2024-04-12,22,93.2,166.74,1.16
EP034,2024-04-12,22,98.44,147.56,1.1
EP035,2024-04-12,22,97.82,121.89,1.39
EP036,2024-04-12,22,96.59,112.18,1.23
EP039,2024-04-12,22,94.24,158.65,1.58
EP040,2024-04-12,22,98.08,146.88,0.62
EP041,2024-04-12,22,99.68,133.47,0.6
EP026,2024-04-12,23,95.7,148.67,1.2
EP034,2024-04-12,23,97.78,151.47,1.09
EP035,2024-04-12,23,95.56,123.61,1.44
EP036,2024-04-12,23,94.49,109.82,1.52
EP039,2024-04-12,23,94.29,162.57,1.73
EP040,2024-04-12,23,98.27,144.36,0.66
EP041,2024-04-12,23,99.67,140.92,0.66
EP026,2024-04-13,0,95.52,146.11,1.32
EP034,2024-04-13,0,98.96,147.76,0.98
EP035,2024-04-13,0,94.7,128.74,1.86
EP036,2024-04-13,0,96.33,127.25,1.1
EP039,2024-04-13,0,98.28,160.33,0.92
EP040,2024-04-13,0,98.18,139.16,0.61
EP041,2024-04-13,0,99.71,144.08,1.23
EP026,2024-04-13,1,93.82,148.67,1.55
EP034,2024-04-13,1,98.91,148.39,1.12
EP035,2024-04-13,1,95.5,134.9,1.84
EP036,2024-04-13,1,97.77,135.92,1.07
EP039,2024-04-13,1,97.31,161.85,0.94
EP040,2024-04-13,1,97.35,140.08,0.65
EP041,2024-04-13,1,99.1,145.54,0.96
EP026,2024-04-13,2,93.68,151.2,1.28
EP034,2024-04-13,2,98.87,161.26,1.36
EP035,2024-04-13,2,95.71,136.22,2.36
EP036,2024-04-13,2,96.81,119.27,1.23
EP039,2024-04-13,2,97.13,168.83,1.15
EP040,2024-04-13,2,96.44,146.12,0.75
EP041,2024-04-13,2,99.4,149.22,0.79
EP026,2024-04-13,3,93.77,155.77,1.39
EP034,2024-04-13,3,99.85,160.87,1.06
EP035,2024-04-13,3,95.57,140.98,1.77
EP036,2024-04-13,3,96.98,124.77,1.02
EP039,2024-04-13,3,97.19,172.6,1.18
EP040,2024-04-13,3,96.15,153.0,0.67
EP041,2024-04-13,3,98.7,156.19,0.97
EP026,2024-04-13,4,94.32,152.77,1.36
EP034,2024-04-13,4,99.2,156.25,1.13
EP035,2024-04-13,4,96.74,149.63,1.91
EP036,2024-04-13,4,96.61,120.93,0.97
EP039,2024-04-13,4,98.36,187.11,1.06
EP040,2024-04-13,4,,163.78,0.88
EP041,2024-04-13,4,99.47,148.51,0.86
EP026,2024-04-13,5,90.22,159.48,1.46
EP034,2024-04-13,5,99.31,156.18,1.27
EP035,2024-04-13,5,96.36,145.81,1.38
EP036,2024-04-13,5,96.84,132.51,1.39
EP039,2024-04-13,5,98.65,170.24,0.74
EP040,2024-04-13,5,96.85,154.94,
EP041,2024-04-13,5,99.8,148.26,0.74
EP026,2024-04-13,6,92.06,173.52,0.85
EP034,2024-04-13,6,98.55,159.23,1.06
EP035,2024-04-13,6,94.84,137.35,1.68
EP036,2024-04-13,6,96.71,136.76,1.4
EP039,2024-04-13,6,98.02,161.75,0.69
EP040,2024-04-13,6,96.98,150.6,0.66
EP041,2024-04-13,6,99.73,146.65,0.51
EP026,2024-04-13,7,88.74,164.91,1.0
EP034,2024-04-13,7,97.88,155.02,1.18
EP035,2024-04-13,7,95.41,141.9,1.81
EP036,2024-04-13,7,94.1,134.5,1.94
EP039,2024-04-13,7,96.74,155.51,0.6
EP040,2024-04-13,7,96.65,147.28,0.91
EP041,2024-04-13,7,99.95,133.77,0.54
EP026,2024-04-13,8,95.89,157.16,0.66
EP034,2024-04-13,8,98.41,148.02,1.08
EP035,2024-04-13,8,95.34,150.89,1.5
EP036,2024-04-13,8,94.8,152.66,1.62
EP039,2024-04-13,8,95.76,158.5,0.82
EP040,2024-04-13,8,96.02,143.13,0.92
EP041,2024-04-13,8,99.98,146.57,0.52
EP026,2024-04-13,9,95.56,151.1,0.71
EP034,2024-04-13,9,97.68,153.96,0.99
EP035,2024-04-13,9,95.79,155.38,2.09
EP036,2024-04-13,9,96.73,141.02,1.11
EP039,2024-04-13,9,96.18,165.56,1.07
EP040,2024-04-13,9,95.42,153.21,0.65
EP041,2024-04-13,9,99.38,151.5,0.54
EP026,2024-04-13,10,90.6,148.77,0.69
EP034,2024-04-13,10,98.52,154.4,1.16
EP035,2024-04-13,10,97.9,143.48,1.29
EP036,2024-04-13,10,97.65,137.31,1.05
EP039,2024-04-13,10,97.61,168.61,0.99
EP040,2024-04-13,10,96.57,156.72,0.9
EP041,2024-04-13,10,99.98,140.6,0.45
EP026,2024-04-13,11,91.41,148.36,0.66
EP034,2024-04-13,11,97.71,154.52,0.98
EP035,2024-04-13,11,98.13,127.42,1.36
EP036,2024-04-13,11,98.33,111.76,0.76
EP039,2024-04-13,11,97.43,166.35,1.02
EP040,2024-04-13,11,97.37,147.37,0.97
EP041,2024-04-13,11,99.95,138.22,0.44
EP026,2024-04-13,12,91.56,154.33,0.68
EP034,2024-04-13,12,97.55,151.69,1.1
EP035,2024-04-13,12,97.73,129.59,1.2
EP036,2024-04-13,12,98.0,110.83,0.73
EP039,2024-04-13,12,96.94,154.42,0.98
EP040,2024-04-13,12,97.34,147.74,1.03
EP041,2024-04-13,12,99.87,132.87,0.45
EP026,2024-04-13,13,89.91,159.72,0.79
EP034,2024-04-13,13,99.15,143.07,0.89
EP035,2024-04-13,13,94.18,164.95,2.4
EP036,2024-04-13,13,99.04,129.21,0.54
EP039,2024-04-13,13,96.9,145.06,1.16
EP040,2024-04-13,13,97.34,150.5,1.36
EP041,2024-04-13,13,99.93,131.71,0.49
EP026,2024-04-13,14,92.16,155.03,0.9
EP034,2024-04-13,14,98.68,140.83,0.88
EP035,2024-04-13,14,96.2,141.4,1.28
EP036,2024-04-13,14,98.42,123.22,0.77
EP039,2024-04-13,14,96.76,147.36,1.25
EP040,2024-04-13,14,97.32,154.68,1.21
EP041,2024-04-13,14,100.0,134.72,0.59
EP026,2024-04-13,15,95.23,156.47,0.87
EP034,2024-04-13,15,97.92,139.9,1.28
EP035,2024-04-13,15,96.63,161.16,1.43
EP036,2024-04-13,15,95.82,152.43,1.15
EP039,2024-04-13,15,97.59,150.49,1.58
EP040,2024-04-13,15,96.93,150.64,1.07
EP041,2024-04-13,15,100.0,133.6,0.44
EP026,2024-04-13,16,91.36,160.0,0.8
EP034,2024-04-13,16,98.16,137.61,1.41
EP035,2024-04-13,16,95.94,162.92,1.61
EP035,2024-04-13,16,95.94,162.92,1.61
EP036,2024-04-13,16,95.2,135.43,1.05
EP039,2024-04-13,16,97.54,151.48,1.62
EP040,2024-04-13,16,97.62,143.68,0.79
EP041,2024-04-13,16,99.92,129.88,0.48
EP026,2024-04-13,17,94.67,158.74,0.78
EP034,2024-04-13,17,96.94,153.4,1.1
EP035,2024-04-13,17,97.4,155.0,1.48
EP036,2024-04-13,17,95.11,135.27,1.76
EP039,2024-04-13,17,97.38,150.58,1.73
EP040,2024-04-13,17,96.44,153.11,1.31
EP041,2024-04-13,17,99.83,135.31,0.47
EP041,2024-04-13,17,99.83,135.31,0.47
EP026,2024-04-13,18,97.56,148.69,0.82
EP034,2024-04-13,18,96.11,147.11,1.06
EP035,2024-04-13,18,97.88,125.31,1.06
EP036,2024-04-13,18,94.09,132.84,1.4
EP039,2024-04-13,18,97.52,152.06,2.05
EP040,2024-04-13,18,98.55,144.57,0.45
EP041,2024-04-13,18,99.98,137.13,0.61
EP026,2024-04-13,19,97.61,144.73,0.76
EP034,2024-04-13,19,98.68,132.89,1.08
EP035,2024-04-13,19,97.04,126.33,1.53
EP036,2024-04-13,19,95.19,129.6,0.91
EP039,2024-04-13,19,97.32,157.0,2.19
EP040,2024-04-13,19,98.61,143.55,0.46
EP041,2024-04-13,19,99.96,134.0,0.52
EP042,2024-04-13,19,97.87,122.62,1.69
EP043,2024-04-13,19,92.86,146.78,1.41
EP026,2024-04-13,20,93.23,150.42,0.7
EP034,2024-04-13,20,98.41,139.67,1.16
EP035,2024-04-13,20,97.39,140.85,1.54
EP036,2024-04-13,20,95.68,135.36,0.87
EP039,2024-04-13,20,96.83,158.15,2.13
EP040,2024-04-13,20,98.55,144.83,0.42
EP041,2024-04-13,20,99.35,136.81,0.72
EP042,2024-04-13,20,96.65,128.22,1.53
EP043,2024-04-13,20,93.52,144.46,1.45
EP026,2024-04-13,21,94.67,152.71,0.82
EP034,2024-04-13,21,96.28,146.19,1.03
EP035,2024-04-13,21,98.55,137.94,0.97
EP036,2024-04-13,21,94.71,126.31,0.8
EP039,2024-04-13,21,96.91,156.83,2.28
EP040,2024-04-13,21,98.02,146.08,0.44
EP041,2024-04-13,21,99.5,133.65,0.7
EP042,2024-04-13,21,96.63,132.18,1.36
EP043,2024-04-13,21,94.58,139.26,1.37
EP026,2024-04-13,22,93.48,160.27,0.89
EP034,2024-04-13,22,97.5,146.06,1.22
EP035,2024-04-13,22,96.44,169.88,1.47
EP036,2024-04-13,22,95.7,139.11,1.2
EP039,2024-04-13,22,96.36,178.16,2.27
EP040,2024-04-13,22,97.67,156.37,0.92
EP041,2024-04-13,22,99.59,139.54,0.86
EP042,2024-04-13,22,93.98,136.52,1.4
EP043,2024-04-13,22,94.68,142.51,1.26
EP026,2024-04-13,23,95.08,148.76,1.21
EP034,2024-04-13,23,97.63,145.28,1.16
EP035,2024-04-13,23,95.97,143.88,1.99
EP036,2024-04-13,23,95.32,140.0,1.36
EP039,2024-04-13,23,97.09,155.31,1.31
EP040,2024-04-13,23,96.92,143.69,1.08
EP041,2024-04-13,23,99.29,139.21,1.25
EP042,2024-04-13,23,91.37,144.5,0.94
EP043,2024-04-13,23,93.08,148.06,1.01
EP026,2024-04-14,0,91.98,145.91,1.42
EP034,2024-04-14,0,96.95,147.26,1.26
EP035,2024-04-14,0,95.95,141.69,2.15
EP036,2024-04-14,0,95.38,137.4,1.27
EP039,2024-04-14,0,96.98,155.64,1.5
EP040,2024-04-14,0,96.23,141.02,0.8
EP041,2024-04-14,0,99.7,135.24,0.94
EP042,2024-04-14,0,92.44,134.23,0.55
EP043,2024-04-14,0,93.9,147.98,0.83
EP026,2024-04-14,1,92.06,154.29,1.0
EP034,2024-04-14,1,97.44,154.47,1.09
EP035,2024-04-14,1,96.35,127.02,2.27
EP036,2024-04-14,1,92.83,134.57,1.29
EP039,2024-04-14,1,96.68,157.73,1.44
EP040,2024-04-14,1,95.76,155.1,0.98
EP041,2024-04-14,1,99.62,129.0,1.01
EP042,2024-04-14,1,92.98,129.92,0.5
EP043,2024-04-14,1,96.23,147.83,0.68
EP026,2024-04-14,2,94.98,152.22,0.78
EP034,2024-04-14,2,95.88,151.57,1.25
EP035,2024-04-14,2,97.18,129.08,1.94
EP036,2024-04-14,2,91.54,123.8,1.01
EP039,2024-04-14,2,97.16,171.14,1.46
EP040,2024-04-14,2,95.88,147.5,0.75
EP041,2024-04-14,2,99.6,140.33,0.84
EP042,2024-04-14,2,92.65,127.9,0.52
EP043,2024-04-14,2,96.48,150.69,0.69
EP026,2024-04-14,3,95.38,150.06,1.09
EP034,2024-04-14,3,97.39,150.41,0.99
EP035,2024-04-14,3,97.35,142.65,1.75
EP036,2024-04-14,3,91.25,125.24,0.81
EP039,2024-04-14,3,98.02,169.94,-0.5
EP040,2024-04-14,3,95.89,152.07,0.93
EP041,2024-04-14,3,99.46,143.67,1.22
EP042,2024-04-14,3,93.84,126.08,0.33
EP043,2024-04-14,3,96.57,145.41,0.61
EP026,2024-04-14,4,95.77,151.02,1.46
EP034,2024-04-14,4,97.55,150.18,1.04
EP035,2024-04-14,4,96.63,145.83,1.53
EP036,2024-04-14,4,91.85,126.81,0.72
EP039,2024-04-14,4,97.82,163.43,1.05
EP040,2024-04-14,4,96.66,158.52,1.09
EP041,2024-04-14,4,99.81,145.13,1.22
EP042,2024-04-14,4,93.72,125.84,0.31
EP043,2024-04-14,4,96.52,142.63,0.6
EP026,2024-04-14,5,95.24,156.27,1.19
EP034,2024-04-14,5,97.78,155.0,1.02
EP035,2024-04-14,5,96.98,135.26,1.42
EP036,2024-04-14,5,92.78,130.0,0.85
EP039,2024-04-14,5,98.62,151.26,0.99
EP040,2024-04-14,5,96.97,144.46,0.85
EP041,2024-04-14,5,99.3,147.2,0.81
EP042,2024-04-14,5,92.57,120.76,0.44
EP043,2024-04-14,5,97.2,138.73,0.56
EP026,2024-04-14,6,92.28,,1.24
EP034,2024-04-14,6,97.14,157.84,1.18
EP035,2024-04-14,6,96.33,137.93,1.66
EP036,2024-04-14,6,94.4,141.53,1.17
EP039,2024-04-14,6,97.29,146.51,0.97
EP040,2024-04-14,6,96.66,144.02,0.93
EP041,2024-04-14,6,99.88,144.23,1.06
EP042,2024-04-14,6,94.2,122.46,0.48
EP043,2024-04-14,6,96.34,143.3,0.91
EP026,2024-04-14,7,93.14,160.14,1.74
EP034,2024-04-14,7,95.92,161.39,1.12
EP035,2024-04-14,7,96.85,158.59,2.1
EP036,2024-04-14,7,,117.91,0.83
EP039,2024-04-14,7,96.66,149.11,1.4
EP040,2024-04-14,7,96.56,147.75,0.93
EP041,2024-04-14,7,99.43,137.06,1.32
EP042,2024-04-14,7,93.82,117.68,0.37
EP043,2024-04-14,7,93.98,133.12,0.75
EP026,2024-04-14,8,88.77,166.7,0.89
EP034,2024-04-14,8,93.11,164.43,0.96
EP035,2024-04-14,8,97.48,146.0,1.26
EP036,2024-04-14,8,94.76,112.1,0.81
EP039,2024-04-14,8,96.91,149.55,1.31
EP040,2024-04-14,8,96.25,153.9,1.28
EP041,2024-04-14,8,98.05,139.61,0.74
EP042,2024-04-14,8,94.98,122.08,0.56
EP043,2024-04-14,8,96.34,134.13,0.71
EP026,2024-04-14,9,101,160.71,1.14
EP034,2024-04-14,9,97.3,162.3,0.83
EP035,2024-04-14,9,95.87,135.02,1.6
EP036,2024-04-14,9,94.02,135.58,0.98
EP039,2024-04-14,9,97.0,,1.27
EP040,2024-04-14,9,96.51,150.53,0.98
EP041,2024-04-14,9,99.41,129.9,0.57
EP042,2024-04-14,9,95.38,114.31,0.76
EP043,2024-04-14,9,93.86,139.76,0.64
EP026,2024-04-14,10,89.3,156.54,1.42
EP034,2024-04-14,10,96.29,147.74,1.3
EP034,2024-04-14,10,96.29,147.74,1.3
EP035,2024-04-14,10,96.02,132.53,2.26
EP036,2024-04-14,10,95.96,117.56,0.65
EP039,2024-04-14,10,96.59,161.46,1.62
EP040,2024-04-14,10,96.04,153.0,0.98
EP041,2024-04-14,10,99.41,129.2,0.77
EP042,2024-04-14,10,95.19,116.49,0.81
EP043,2024-04-14,10,94.32,134.09,0.61
EP026,2024-04-14,11,92.79,156.25,0.85
EP034,2024-04-14,11,96.04,134.48,1.33
EP035,2024-04-14,11,96.62,138.31,2.21
EP036,2024-04-14,11,95.04,117.43,0.69
EP039,2024-04-14,11,99.59,145.22,0.73
EP040,2024-04-14,11,98.19,146.58,0.65
EP041,2024-04-14,11,99.88,,0.86
EP042,2024-04-14,11,95.49,126.02,0.82
EP043,2024-04-14,11,92.8,140.39,1.08
EP026,2024-04-14,12,87.11,156.41,0.89
EP034,2024-04-14,12,97.18,138.93,1.15
EP035,2024-04-14,12,96.45,152.4,1.97
EP036,2024-04-14,12,93.9,143.06,1.3
EP039,2024-04-14,12,98.53,138.45,0.8
EP040,2024-04-14,12,97.7,138.72,0.73
EP041,2024-04-14,12,99.35,137.18,0.78
EP042,2024-04-14,12,96.14,118.63,0.61
EP043,2024-04-14,12,91.57,135.6,2.3
EP026,2024-04-14,13,92.06,153.78,0.76
EP034,2024-04-14,13,96.13,140.51,1.24
EP035,2024-04-14,13,95.53,151.94,1.59
EP036,2024-04-14,13,95.81,138.88,1.22
EP039,2024-04-14,13,98.21,139.27,0.9
EP040,2024-04-14,13,98.65,142.82,0.66
EP041,2024-04-14,13,99.87,141.6,0.59
EP042,2024-04-14,13,94.55,117.27,1.04
EP043,2024-04-14,13,91.8,139.95,2.14
EP043,2024-04-14,13,91.8,139.95,2.14
EP026,2024-04-14,14,91.47,151.8,0.97
EP034,2024-04-14,14,96.9,"138,29",1.24
EP035,2024-04-14,14,95.43,159.93,1.63
EP036,2024-04-14,14,91.43,134.2,1.47
EP039,2024-04-14,14,97.33,149.36,1.29
EP040,2024-04-14,14,98.45,,0.65
EP041,2024-04-14,14,99.57,137.0,0.58
EP042,2024-04-14,14,94.54,118.59,0.91
EP043,2024-04-14,14,92.0,140.89,2.14
EP026,2024-04-14,15,95.44,150.94,1.34
EP034,2024-04-14,15,97.68,135.68,1.06
EP035,2024-04-14,15,95.5,132.05,1.72
EP036,2024-04-14,15,94.33,130.21,0.82
EP039,2024-04-14,15,96.35,144.35,1.19
EP040,2024-04-14,15,,158.17,1.3
EP041,2024-04-14,15,99.04,148.96,1.38
EP042,2024-04-14,15,94.84,116.12,0.83
EP043,2024-04-14,15,92.52,135.72,1.59
EP026,2024-04-14,16,94.73,160.6,1.3
EP034,2024-04-14,16,96.86,137.96,1.38
EP035,2024-04-14,16,94.53,145.09,1.73
EP036,2024-04-14,16,94.98,133.13,1.09
EP039,2024-04-14,16,97.77,142.51,1.52
EP040,2024-04-14,16,96.83,148.98,0.69
EP041,2024-04-14,16,99.83,134.83,0.69
EP042,2024-04-14,16,95.19,119.9,0.76
EP043,2024-04-14,16,92.41,135.84,1.78
EP026,2024-04-14,17,90.85,169.96,0.8
EP034,2024-04-14,17,95.57,145.78,1.25
EP035,2024-04-14,17,95.66,145.7,1.35
EP036,2024-04-14,17,94.2,120.27,0.68
EP039,2024-04-14,17,96.91,152.19,2.07
EP040,2024-04-14,17,97.2,146.16,0.62
EP041,2024-04-14,17,98.55,138.92,0.85
EP042,2024-04-14,17,95.21,113.92,0.79
EP043,2024-04-14,17,92.02,136.58,1.92
EP026,2024-04-14,18,93.51,158.36,0.82
EP034,2024-04-14,18,95.98,148.05,1.14
EP035,2024-04-14,18,96.35,153.53,1.11
EP036,2024-04-14,18,92.33,148.9,1.67
EP039,2024-04-14,18,97.91,150.06,1.41
EP040,2024-04-14,18,96.59,145.96,0.83
EP041,2024-04-14,18,99.56,140.29,1.0
EP042,2024-04-14,18,94.42,124.29,0.88
EP043,2024-04-14,18,93.16,139.95,1.12
EP026,2024-04-14,19,92.52,152.04,0.92
EP034,2024-04-14,19,95.3,146.98,-1
EP035,2024-04-14,19,96.35,136.67,1.35
EP036,2024-04-14,19,95.88,134.78,0.62
EP039,2024-04-14,19,97.13,145.33,1.67
EP040,2024-04-14,19,94.04,160.94,2.47
EP041,2024-04-14,19,99.98,133.9,0.69
EP042,2024-04-14,19,94.27,117.96,1.18
EP043,2024-04-14,19,94.18,132.73,1.23
EP026,2024-04-14,20,94.47,145.12,0.84
EP034,2024-04-14,20,96.36,145.31,1.01
EP035,2024-04-14,20,96.14,134.48,1.55
EP036,2024-04-14,20,95.42,121.6,0.62
EP039,2024-04-14,20,96.22,150.57,2.26
EP040,2024-04-14,20,95.98,145.02,1.05
EP041,2024-04-14,20,99.82,129.64,0.98
EP042,2024-04-14,20,95.11,115.2,1.03
EP043,2024-04-14,20,92.73,140.29,1.25
EP026,2024-04-14,21,89.78,158.31,0.91
EP034,2024-04-14,21,96.49,156.35,0.87
EP035,2024-04-14,21,95.31,156.83,2.07
EP036,2024-04-14,21,95.18,124.35,1.08
EP039,2024-04-14,21,96.44,152.92,2.04
EP039,2024-04-14,21,96.44,152.92,2.04
EP040,2024-04-14,21,95.51,144.89,0.78
EP041,2024-04-14,21,99.81,132.52,0.96
EP042,2024-04-14,21,94.25,118.98,1.28
EP043,2024-04-14,21,92.74,147.41,1.32
EP026,2024-04-14,22,94.1,148.14,1.15
EP034,2024-04-14,22,92.3,158.78,1.29
EP035,2024-04-14,22,94.09,153.79,2.18
EP036,2024-04-14,22,98.33,125.98,0.63
EP039,2024-04-14,22,96.67,152.29,2.14
EP040,2024-04-14,22,95.29,400,0.99
EP041,2024-04-14,22,99.86,128.98,0.77
EP042,2024-04-14,22,94.84,118.33,1.27
EP043,2024-04-14,22,93.9,148.58,1.19
EP026,2024-04-14,23,95.47,152.98,1.54
EP034,2024-04-14,23,98.33,133.98,0.92
EP035,2024-04-14,23,90.76,138.65,2.53
EP036,2024-04-14,23,98.11,121.09,0.63
EP039,2024-04-14,23,95.68,156.82,2.51
EP040,2024-04-14,23,98.15,149.35,0.93
EP041,2024-04-14,23,99.3,136.57,50
EP042,2024-04-14,23,94.13,121.79,1.11
EP043,2024-04-14,23,86.67,142.67,1.64
EP026,2024-04-15,0,97.0,146.85,2.13
EP034,2024-04-15,0,97.56,141.4,0.93
EP035,2024-04-15,0,94.39,133.63,1.88
EP036,2024-04-15,0,98.34,128.23,0.7
EP039,2024-04-15,0,95.73,146.29,1.9
EP040,2024-04-15,0,97.42,147.89,1.14
EP041,2024-04-15,0,99.84,159.59,1.49
EP042,2024-04-15,0,94.31,125.07,1.32
EP043,2024-04-15,0,95.55,148.6,1.77
EP026,2024-04-15,1,96.83,147.09,1.85
EP034,2024-04-15,1,95.88,151.55,1.22
EP035,2024-04-15,1,94.84,142.91,2.21
EP036,2024-04-15,1,95.76,133.1,1.39
EP039,2024-04-15,1,95.59,150.06,1.48
EP040,2024-04-15,1,96.77,152.23,1.28
EP041,2024-04-15,1,99.67,145.07,1.06
EP042,2024-04-15,1,94.27,126.38,1.26
EP043,2024-04-15,1,96.62,148.82,2.98
EP026,2024-04-15,2,93.74,174.14,1.58
EP034,2024-04-15,2,96.91,148.96,0.92
EP035,2024-04-15,2,93.88,132.98,2.96
EP036,2024-04-15,2,95.42,129.64,2.08
EP039,2024-04-15,2,95.32,149.32,2.09
EP040,2024-04-15,2,96.67,153.63,1.31
EP041,2024-04-15,2,98.0,136.07,1.6
EP042,2024-04-15,2,95.42,122.1,1.13
EP043,2024-04-15,2,98.79,153.49,2.24
EP026,2024-04-15,3,98.22,157.78,1.07
EP034,2024-04-15,3,97.23,153.52,1.01
EP035,2024-04-15,3,93.24,149.69,2.16
EP036,2024-04-15,3,96.41,135.45,0.93
EP039,2024-04-15,3,94.45,148.37,2.33
EP040,2024-04-15,3,96.38,176.58,1.74
EP041,2024-04-15,3,99.04,142.89,1.48
EP042,2024-04-15,3,96.06,119.2,1.07
EP043,2024-04-15,3,95.87,157.13,2.37
EP026,2024-04-15,4,93.71,155.47,1.07
EP034,2024-04-15,4,96.47,157.67,1.0
EP035,2024-04-15,4,92.73,144.34,1.66
EP036,2024-04-15,4,97.98,142.24,0.69
EP039,2024-04-15,4,94.68,157.47,2.64
EP040,2024-04-15,4,97.39,157.41,1.1
EP041,2024-04-15,4,99.6,148.93,1.27
EP042,2024-04-15,4,95.79,120.34,1.15
EP043,2024-04-15,4,95.64,150.07,2.7
EP026,2024-04-15,5,93.19,147.37,0.91
EP034,2024-04-15,5,96.55,163.59,0.81
EP035,2024-04-15,5,95.75,156.78,2.18
EP036,2024-04-15,5,96.43,136.76,0.86
EP039,2024-04-15,5,94.19,164.06,1.82
EP040,2024-04-15,5,97.09,143.69,1.2
EP041,2024-04-15,5,99.19,136.09,1.35
EP042,2024-04-15,5,96.62,115.89,1.0
EP043,2024-04-15,5,97.19,146.51,2.3
EP026,2024-04-15,6,94.44,158.0,0.82
EP034,2024-04-15,6,97.53,154.36,0.79
EP035,2024-04-15,6,96.95,161.05,1.23
EP036,2024-04-15,6,98.88,146.94,0.72
EP039,2024-04-15,6,95.45,161.19,1.44
EP040,2024-04-15,6,96.7,147.09,1.15
EP041,2024-04-15,6,99.0,153.87,-1
EP042,2024-04-15,6,95.63,,1.0
EP043,2024-04-15,6,94.38,144.38,2.42
EP026,2024-04-15,7,95.02,144.23,0.91
EP034,2024-04-15,7,98.04,143.78,0.88
EP035,2024-04-15,7,98.65,144.45,1.07
EP036,2024-04-15,7,97.43,148.82,1.08
EP039,2024-04-15,7,95.43,139.1,1.01
EP040,2024-04-15,7,97.85,145.24,0.77
EP041,2024-04-15,7,99.6,155.72,0.75
EP042,2024-04-15,7,96.81,110.26,0.82
EP043,2024-04-15,7,96.65,139.06,2.75
EP026,2024-04-15,8,90.83,152.48,0.91
EP034,2024-04-15,8,95.46,144.34,1.07
EP035,2024-04-15,8,95.28,138.26,1.89
EP036,2024-04-15,8,95.85,144.08,1.04
EP039,2024-04-15,8,94.27,148.52,1.35
EP040,2024-04-15,8,96.89,142.76,0.85
EP041,2024-04-15,8,99.65,153.46,1.06
EP042,2024-04-15,8,97.17,108.11,0.69
EP043,2024-04-15,8,96.56,136.73,2.44
EP026,2024-04-15,9,97.92,148.08,0.9
EP034,2024-04-15,9,95.36,156.11,0.93
EP035,2024-04-15,9,96.9,140.33,1.68
EP036,2024-04-15,9,96.0,134.0,1.09
EP039,2024-04-15,9,95.66,149.78,1.28
EP040,2024-04-15,9,96.72,147.83,1.08
EP041,2024-04-15,9,99.31,147.96,0.66
EP042,2024-04-15,9,95.0,110.51,0.66
EP043,2024-04-15,9,95.5,139.83,2.44
EP026,2024-04-15,10,95.86,149.98,1.05
EP034,2024-04-15,10,96.88,157.58,1.04
EP035,2024-04-15,10,96.91,145.0,1.38
EP036,2024-04-15,10,97.33,139.4,0.76
EP039,2024-04-15,10,96.4,151.52,1.03
EP040,2024-04-15,10,97.23,159.06,0.93
EP041,2024-04-15,10,99.17,135.3,0.77
EP042,2024-04-15,10,94.55,112.66,0.59
EP043,2024-04-15,10,82.19,128.92,1.28
EP026,2024-04-15,11,98.02,156.18,2.08
EP034,2024-04-15,11,97.27,144.11,1.03
EP035,2024-04-15,11,96.8,145.28,1.36
EP036,2024-04-15,11,99.02,122.98,0.66
EP039,2024-04-15,11,96.63,151.69,1.2
EP040,2024-04-15,11,97.33,150.66,1.07
EP041,2024-04-15,11,97.41,139.85,0.84
EP042,2024-04-15,11,95.25,107.98,0.58
EP026,2024-04-15,12,96.86,153.98,2.0
EP034,2024-04-15,12,96.41,140.12,1.4
EP035,2024-04-15,12,96.24,144.11,1.34
EP036,2024-04-15,12,98.45,129.38,0.61
EP039,2024-04-15,12,97.29,139.73,1.15
EP040,2024-04-15,12,97.22,146.09,1.02
EP041,2024-04-15,12,99.06,148.44,0.8
EP042,2024-04-15,12,93.02,121.04,0.89
EP026,2024-04-15,13,96.19,167.13,1.67
EP034,2024-04-15,13,96.7,146.36,1.39
EP035,2024-04-15,13,96.86,153.56,1.36
EP036,2024-04-15,13,99.52,134.64,0.6
EP039,2024-04-15,13,96.6,147.77,1.53
EP040,2024-04-15,13,97.5,142.52,0.87
EP041,2024-04-15,13,99.85,137.12,0.8
EP042,2024-04-15,13,92.71,126.65,1.38
EP026,2024-04-15,14,92.65,169.07,1.11
EP034,2024-04-15,14,94.56,145.11,1.43
EP035,2024-04-15,14,98.78,169.71,1.75
EP036,2024-04-15,14,98.16,123.9,0.72
EP039,2024-04-15,14,96.17,163.28,1.56
EP040,2024-04-15,14,97.85,144.26,0.76
EP042,2024-04-15,14,93.04,120.2,1.46
EP026,2024-04-15,15,92.33,153.04,1.27
EP034,2024-04-15,15,95.24,153.02,1.24
EP035,2024-04-15,15,98.98,157.65,0.98
EP036,2024-04-15,15,98.11,132.53,1.1
EP039,2024-04-15,15,97.69,164.25,1.33
EP040,2024-04-15,15,97.3,149.93,1.09
EP042,2024-04-15,15,91.96,123.14,1.37
EP026,2024-04-15,16,95.42,147.3,1.42
EP034,2024-04-15,16,94.14,147.28,1.24
EP035,2024-04-15,16,96.16,157.43,2.05
EP036,2024-04-15,16,97.7,140.48,1.4
EP039,2024-04-15,16,96.87,159.89,1.27
EP040,2024-04-15,16,97.57,148.89,0.62
EP042,2024-04-15,16,93.78,135.29,1.72
EP026,2024-04-15,17,93.3,143.7,1.88
EP034,2024-04-15,17,95.15,145.38,1.46
EP034,2024-04-15,17,95.15,145.38,1.46
EP035,2024-04-15,17,98.59,143.65,1.5
EP036,2024-04-15,17,97.41,125.0,1.05
EP039,2024-04-15,17,97.59,166.78,1.21
EP040,2024-04-15,17,96.87,149.11,0.73
EP041,2024-04-15,17,94.1,146.48,1.54
EP042,2024-04-15,17,94.5,131.0,2.11
EP026,2024-04-15,18,94.27,152.34,1.8
EP034,2024-04-15,18,96.02,153.3,0.95
EP035,2024-04-15,18,97.84,142.45,1.8
EP036,2024-04-15,18,98.74,119.08,0.84
EP039,2024-04-15,18,97.13,143.23,0.84
EP040,2024-04-15,18,96.94,154.85,0.96
EP042,2024-04-15,18,93.24,135.18,1.95
EP044,2024-04-15,18,91.62,127.96,1.57
EP026,2024-04-15,19,92.3,151.57,1.81
EP034,2024-04-15,19,97.28,156.3,1.12
EP035,2024-04-15,19,97.39,137.43,1.83
EP036,2024-04-15,19,97.81,148.13,0.95
EP039,2024-04-15,19,96.73,149.86,0.96
EP040,2024-04-15,19,96.98,148.3,1.04
EP042,2024-04-15,19,92.42,160.12,"1,43"
EP044,2024-04-15,19,93.35,130.48,1.58
EP045,2024-04-15,19,93.88,135.44,1.63
EP026,2024-04-15,20,93.13,151.36,1.31
EP034,2024-04-15,20,97.77,155.77,1.03
EP035,2024-04-15,20,97.49,157.59,1.54
EP036,2024-04-15,20,97.83,126.56,0.81
EP039,2024-04-15,20,96.11,149.17,1.5
EP040,2024-04-15,20,96.83,142.85,0.91
EP042,2024-04-15,20,91.94,164.96,1.71
EP044,2024-04-15,20,95.0,130.21,1.74
EP045,2024-04-15,20,94.93,142.11,2.19
EP026,2024-04-15,21,91.36,158.25,1.45
EP034,2024-04-15,21,95.76,156.38,1.15
EP035,2024-04-15,21,97.7,139.42,0.98
EP036,2024-04-15,21,99.0,120.5,0.66
EP039,2024-04-15,21,96.13,154.38,1.56
EP040,2024-04-15,21,97.36,157.24,1.15
EP042,2024-04-15,21,92.73,159.18,1.8
EP044,2024-04-15,21,95.02,132.84,1.75
EP045,2024-04-15,21,94.91,142.37,2.06
EP026,2024-04-15,22,93.28,158.22,1.16
EP034,2024-04-15,22,96.79,147.8,1.41
EP035,2024-04-15,22,94.55,148.84,1.77
EP036,2024-04-15,22,98.86,135.66,0.84
EP039,2024-04-15,22,96.56,163.75,1.49
EP040,2024-04-15,22,96.67,152.37,1.09
EP042,2024-04-15,22,95.51,152.11,1.39
EP044,2024-04-15,22,95.7,135.66,1.7
EP045,2024-04-15,22,93.56,139.91,1.5
EP026,2024-04-15,23,97.77,152.02,0.94
EP034,2024-04-15,23,96.82,141.84,0.82
EP035,2024-04-15,23,95.35,132.38,1.68
EP036,2024-04-15,23,98.3,152.83,0.92
EP039,2024-04-15,23,97.18,161.07,1.31
EP040,2024-04-15,23,98.49,159.41,0.67
EP042,2024-04-15,23,95.06,147.41,1.14
EP044,2024-04-15,23,95.71,139.56,1.54
EP045,2024-04-15,23,94.02,141.62,1.49
EP026,2024-04-16,25,97.67,140.15,1.14
EP034,2024-04-16,0,97.22,153.24,1.15
EP035,2024-04-16,0,95.34,128.45,2.51
EP036,2024-04-16,0,98.59,137.63,0.66
EP039,2024-04-16,0,97.51,152.32,1.15
EP040,2024-04-16,0,97.83,156.06,0.64
EP042,2024-04-16,0,94.79,139.33,0.99
EP044,2024-04-16,0,96.08,139.39,2.56
EP045,2024-04-16,0,97.9,140.29,0.87
EP026,2024-04-16,1,96.81,140.52,1.28
EP034,2024-04-16,1,97.1,157.61,1.34
EP035,2024-04-16,1,96.04,153.71,2.21
EP036,2024-04-16,1,97.57,141.87,0.75
EP039,2024-04-16,1,97.18,154.08,1.46
EP040,2024-04-16,1,98.54,152.42,0.55
EP042,2024-04-16,1,93.94,132.27,1.19
EP044,2024-04-16,1,95.84,141.96,2.32
EP045,2024-04-16,1,97.13,149.72,0.91
EP026,2024-04-16,2,95.53,151.93,1.28
EP034,2024-04-16,2,96.57,153.74,1.35
EP035,2024-04-16,2,95.69,143.69,1.78
EP036,2024-04-16,2,98.64,139.75,0.64
EP039,2024-04-16,2,97.34,163.24,1.38
EP040,2024-04-16,2,98.4,157.21,0.61
EP042,2024-04-16,2,94.78,135.51,1.19
EP044,2024-04-16,2,95.59,144.67,2.28
EP045,2024-04-16,2,95.13,143.22,0.89
EP026,2024-04-16,3,93.7,148.7,1.26
EP034,2024-04-16,3,96.56,154.36,1.58
EP035,2024-04-16,3,96.63,139.72,1.97
EP036,2024-04-16,3,96.36,153.24,1.63
EP039,2024-04-16,3,97.59,162.69,1.35
EP040,2024-04-16,3,99.89,150.47,0.43
EP042,2024-04-16,3,94.65,135.46,1.18
EP044,2024-04-16,3,95.43,143.71,2.24
EP045,2024-04-16,3,95.69,138.61,0.79
EP026,2024-04-16,4,94.24,152.78,1.37
EP034,2024-04-16,4,95.63,158.46,1.59
EP035,2024-04-16,4,96.58,142.68,1.89
EP036,2024-04-16,4,94.33,134.1,2.05
EP039,2024-04-16,4,96.85,166.35,1.87
EP040,2024-04-16,4,99.52,152.75,0.48
EP042,2024-04-16,4,94.15,136.84,1.17
EP044,2024-04-16,4,96.07,146.37,2.27
EP044,2024-04-16,4,96.07,146.37,2.27
EP045,2024-04-16,4,95.32,151.27,0.96
EP026,2024-04-16,5,95.76,154.92,1.13
EP034,2024-04-16,5,93.98,161.5,1.74
EP035,2024-04-16,5,95.29,153.1,1.85
EP036,2024-04-16,5,93.74,128.6,1.94
EP039,2024-04-16,5,97.2,162.38,1.37
EP040,2024-04-16,5,99.84,152.16,0.42
EP042,2024-04-16,5,94.29,138.33,1.12
EP044,2024-04-16,5,95.16,143.1,2.09
EP045,2024-04-16,5,95.11,153.09,0.81
EP026,2024-04-16,6,93.06,156.15,0.73
EP034,2024-04-16,6,95.0,170.04,1.27
EP035,2024-04-16,6,95.38,173.34,1.86
EP036,2024-04-16,6,92.7,125.16,1.76
EP039,2024-04-16,6,98.42,164.69,1.03
EP040,2024-04-16,6,99.02,160.48,0.67
EP042,2024-04-16,6,93.74,141.91,1.23
EP044,2024-04-16,6,95.8,145.73,1.75
EP045,2024-04-16,6,95.36,160.61,0.6
EP026,2024-04-16,7,94.73,129.8,1.21
EP034,2024-04-16,7,96.02,159.64,0.82
EP035,2024-04-16,7,95.51,137.68,1.76
EP036,2024-04-16,7,95.63,140.3,1.39
EP039,2024-04-16,7,98.58,158.24,0.86
EP040,2024-04-16,7,97.53,153.69,1.2
EP042,2024-04-16,7,95.26,144.28,0.96
EP044,2024-04-16,7,93.98,143.33,1.24
EP045,2024-04-16,7,95.74,136.9,0.74
EP026,2024-04-16,8,97.26,134.04,1.06
EP034,2024-04-16,8,96.91,148.42,1.03
EP035,2024-04-16,8,95.32,136.5,2.18
EP036,2024-04-16,8,95.52,128.52,1.0
EP039,2024-04-16,8,98.0,155.44,0.83
EP040,2024-04-16,8,96.86,143.02,1.04
EP042,2024-04-16,8,96.33,145.27,0.88
EP044,2024-04-16,8,94.3,149.0,1.56
EP045,2024-04-16,8,92.82,141.07,0.92
EP026,2024-04-16,9,94.71,139.71,1.47
EP034,2024-04-16,9,97.0,150.36,1.09
EP035,2024-04-16,9,97.45,154.94,1.41
EP036,2024-04-16,9,95.18,135.0,1.18
EP039,2024-04-16,9,97.14,155.26,0.8
EP040,2024-04-16,9,96.67,150.04,0.99
EP042,2024-04-16,9,96.0,145.15,0.92
EP042,2024-04-16,9,96.0,145.15,0.92
EP044,2024-04-16,9,95.15,148.09,1.22
EP045,2024-04-16,9,93.33,146.07,1.12
EP026,2024-04-16,10,89.56,150.37,1.15
EP034,2024-04-16,10,96.27,148.53,1.19
EP035,2024-04-16,10,97.33,157.17,1.09
EP036,2024-04-16,10,96.76,137.9,1.2
EP039,2024-04-16,10,96.94,154.04,0.89
EP040,2024-04-16,10,95.86,154.94,1.03
EP042,2024-04-16,10,94.71,140.02,0.99
EP044,2024-04-16,10,95.15,140.59,1.51
EP045,2024-04-16,10,94.31,146.84,1.01
EP026,2024-04-16,11,93.77,141.75,0.9
EP034,2024-04-16,11,96.42,150.91,1.14
EP036,2024-04-16,11,96.78,147.89,0.9
EP039,2024-04-16,11,97.77,158.58,0.86
EP040,2024-04-16,11,96.36,154.91,0.82
EP042,2024-04-16,11,94.52,139.57,0.99
EP044,2024-04-16,11,94.1,144.31,0.88
EP045,2024-04-16,11,95.11,144.18,1.0
EP026,2024-04-16,12,96.21,139.38,0.96
EP034,2024-04-16,12,97.46,151.65,0.9
EP036,2024-04-16,12,96.91,146.09,1.33
EP039,2024-04-16,12,99.05,161.1,0.59
EP040,2024-04-16,12,96.8,145.13,1.02
EP042,2024-04-16,12,95.53,142.7,0.97
EP044,2024-04-16,12,96.38,131.94,1.09
EP045,2024-04-16,12,90.94,142.13,1.2
EP026,2024-04-16,13,95.04,140.57,1.12
EP034,2024-04-16,13,97.3,145.38,1.06
EP035,2024-04-16,13,95.56,139.38,1.45
EP036,2024-04-16,13,97.7,144.58,0.86
EP039,2024-04-16,13,98.27,160.84,0.69
EP040,2024-04-16,13,98.93,150.24,0.54
EP042,2024-04-16,13,93.42,145.98,0.98
EP044,2024-04-16,13,95.06,127.65,0.93
EP045,2024-04-16,13,89.43,143.94,1.09
EP026,2024-04-16,14,91.23,156.94,1.8
EP034,2024-04-16,14,96.89,144.22,1.09
EP035,2024-04-16,14,95.1,153.02,1.75
EP036,2024-04-16,14,97.11,137.62,1.1
EP039,2024-04-16,14,97.94,167.1,0.69
EP040,2024-04-16,14,98.88,150.75,0.58
EP042,2024-04-16,14,93.1,147.33,1.55
EP044,2024-04-16,14,94.41,127.73,0.7
EP045,2024-04-16,14,89.64,143.89,1.5
EP026,2024-04-16,15,94.7,160.57,2.45
EP034,2024-04-16,15,95.29,136.5,1.07
EP035,2024-04-16,15,96.61,158.64,1.68
EP036,2024-04-16,15,95.07,149.26,1.19
EP039,2024-04-16,15,95.43,154.32,0.87
EP040,2024-04-16,15,97.65,152.08,1.06
EP042,2024-04-16,15,91.06,150.79,1.63
EP044,2024-04-16,15,93.94,123.02,0.83
EP045,2024-04-16,15,90.28,149.13,1.13
EP026,2024-04-16,16,93.92,166.88,1.83
EP034,2024-04-16,16,98.41,155.63,1.03
EP035,2024-04-16,16,95.84,136.78,1.44
EP036,2024-04-16,16,96.9,142.24,1.13
EP039,2024-04-16,16,95.53,160.44,1.06
EP040,2024-04-16,16,97.21,148.81,0.93
EP042,2024-04-16,16,92.09,154.05,1.25
EP044,2024-04-16,16,94.15,126.96,0.98
EP045,2024-04-16,16,90.37,145.06,1.14
EP026,2024-04-16,17,91.23,165.25,0.8
EP034,2024-04-16,17,98.16,145.09,1.28
EP035,2024-04-16,17,95.39,136.72,1.87
EP036,2024-04-16,17,95.0,131.3,1.06
EP039,2024-04-16,17,96.54,165.78,0.79
EP040,2024-04-16,17,96.96,152.91,0.96
EP042,2024-04-16,17,90.9,150.1,1.09
EP044,2024-04-16,17,93.16,126.31,0.96
EP045,2024-04-16,17,91.85,147.6,1.33
EP026,2024-04-16,18,96.17,157.48,1.03
EP034,2024-04-16,18,98.0,145.38,1.46
EP035,2024-04-16,18,95.46,137.02,1.65
EP036,2024-04-16,18,96.35,135.33,1.08
EP039,2024-04-16,18,97.13,157.96,0.82
EP040,2024-04-16,18,96.78,155.76,1.32
EP042,2024-04-16,18,91.13,149.67,1.34
EP044,2024-04-16,18,95.02,126.96,1.0
EP045,2024-04-16,18,95.44,145.31,1.19
EP026,2024-04-16,19,90.62,155.1,1.47
EP034,2024-04-16,19,97.76,154.8,1.34
EP035,2024-04-16,19,94.23,161.27,2.22
EP036,2024-04-16,19,97.12,131.86,0.87
EP039,2024-04-16,19,96.9,159.48,0.75
EP040,2024-04-16,19,95.91,163.22,1.35
EP042,2024-04-16,19,92.61,148.67,1.47
EP044,2024-04-16,19,95.04,124.52,1.31
EP045,2024-04-16,19,94.75,147.23,1.22
EP026,2024-04-16,20,92.23,152.15,0.91
EP034,2024-04-16,20,98.75,154.7,1.12
EP035,2024-04-16,20,93.33,152.0,1.87
EP036,2024-04-16,20,96.68,131.87,0.91
EP039,2024-04-16,20,97.73,164.53,0.77
EP040,2024-04-16,20,97.59,146.87,0.57
EP042,2024-04-16,20,93.06,145.81,1.27
EP044,2024-04-16,20,95.21,123.6,1.21
EP045,2024-04-16,20,95.02,154.36,1.14
EP026,2024-04-16,21,95.25,141.37,1.13
EP034,2024-04-16,21,96.92,154.5,1.13
EP035,2024-04-16,21,95.87,137.38,1.83
EP036,2024-04-16,21,96.63,142.93,0.87
EP039,2024-04-16,21,95.59,155.63,1.09
EP040,2024-04-16,21,96.74,151.4,0.69
EP042,2024-04-16,21,91.93,147.0,1.19
EP044,2024-04-16,21,95.38,130.6,1.12
EP045,2024-04-16,21,95.45,154.02,1.05
EP026,2024-04-16,22,93.92,152.47,1.65
EP034,2024-04-16,22,97.31,131.19,0.74
EP035,2024-04-16,22,96.49,130.29,1.77
EP036,2024-04-16,22,96.69,138.08,0.96
EP039,2024-04-16,22,96.73,157.22,1.01
EP040,2024-04-16,22,96.84,166.33,0.89
EP042,2024-04-16,22,92.1,149.41,1.29
EP044,2024-04-16,22,95.22,136.08,1.15
EP045,2024-04-16,22,95.89,157.21,1.05
EP026,2024-04-16,23,87.36,162.28,1.57
EP034,2024-04-16,23,97.52,133.85,1.04
EP035,2024-04-16,23,97.4,155.89,1.46
EP036,2024-04-16,23,95.79,125.9,1.24
EP039,2024-04-16,23,95.72,162.96,1.48
EP040,2024-04-16,23,97.22,154.28,1.42
EP042,2024-04-16,23,94.7,158.79,1.19
EP044,2024-04-16,23,95.57,136.91,1.24
EP045,2024-04-16,23,96.34,159.27,1.05
EP026,2024-04-17,0,91.31,144.14,1.36
EP034,2024-04-17,0,97.16,139.3,1.14
EP035,2024-04-17,0,97.5,150.96,1.19
EP036,2024-04-17,0,95.15,139.9,1.15
EP039,2024-04-17,0,97.29,152.96,0.97
EP040,2024-04-17,0,97.33,146.44,1.02
EP042,2024-04-17,0,95.91,149.87,1.17
EP044,2024-04-17,0,94.61,144.91,1.08
EP045,2024-04-17,0,93.69,148.18,1.0
EP 026,2024-04-17,1,88.77,153.96,1.55
EP034,2024-04-17,1,98.02,141.82,1.03
EP035,2024-04-17,1,96.4,147.69,1.42
EP036,2024-04-17,1,96.54,131.46,0.84
EP039,2024-04-17,1,97.84,163.09,0.87
EP040,2024-04-17,1,97.15,151.75,0.96
EP042,2024-04-17,1,96.68,147.64,1.09
EP044,2024-04-17,1,95.31,145.27,1.23
EP045,2024-04-17,1,95.62,149.07,1.0
EP026,2024-04-17,2,94.0,152.49,1.18
EP034,2024-04-17,2,98.54,155.63,0.98
EP035,2024-04-17,2,96.95,146.28,1.5
EP036,2024-04-17,2,95.08,125.5,1.02
EP039,2024-04-17,2,95.6,178.5,2.26
EP040,2024-04-17,2,97.74,151.93,0.88
EP042,2024-04-17,2,95.52,147.73,1.06
EP044,2024-04-17,2,94.55,145.68,1.27
EP045,2024-04-17,2,94.92,154.98,0.97
EP026,2024-04-17,3,90.52,166.77,1.37
EP034,2024-04-17,3,96.78,148.94,1.25
EP035,2024-04-17,3,97.59,146.18,1.0
EP036,2024-04-17,3,96.43,157.74,0.96
EP039,2024-04-17,3,97.0,165.57,1.0
EP040,2024-04-17,3,96.92,162.1,0.99
EP042,2024-04-17,3,96.56,148.98,1.05
EP044,2024-04-17,3,94.14,147.34,1.21
EP045,2024-04-17,3,95.02,153.1,1.07
EP026,2024-04-17,4,92.44,162.27,1.23
EP034,2024-04-17,4,99.05,144.05,1.21
EP035,2024-04-17,4,98.52,154.46,0.98
EP036,2024-04-17,4,96.4,137.08,0.65
EP039,2024-04-17,4,91.73,160.49,1.12
EP040,2024-04-17,4,97.43,152.07,0.88
EP042,2024-04-17,4,96.7,154.39,0.97
EP044,2024-04-17,4,94.53,145.67,1.45
EP045,2024-04-17,4,95.52,152.59,0.91
EP026,2024-04-17,5,88.59,161.98,1.2
EP034,2024-04-17,5,96.85,151.63,1.22
EP035,2024-04-17,5,96.47,140.35,1.03
EP036,2024-04-17,5,95.68,134.92,0.82
EP039,2024-04-17,5,97.81,160.02,0.8
EP040,2024-04-17,5,97.19,150.02,0.97
EP042,2024-04-17,5,97.11,148.86,1.0
EP044,2024-04-17,5,94.98,145.54,1.42
EP045,2024-04-17,5,95.19,156.81,0.88
EP026,2024-04-17,6,97.63,147.65,2.34
EP034,2024-04-17,6,95.63,147.84,1.35
EP035,2024-04-17,6,96.59,,1.21
EP036,2024-04-17,6,99.13,144.54,0.98
EP039,2024-04-17,6,97.42,152.66,0.68
EP040,2024-04-17,6,95.79,160.83,1.72
EP042,2024-04-17,6,93.82,142.68,1.03
EP044,2024-04-17,6,93.23,144.15,0.87
EP045,2024-04-17,6,95.57,160.04,1.03
EP026,2024-04-17,7,96.58,148.27,2.21
EP034,2024-04-17,7,97.63,146.1,1.57
EP035,2024-04-17,7,96.98,152.74,1.46
EP036,2024-04-17,7,99.48,150.16,0.7
EP039,2024-04-17,7,97.96,158.35,0.75
EP040,2024-04-17,7,96.38,146.26,1.53
EP042,2024-04-17,7,94.0,143.7,1.11
EP044,2024-04-17,7,93.98,142.39,0.93
EP045,2024-04-17,7,95.0,157.94,0.8
EP026,2024-04-17,8,92.02,155.08,1.55
EP034,2024-04-17,8,96.27,152.0,1.45
EP035,2024-04-17,8,96.9,169.16,1.86
EP036,2024-04-17,8,99.47,148.45,0.84
EP039,2024-04-17,8,97.98,165.27,0.74
EP040,2024-04-17,8,97.91,141.04,1.72
EP042,2024-04-17,8,94.04,143.79,1.02
EP044,2024-04-17,8,94.19,145.83,1.0
EP045,2024-04-17,8,95.27,161.79,0.98
EP026,2024-04-17,9,93.66,145.4,1.02
EP034,2024-04-17,9,95.94,152.12,0.86
EP035,2024-04-17,9,98.73,148.53,0.84
EP036,2024-04-17,9,99.3,131.48,0.67
EP039,2024-04-17,9,150,165.95,0.92
EP040,2024-04-17,9,96.51,144.11,1.64
EP042,2024-04-17,9,92.92,144.63,0.98
EP044,2024-04-17,9,92.7,151.68,0.83
EP045,2024-04-17,9,96.07,165.53,0.81
EP026,2024-04-17,10,95.85,139.9,1.5
EP034,2024-04-17,10,96.78,151.74,0.79
EP035,2024-04-17,10,96.91,161.69,1.26
EP036,2024-04-17,10,99.85,130.15,0.68
EP039,2024-04-17,10,97.24,166.06,0.9
EP040,2024-04-17,10,96.08,151.96,1.56
EP042,2024-04-17,10,91.94,155.1,1.26
EP044,2024-04-17,10,92.51,157.55,0.93
EP045,2024-04-17,10,96.29,160.16,0.76
EP026,2024-04-17,11,94.2,164.67,0.97
EP034,2024-04-17,11,95.89,147.62,1.11
EP035,2024-04-17,11,97.88,145.26,1.19
EP036,2024-04-17,11,99.14,134.0,0.77
EP039,2024-04-17,11,96.04,166.65,1.11
EP040,2024-04-17,11,97.05,151.77,0.8
EP042,2024-04-17,11,92.62,143.8,1.01
EP044,2024-04-17,11,94.2,148.54,0.83
EP045,2024-04-17,11,95.0,170.59,1.04
EP026,2024-04-17,12,95.6,145.64,0.98
EP034,2024-04-17,12,96.84,144.35,1.02
EP035,2024-04-17,12,95.67,142.43,1.33
EP036,2024-04-17,12,98.93,131.07,0.77
EP039,2024-04-17,12,96.38,166.4,1.06
EP040,2024-04-17,12,97.4,144.28,0.84
EP042,2024-04-17,12,92.79,133.83,0.95
EP044,2024-04-17,12,93.28,150.91,1.15
EP045,2024-04-17,12,95.9,169.88,0.62
EP026,2024-04-17,13,92.75,151.7,1.41
EP034,2024-04-17,13,96.27,144.52,0.96
EP035,2024-04-17,13,95.65,144.04,1.66
EP036,2024-04-17,13,98.78,152.16,0.72
EP039,2024-04-17,13,96.96,168.12,1.14
EP040,2024-04-17,13,97.41,146.8,0.89
EP042,2024-04-17,13,93.39,141.55,1.26
EP044,2024-04-17,13,92.83,156.17,0.98
EP045,2024-04-17,13,96.0,165.43,0.53
EP026,2024-04-17,14,92.7,161.94,1.04
EP034,2024-04-17,14,96.57,145.08,0.83
EP035,2024-04-17,14,98.0,161.0,0.99
EP036,2024-04-17,14,97.65,144.7,0.81
EP039,2024-04-17,14,96.04,170.65,1.42
EP040,2024-04-17,14,97.94,150.56,0.91
EP042,2024-04-17,14,94.25,143.98,1.06
EP044,2024-04-17,14,92.67,161.33,1.18
EP045,2024-04-17,14,96.27,165.25,0.49
EP026,2024-04-17,15,93.0,154.57,0.96
EP034,2024-04-17,15,97.73,146.4,0.65
EP036,2024-04-17,15,98.02,147.36,0.92
EP039,2024-04-17,15,97.75,163.6,0.68
EP040,2024-04-17,15,96.91,156.13,1.66
EP042,2024-04-17,15,92.03,145.93,1.27
EP044,2024-04-17,15,93.55,170.92,0.93
EP045,2024-04-17,15,97.43,169.88,0.46
EP026,2024-04-17,16,90.79,167.34,0.98
EP034,2024-04-17,16,94.8,145.78,0.97
EP036,2024-04-17,16,96.4,132.98,1.18
EP039,2024-04-17,16,97.74,171.74,0.86
EP040,2024-04-17,16,96.38,167.66,1.56
EP042,2024-04-17,16,94.24,147.04,1.13
EP044,2024-04-17,16,93.59,166.31,1.21
EP045,2024-04-17,16,96.84,171.4,0.63
EP026,2024-04-17,17,91.09,161.56,0.66
EP034,2024-04-17,17,94.12,151.74,1.38
EP036,2024-04-17,17,94.65,120.43,1.17
EP039,2024-04-17,17,97.79,170.02,
EP040,2024-04-17,17,98.91,157.89,1.35
EP042,2024-04-17,17,92.57,148.83,0.95
EP044,2024-04-17,17,92.15,161.15,1.24
EP045,2024-04-17,17,96.89,175.16,0.78
EP026,2024-04-17,18,92.11,151.11,0.94
EP034,2024-04-17,18,96.89,,0.84
EP036,2024-04-17,18,97.31,139.8,0.9
EP039,2024-04-17,18,97.5,164.15,0.63
EP040,2024-04-17,18,99.67,151.24,1.35
EP042,2024-04-17,18,94.72,150.37,1.07
EP044,2024-04-17,18,89.83,158.1,0.97
EP045,2024-04-17,18,97.87,173.85,0.99
EP026,2024-04-17,19,91.71,167.88,0.97
EP034,2024-04-17,19,97.86,144.53,0.96
EP036,2024-04-17,19,98.43,129.81,0.99
EP039,2024-04-17,19,96.29,163.0,0.72
EP040,2024-04-17,19,98.6,154.94,0.84
EP042,2024-13-02,19,94.58,158.53,1.27
EP044,2024-04-17,19,90.7,166.88,1.45
EP045,2024-04-17,19,97.67,167.62,0.39
EP026,2024-04-17,20,90.36,155.56,0.76
EP034,2024-04-17,20,97.61,147.08,0.92
EP036,2024-04-17,20,98.54,133.69,0.79
EP039,2024-04-17,20,96.2,170.0,1.01
EP040,2024-04-17,20,97.45,158.45,0.9
EP042,2024-04-17,20,94.26,157.59,1.57
EP044,2024-04-17,20,89.07,163.83,1.46
EP045,2024-04-17,20,97.86,169.1,0.72
EP026,2024-04-17,21,93.71,143.42,1.29
EP034,2024-04-17,21,96.55,133.81,1.42
EP036,2024-04-17,21,97.66,146.56,0.88
EP039,2024-04-17,21,96.8,163.71,0.8
EP040,2024-04-17,21,97.95,164.5,0.78
EP042,2024-04-17,21,94.16,158.77,1.07
EP044,2024-04-17,21,90.78,162.52,1.45
EP045,2024-04-17,21,98.84,173.93,0.77
EP046,2024-04-17,21,99.59,136.06,3.24
EP026,2024-04-17,22,91.89,154.64,1.37
EP034,2024-04-17,22,97.31,139.85,1.85
EP036,2024-04-17,22,98.32,152.1,1.08
EP039,2024-04-17,22,96.76,166.27,1.03
EP040,2024-04-17,22,97.49,167.02,1.02
EP042,2024-04-17,22,93.02,162.18,1.16
EP044,2024-04-17,22,92.38,162.51,1.3
EP045,2024-04-17,22,97.89,173.26,0.97
EP046,2024-04-17,22,97.22,151.86,3.28
EP026,2024-04-17,23,93.73,150.47,1.28
EP034,2024-04-17,23,98.6,149.27,1.62
EP036,2024-04-17,23,97.74,145.0,1.21
EP039,2024-04-17,23,96.97,179.56,0.86
EP040,2024-04-17,23,97.17,172.48,1.12
EP042,2024-04-17,23,95.38,161.08,1.13
EP044,2024-04-17,23,93.09,159.14,1.04
EP045,2024-04-17,23,97.87,173.36,1.25
EP046,2024-04-17,23,96.54,156.44,3.57
EP026,2024-04-18,0,93.72,142.67,1.84
EP034,2024-04-18,0,97.46,150.0,1.42
EP036,2024-04-18,0,95.88,151.12,1.24
EP039,2024-04-18,0,96.71,155.31,0.86
EP040,2024-04-18,0,97.57,159.3,1.11
EP042,2024-04-18,0,96.65,149.49,1.02
EP044,2024-04-18,0,93.34,161.68,0.84
EP045,2024-04-18,0,96.34,172.0,0.68
EP046,2024-04-18,0,98.0,149.57,3.07
EP026,2024-04-18,1,92.46,148.52,2.16
EP034,2024-04-18,1,96.68,139.62,1.15
EP036,2024-04-18,1,95.48,134.65,1.86
EP039,2024-04-18,1,95.57,154.32,0.61
EP040,2024-04-18,1,97.27,165.69,1.11
EP042,2024-04-18,1,96.47,149.4,1.03
EP044,2024-04-18,1,93.71,167.76,0.67
EP045,2024-04-18,1,94.38,168.0,0.37
EP046,2024-04-18,1,98.07,155.2,2.68
EP026,2024-04-18,2,86.54,165.77,1.19
EP034,2024-04-18,2,98.47,142.86,1.4
EP036,2024-04-18,2,95.44,,1.99
EP039,2024-04-18,2,96.35,160.98,0.77
EP040,2024-04-18,2,97.28,167.84,1.39
EP042,2024-04-18,2,95.33,153.59,1.1
EP044,2024-04-18,2,94.06,170.86,0.79
EP045,2024-04-18,2,95.37,172.33,0.79
EP046,2024-04-18,2,98.19,152.44,2.58
EP026,2024-04-18,3,91.91,155.72,1.23
EP034,2024-04-18,3,98.82,157.27,1.23
EP036,2024-04-18,3,94.23,145.33,1.94
EP039,2024-04-18,3,95.79,165.72,0.89
EP040,2024-04-18,3,97.08,169.52,1.44
EP042,2024-04-18,3,96.92,155.7,1.1
EP044,2024-04-18,3,94.81,176.85,0.92
EP045,2024-04-18,3,95.76,173.33,0.87
EP046,2024-04-18,3,98.42,147.74,1.63
EP026,2024-04-18,4,89.68,172.62,1.11
EP034,2024-04-18,4,98.91,145.67,1.51
EP036,2024-04-18,4,96.42,162.16,
EP039,2024-04-18,4,95.63,170.92,1.15
EP040,2024-04-18,4,97.73,168.69,1.46
EP042,2024-04-18,4,95.88,155.94,0.99
EP044,2024-04-18,4,94.09,175.21,0.75
EP045,2024-04-18,4,96.0,168.96,0.95
EP046,2024-04-18,4,98.66,147.27,1.33
EP026,2024-04-18,5,91.36,161.7,1.06
EP034,2024-04-18,5,97.18,148.37,1.85
EP036,2024-04-18,5,94.69,141.8,1.78
EP039,2024-04-18,5,96.96,169.08,0.91
EP040,2024-04-18,5,97.85,162.63,1.12
EP042,2024-04-18,5,96.25,161.75,1.05
EP044,2024-04-18,5,94.34,173.04,0.77
EP045,18/04/2024,5,94.09,167.5,0.77
EP046,2024-04-18,5,98.57,142.29,1.42
EP026,2024-04-18,6,94.0,150.39,1.27
EP034,2024-04-18,6,97.43,157.96,1.35
EP036,2024-04-18,6,94.15,124.89,1.51
EP039,2024-04-18,6,97.51,163.41,0.84
EP040,2024-04-18,6,95.87,169.47,1.59
EP042,2024-04-18,6,95.42,168.04,1.11
EP044,2024-04-18,6,94.21,170.72,1.11
EP045,2024-04-18,6,98.7,,0.38
EP046,2024-04-18,6,98.39,137.33,1.52
EP026,18/04/2024,7,93.0,148.87,1.61
EP034,2024-04-18,7,95.48,156.04,1.58
EP036,2024-04-18,7,96.2,142.34,1.02
EP039,2024-04-18,7,96.14,162.65,0.67
EP040,2024-04-18,7,97.47,168.32,1.02
EP042,2024-04-18,7,95.58,166.49,1.11
EP044,2024-04-18,7,91.74,166.32,0.83
EP045,2024-04-18,7,99.05,166.9,0.27
EP046,2024-04-18,7,98.96,132.16,1.87
EP026,2024-04-18,8,89.84,164.08,1.01
EP034,2024-04-18,8,97.33,155.46,1.67
EP036,2024-04-18,8,96.22,137.22,1.48
EP039,2024-04-18,8,95.87,159.95,0.83
EP040,2024-04-18,8,98.07,,0.97
EP042,2024-04-18,8,98.02,160.91,0.87
EP044,2024-04-18,8,90.16,163.86,1.06
EP045,2024-04-18,8,96.88,162.88,0.57
EP046,2024-04-18,8,99.4,126.44,1.69
EP026,2024-04-18,9,85.71,158.56,0.7
EP034,2024-04-18,9,97.17,160.07,1.48
EP036,2024-04-18,9,94.98,151.61,2.07
EP039,2024-04-18,9,98.13,154.78,0.7
EP040,2024-04-18,9,97.11,158.56,1.09
EP042,2024-04-18,9,97.52,157.44,0.96
EP044,2024-04-18,9,90.3,168.91,1.11
EP045,2024-04-18,9,91.87,177.15,
EP046,2024-04-18,9,99.97,120.16,1.29
EP026,2024-04-18,10,92.23,151.35,0.82
EP034,2024-04-18,10,96.27,155.98,1.43
EP036,2024-04-18,10,94.74,153.32,2.84
EP039,2024-04-18,10,97.75,158.06,0.97
EP040,2024-04-18,10,97.6,156.96,0.64
EP042,2024-04-18,10,95.28,159.58,1.07
EP044,2024-04-18,10,92.86,167.04,0.98
EP045,2024-04-18,10,94.78,167.67,0.63
EP046,2024-04-18,10,99.91,117.05,0.86
EP026,2024-04-18,11,98.02,147.71,1.12
EP034,2024-04-18,11,96.93,141.74,1.4
EP036,2024-04-18,11,94.47,134.43,3.59
EP039,2024-04-18,11,97.24,162.63,0.85
EP040,2024-04-18,11,95.82,156.43,1.2
EP042,2024-04-18,11,94.48,151.35,1.44
EP044,2024-04-18,11,94.22,166.56,0.98
EP045,2024-04-18,11,93.02,163.16,0.73
EP046,2024-04-18,11,99.56,116.44,1.18
EP026,2024-04-18,12,96.31,152.6,2.21
EP034,2024-04-18,12,97.63,151.85,1.24
EP036,2024-04-18,12,94.2,124.78,3.08
EP039,2024-04-18,12,97.33,161.96,0.87
EP040,2024-04-18,12,96.95,158.3,1.41
EP042,2024-04-18,12,94.62,148.64,1.22
EP044,2024-04-18,12,91.87,162.62,0.83
EP045,2024-04-18,12,95.79,171.79,0.32
EP046,2024-04-18,12,99.88,116.86,0.81
EP026,2024-04-18,13,94.33,159.52,1.78
EP034,2024-04-18,13,95.19,156.1,1.24
EP036,2024-04-18,13,95.14,149.87,2.22
EP039,2024-04-18,13,97.35,159.26,0.85
EP040,2024-04-18,13,97.96,162.61,0.63
EP042,2024-04-18,13,94.58,147.3,1.13
EP044,2024-04-18,13,92.15,159.89,0.79
EP045,2024-04-18,13,93.7,177.04,0.55
EP046,2024-04-18,13,99.88,119.78,0.67
EP026,2024-04-18,14,94.29,159.85,2.33
EP034,2024-04-18,14,97.6,150.79,1.2
EP036,2024-04-18,14,94.36,159.37,3.31
EP039,2024-04-18,14,97.88,164.76,0.73
EP040,2024-04-18,14,97.57,162.67,0.65
EP042,2024-04-18,14,94.86,160.35,1.41
EP044,2024-04-18,14,,160.8,0.69
EP045,2024-04-18,14,92.5,173.13,1.35
EP046,2024-04-18,14,100.0,123.96,0.83
EP026,2024-04-18,15,95.55,162.77,3.1
EP034,2024-04-18,15,96.1,144.96,1.66
EP036,2024-04-18,15,95.51,142.83,2.93
EP039,2024-04-18,15,98.08,168.46,0.62
EP040,2024-04-18,15,98.93,153.98,0.67
EP042,2024-04-18,15,94.62,156.98,1.29
EP044,2024-04-18,15,92.8,160.41,0.74
EP045,2024-04-18,15,94.79,177.75,0.26
EP046,2024-04-18,15,99.9,126.69,0.81
EP026,2024-04-18,16,91.98,166.75,
EP034,2024-04-18,16,97.55,152.14,1.32
EP036,2024-04-18,16,94.79,127.29,2.82
EP039,2024-04-18,16,97.6,163.0,0.65
EP040,2024-04-18,16,98.52,155.42,0.78
EP042,2024-04-18,16,96.53,156.4,1.18
EP044,2024-04-18,16,93.33,160.65,0.78
EP045,2024-04-18,16,94.56,177.58,0.42
EP046,2024-04-18,16,99.94,126.19,0.62
EP026,2024-04-18,17,88.26,165.62,0.69
EP034,2024-04-18,17,96.73,157.65,0.94
EP036,2024-04-18,17,95.98,124.37,2.62
EP039,2024-04-18,17,98.16,159.54,0.8
EP040,2024-04-18,17,98.62,158.42,0.78
EP042,2024-04-18,17,98.35,157.52,1.1
EP044,2024-04-18,17,93.7,161.35,1.02
EP045,2024-04-18,17,94.46,177.54,1.62
EP046,2024-04-18,17,99.11,131.2,0.9
EP026,2024-04-18,18,92.89,153.28,1.21
EP034,2024-04-18,18,96.44,151.7,1.4
EP036,2024-04-18,18,94.24,136.85,1.61
EP039,2024-04-18,18,98.26,156.52,0.88
EP040,2024-04-18,18,98.45,162.47,0.72
EP042,2024-04-18,18,98.41,160.33,0.97
EP044,2024-04-18,18,96.18,159.27,0.81
EP045,2024-04-18,18,92.6,176.16,1.04
EP046,2024-04-18,18,99.94,125.04,0.69
EP026,2024-04-18,19,87.79,163.46,1.36
EP034,2024-04-18,19,96.09,157.59,1.13
EP036,2024-04-18,19,99.22,162.82,1.29
EP039,2024-04-18,19,96.5,162.6,1.59
EP040,2024-04-18,19,98.31,157.4,0.73
EP042,2024-04-18,19,98.65,163.6,1.0
EP044,2024-04-18,19,96.21,161.94,0.78
EP045,2024-04-18,19,95.07,184.65,0.99
EP046,2024-04-18,19,99.78,127.43,0.78
EP026,2024-04-18,20,94.64,148.94,1.89
EP034,2024-04-18,20,96.91,155.93,0.85
EP036,2024-04-18,20,97.45,141.27,1.34
EP039,2024-04-18,20,95.98,177.45,1.5
EP040,2024-04-18,20,97.28,164.28,0.79
EP042,2024-04-18,20,97.8,161.24,1.11
EP044,2024-04-18,20,96.17,166.15,0.97
EP045,2024-04-18,20,93.06,173.33,0.35
EP046,2024-04-18,20,99.3,134.72,0.93
EP026,2024-04-18,21,95.83,150.58,1.97
EP034,2024-04-18,21,96.42,146.84,1.22
EP036,2024-04-18,21,96.63,119.52,1.73
EP039,2024-04-18,21,96.68,162.68,1.24
EP040,2024-04-18,21,97.52,166.58,0.91
EP042,2024-04-18,21,95.04,153.3,1.08
EP044,2024-04-18,21,97.04,166.11,1.05
EP045,2024-04-18,21,93.76,175.14,0.59
EP046,2024-04-18,21,99.89,130.89,1.2
EP026,2024-04-18,22,95.57,157.55,1.63
EP034,2024-04-18,22,97.04,150.67,1.12
EP036,2024-04-18,22,98.4,140.19,1.5
EP039,2024-04-18,22,96.61,171.41,1.53
EP040,2024-04-18,22,98.06,160.06,0.78
EP042,2024-04-18,22,94.98,155.09,1.08
EP044,2024-04-18,22,96.33,163.47,0.71
EP045,2024-04-18,22,94.91,174.09,0.57
EP046,2024-04-18,22,99.78,127.45,1.33
EP026,2024-04-18,23,93.1,165.1,1.92
EP034,2024-04-18,23,97.17,148.75,0.97
EP036,2024-04-18,23,99.67,157.16,1.49
EP039,2024-04-18,23,96.42,167.58,1.22
EP040,2024-04-18,23,97.72,164.23,1.86
EP042,2024-04-18,23,94.86,157.29,0.84
EP044,2024-04-18,23,95.63,162.04,0.85
EP045,2024-04-18,23,96.74,172.52,0.41
EP046,2024-04-18,23,99.34,128.25,1.33
EP026,2024-04-19,0,91.02,165.09,1.05
EP034,2024-04-19,0,97.63,146.16,1.19
EP036,2024-04-19,0,98.02,158.73,1.33
EP039,2024-04-19,0,93.67,162.72,1.67
EP040,2024-04-19,0,97.9,161.38,1.49
EP042,2024-04-19,0,97.04,151.6,1.16
EP044,2024-04-19,0,93.2,163.5,0.78
EP045,2024-04-19,0,98.52,168.28,0.29
EP046,2024-04-19,0,100.0,127.7,0.91
EP026,2024-04-19,1,91.56,152.58,1.27
EP034,2024-04-19,1,96.05,152.5,0.95
EP036,2024-04-19,1,98.35,163.63,1.65
EP039,2024-04-19,1,95.07,159.14,1.59
EP040,2024-04-19,1,97.31,157.31,1.39
EP042,2024-04-19,1,97.12,150.47,1.02
EP044,2024-04-19,1,93.98,165.57,0.77
EP045,2024-04-19,1,97.91,165.63,0.33
EP046,2024-04-19,1,100.0,127.13,0.89
EP026,2024-04-19,2,88.74,154.41,1.22
EP034,2024-04-19,2,96.77,154.7,1.09
EP036,2024-04-19,2,97.0,172.19,1.99
EP039,2024-04-19,2,95.15,163.53,1.23
EP040,2024-04-19,2,96.7,162.74,1.7
EP042,2024-04-19,2,96.94,153.43,1.22
EP044,2024-04-19,2,93.57,161.66,0.63
EP045,2024-04-19,2,98.25,166.56,0.35
EP046,2024-04-19,2,99.94,131.96,1.07
EP026,2024-04-19,3,93.02,154.08,1.32
EP034,2024-04-19,3,95.62,153.0,0.99
EP036,2024-04-19,3,98.22,164.89,2.15
EP039,2024-04-19,3,95.47,165.17,1.75
EP040,2024-04-19,3,97.72,160.42,1.33
EP042,2024-04-19,3,97.65,150.49,0.81
EP044,2024-04-19,3,94.16,159.12,0.49
EP045,2024-04-19,3,97.98,167.35,0.32
EP046,2024-04-19,3,99.98,131.8,
EP026,2024-04-19,4,93.69,147.58,0.89
EP034,2024-04-19,4,97.52,151.43,0.95
EP036,2024-04-19,4,96.89,160.22,2.41
EP036,2024-04-19,4,96.89,160.22,2.41
EP039,2024-04-19,4,94.64,169.07,1.88
EP040,2024-04-19,4,96.93,164.5,1.39
EP042,2024-04-19,4,96.48,143.09,1.19
EP044,2024-04-19,4,94.14,158.52,0.48
EP045,2024-04-19,4,97.98,167.02,0.33
EP046,2024-04-19,4,99.94,129.42,1.06
EP026,2024-04-19,5,92.29,164.84,0.81
EP034,2024-04-19,5,94.14,144.74,1.49
EP036,2024-04-19,5,95.75,136.85,1.91
EP039,2024-04-19,5,95.25,164.65,1.37
EP040,2024-04-19,5,97.35,166.31,1.31
EP042,2024-04-19,5,96.65,140.44,1.08
EP044,2024-04-19,5,95.5,159.98,0.51
EP045,2024-04-19,5,97.88,169.96,0.51
EP046,2024-04-19,5,99.83,132.56,1.17
EP026,2024-04-19,6,94.08,144.78,1.19
EP034,2024-04-19,6,96.91,152.11,0.97
EP036,2024-04-19,6,96.69,145.55,1.69
EP039,2024-04-19,6,96.81,168.87,1.21
EP040,2024-04-19,6,97.59,167.94,1.48
EP042,2024-04-19,6,96.23,143.35,1.15
EP044,2024-04-19,6,95.87,158.91,0.77
EP045,2024-04-19,6,97.0,171.28,0.53
EP046,2024-04-19,6,99.96,131.04,0.76
EP026,2024-04-19,7,93.98,146.48,1.75
EP034,2024-04-19,7,95.54,138.78,1.41
EP036,2024-04-19,7,95.83,137.6,1.74
EP036,2024-04-19,7,95.83,137.6,1.74
EP039,2024-04-19,7,96.79,165.08,1.26
EP040,2024-04-19,7,98.39,157.07,1.56
EP042,2024-04-19,7,96.59,141.91,1.49
EP044,2024-04-19,7,94.26,152.6,1.01
EP045,2024-04-19,7,98.38,173.24,0.4
EP046,2024-04-19,7,99.88,126.75,0.72
EP026,2024-04-19,8,93.33,,1.48
EP034,2024-04-19,8,95.47,143.58,1.29
EP036,2024-04-19,8,94.35,124.67,1.7
EP039,2024-04-19,8,96.6,172.87,1.34
EP040,2024-04-19,8,97.96,158.73,1.24
EP042,2024-04-19,8,96.14,148.36,1.19
EP044,2024-04-19,8,91.79,142.94,0.9
EP045,2024-04-19,8,97.52,182.5,1.19
EP046,2024-04-19,8,99.81,125.81,0.67
EP026,2024-04-19,9,93.2,160.67,1.14
EP034,2024-04-19,9,97.23,145.6,1.17
EP036,2024-04-19,9,95.63,124.54,1.46
EP039,2024-04-19,9,96.52,167.65,0.95
EP040,2024-04-19,9,97.59,162.0,1.43
EP042,2024-04-19,9,96.96,146.6,0.97
EP044,2024-04-19,9,95.5,159.25,0.44
EP045,2024-04-19,9,95.91,168.85,0.6
EP046,2024-04-19,9,100.0,126.48,0.65
EP026,2024-04-19,10,92.67,165.59,1.43
EP034,2024-04-19,10,95.89,148.58,1.19
EP036,2024-04-19,10,96.49,146.12,1.21
EP039,2024-04-19,10,96.89,170.31,1.19
EP040,2024-04-19,10,97.75,162.25,1.22
EP042,2024-04-19,10,96.64,144.98,0.96
EP044,2024-04-19,10,89.69,131.33,0.83
EP045,2024-04-19,10,97.49,167.17,0.68
EP046,2024-04-19,10,100.0,124.26,0.66
EP026,2024-04-19,11,89.62,163.0,1.0
EP034,2024-04-19,11,96.19,145.83,1.03
EP036,2024-04-19,11,96.0,132.0,1.8
EP039,2024-04-19,11,96.94,167.02,1.21
EP040,2024-04-19,11,98.35,160.59,1.55
EP042,2024-04-19,11,96.94,145.19,1.02
EP044,2024-04-19,11,93.11,123.11,0.75
EP045,2024-04-19,11,97.39,160.61,0.74
EP046,2024-04-19,11,100.0,133.04,0.58
EP026,2024-04-19,12,88.17,156.09,0.92
EP034,2024-04-19,12,96.39,154.95,1.19
EP039,2024-04-19,12,95.78,156.96,1.02
EP040,2024-04-19,12,,159.96,2.03
EP042,2024-04-19,12,96.25,142.27,1.01
EP044,2024-04-19,12,93.2,119.33,0.75
EP045,2024-04-19,12,95.22,157.38,0.75
EP026,2024-04-19,13,89.52,149.6,1.28
EP034,2024-04-19,13,97.0,145.08,1.19
EP036,2024-04-19,13,97.17,111.0,0.68
EP039,2024-04-19,13,94.52,162.58,1.13
EP040,2024-04-19,13,98.72,159.81,1.42
EP042,2024-04-19,13,96.34,147.62,1.27
EP044,2024-04-19,13,95.33,120.39,0.74
EP045,2024-04-19,13,95.43,159.98,0.67
EP046,2024-04-19,13,98.56,130.12,0.8
EP026,2024-04-19,14,86.14,163.62,0.7
EP034,2024-04-19,14,97.52,141.4,1.18
EP036,2024-04-19,14,89.13,123.6,1.34
EP039,2024-04-19,14,95.61,161.35,1.11
EP040,2024-04-19,14,97.98,161.58,1.39
EP042,2024-04-19,14,96.45,150.16,1.05
EP044,2024-04-19,14,95.37,124.13,0.65
EP045,2024-04-19,14,95.41,170.91,0.99
EP046,2024-04-19,14,100.0,125.26,0.75
EP026,2024-04-19,15,91.6,138.06,1.03
EP034,2024-04-19,15,95.42,153.16,1.45
EP036,2024-04-19,15,93.2,129.64,1.28
EP039,2024-04-19,15,96.74,162.3,0.97
EP040,2024-04-19,15,97.92,160.22,1.22
EP042,2024-04-19,15,97.1,156.21,0.92
EP044,2024-04-19,15,95.04,129.26,0.63
EP045,2024-04-19,15,95.77,164.74,0.49
EP046,2024-04-19,15,100.0,127.46,0.62
EP026,2024-04-19,16,91.79,140.26,1.28
EP034,2024-04-19,16,95.67,152.19,1.89
EP036,2024-04-19,16,94.82,122.85,0.82
EP039,2024-04-19,16,95.16,168.8,1.33
EP040,2024-04-19,16,97.52,153.91,1.03
EP042,2024-04-19,16,96.93,158.2,0.79
EP044,2024-04-19,16,95.06,130.58,0.81
EP045,2024-04-19,16,96.63,160.63,0.59
EP046,2024-04-19,16,100.0,128.8,0.57
EP026,2024-04-19,17,88.04,148.37,1.34
EP034,2024-04-19,17,96.98,145.06,1.6
EP036,2024-04-19,17,98.63,140.35,1.12
EP039,2024-04-19,17,92.95,166.64,2.46
EP040,2024-04-19,17,97.0,158.33,1.15
EP042,2024-04-19,17,97.92,156.63,0.85
EP045,2024-04-19,17,94.3,166.26,0.62
EP046,2024-04-19,17,100.0,132.59,0.67
EP026,2024-04-19,18,89.56,149.38,0.97
EP034,2024-04-19,18,95.86,151.31,1.54
EP036,2024-04-19,18,98.88,147.72,0.87
EP039,2024-04-19,18,95.33,173.46,2.05
EP040,2024-04-19,18,96.71,168.31,1.42
EP042,2024-04-19,18,96.82,158.37,0.79
EP044,2024-04-19,18,91.63,131.37,0.57
EP045,2024-04-19,18,97.16,162.49,0.64
EP046,2024-04-19,18,99.74,133.55,1.26
EP026,2024-04-19,19,90.9,154.9,1.37
EP034,2024-04-19,19,96.49,151.13,1.58
EP036,2024-04-19,19,98.92,130.08,0.84
EP039,2024-04-19,19,96.41,163.43,1.0
EP040,2024-04-19,19,97.76,160.96,1.01
EP042,2024-04-19,19,97.61,161.1,0.66
EP044,2024-04-19,19,93.89,129.39,0.61
EP045,2024-04-19,19,96.35,165.16,0.59
EP046,2024-04-19,19,100.0,137.18,0.53
EP026,2024-04-19,20,89.42,161.33,1.22
EP034,2024-04-19,20,96.8,155.95,1.55
EP036,2024-04-19,20,97.5,115.46,1.04
EP039,2024-04-19,20,95.77,171.16,0.93
EP040,2024-04-19,20,97.42,157.81,1.29
EP042,2024-04-19,20,96.88,152.1,0.69
EP044,2024-04-19,20,93.71,130.94,0.57
EP045,2024-04-19,20,94.29,166.17,1.83
EP046,2024-04-19,20,100.0,136.89,0.52
EP047,2024-04-19,20,94.91,117.0,1.06
EP026,2024-04-19,21,92.8,154.12,1.28
EP034,2024-04-19,21,97.9,,0.92
EP036,2024-04-19,21,97.28,113.46,1.2
EP039,2024-04-19,21,96.7,170.02,1.15
EP040,2024-04-19,21,97.05,159.28,1.29
EP042,2024-04-19,21,97.0,157.84,0.62
EP044,2024-04-19,21,94.74,138.66,0.45
EP045,2024-04-19,21,95.53,158.85,0.73
EP046,2024-04-19,21,100.0,140.35,0.52
EP047,2024-04-19,21,93.63,123.02,1.11
EP026,2024-04-19,22,93.53,162.53,1.39
EP034,2024-04-19,22,95.98,154.51,1.32
EP036,2024-04-19,22,98.16,115.57,0.91
EP039,2024-04-19,22,96.51,168.87,1.02
EP040,2024-04-19,22,96.94,159.96,1.04
EP042,2024-04-19,22,97.68,156.24,0.95
EP044,2024-04-19,22,94.34,139.02,0.82
EP045,2024-04-19,22,95.37,158.2,0.75
EP046,2024-04-19,22,100.0,139.5,0.49
EP047,2024-04-19,22,93.53,130.44,1.03
EP026,2024-04-19,23,94.18,149.9,1.58
EP034,2024-04-19,23,95.82,152.32,1.6
EP036,2024-04-19,23,98.41,141.12,1.06
EP039,2024-04-19,23,97.62,158.62,0.66
EP040,2024-04-19,23,95.59,170.42,1.48
EP042,2024-04-19,23,98.04,158.51,1.06
EP044,2024-04-19,23,95.23,143.05,0.81
EP045,2024-04-19,23,96.57,161.78,0.81
EP046,2024-04-19,23,99.57,135.49,0.61
EP047,2024-04-19,23,92.88,134.88,0.88
EP026,2024-04-20,0,93.0,145.41,2.08
EP034,2024-04-20,0,97.62,147.72,1.35
EP036,2024-04-20,0,99.87,151.4,1.46
EP039,2024-04-20,0,97.38,158.8,0.76
EP040,2024-04-20,0,96.47,160.19,0.87
EP042,2024-04-20,0,98.93,159.07,0.92
EP044,2024-04-20,0,93.65,137.05,0.88
EP045,2024-04-20,0,95.89,170.66,0.5
EP046,2024-04-20,0,99.98,139.02,0.58
EP047,2024-04-20,0,94.72,119.38,0.85
EP026,2024-04-20,1,90.33,157.19,1.5
EP034,2024-04-20,1,94.6,144.08,2.08
EP036,2024-04-20,1,99.68,161.17,1.24
EP039,2024-04-20,1,96.87,161.63,0.89
EP040,2024-04-20,1,96.11,159.83,0.97
EP042,2024-04-20,1,98.85,159.83,1.0
EP044,2024-04-20,1,95.39,140.14,0.75
EP045,2024-04-20,1,95.74,161.13,0.91
EP046,2024-04-20,1,100.0,138.28,0.56
EP047,2024-04-20,1,94.54,123.56,0.7
EP026,2024-04-20,2,90.32,147.56,1.6
EP034,2024-04-20,2,94.84,146.2,1.64
EP036,2024-04-20,2,97.83,156.62,1.12
EP039,2024-04-20,2,96.31,163.16,1.01
EP040,2024-04-20,2,96.06,167.1,1.24
EP042,2024-04-20,2,98.83,155.53,0.94
EP044,2024-04-20,2,95.09,143.38,0.64
EP045,2024-04-20,2,95.79,156.96,0.83
EP046,2024-04-20,2,100.0,136.98,0.5
EP047,2024-04-20,2,93.55,128.23,1.12
EP026,2024-04-20,3,92.39,151.68,1.28
EP034,2024-04-20,3,94.93,150.98,1.76
EP036,2024-04-20,3,98.88,141.16,1.0
EP039,2024-04-20,3,95.63,159.53,1.02
EP040,2024-04-20,3,96.2,168.17,1.09
EP042,2024-04-20,3,97.77,155.95,0.83
EP044,2024-04-20,3,93.67,147.33,0.53
EP045,2024-04-20,3,,161.09,0.63
EP046,2024-04-20,3,100.0,141.73,0.51
EP047,2024-04-20,3,93.84,138.2,1.17
EP026,2024-04-20,4,93.88,143.62,1.42
EP034,2024-04-20,4,96.13,154.68,1.74
EP036,2024-04-20,4,98.21,158.21,1.51
EP039,2024-04-20,4,94.84,163.51,1.15
EP040,2024-04-20,4,96.46,157.35,0.83
EP042,2024-04-20,4,96.47,157.35,0.9
EP044,2024-04-20,-1,96.25,146.41,0.61
EP045,2024-04-20,4,95.98,158.87,0.7
EP046,2024-04-20,4,99.91,143.07,0.48
EP047,2024-04-20,4,94.13,135.57,0.9
EP026,2024-04-20,5,91.84,157.23,1.2
EP034,2024-04-20,5,95.49,153.53,1.17
EP036,2024-04-20,5,96.07,147.33,2.6
EP039,2024-04-20,5,94.79,165.96,1.2
EP040,2024-04-20,5,95.83,165.52,1.16
EP042,2024-04-20,5,98.6,162.8,0.78
EP044,2024-04-20,5,96.62,143.68,0.37
EP045,2024-04-20,5,96.17,162.21,1.11
EP046,2024-04-20,5,100.0,140.17,0.48
EP047,2024-04-20,5,93.94,131.41,1.19
EP026,2024-04-20,6,91.77,167.19,0.96
EP034,2024-04-20,6,96.25,157.62,1.1
EP036,2024-04-20,6,94.18,138.63,2.55
EP039,2024-04-20,6,95.88,174.24,1.46
EP040,2024-04-20,6,95.59,163.16,1.07
EP042,2024-04-20,6,97.02,158.98,0.89
EP044,2024-04-20,6,96.35,147.09,0.29
EP045,2024-04-20,6,96.48,162.69,0.68
EP046,2024-04-20,6,99.93,999,0.55
EP047,2024-04-20,6,92.96,136.33,0.92
EP026,2024-04-20,7,92.27,148.77,1.16
EP034,2024-04-20,7,97.12,153.43,1.15
EP036,2024-04-20,7,96.44,129.02,1.57
EP039,2024-04-20,7,97.88,158.7,1.0
EP040,2024-04-20,7,95.85,168.67,1.54
EP042,2024-04-20,7,97.96,171.45,0.86
EP044,2024-04-20,7,94.72,145.4,0.49
EP045,2024-04-20,7,96.27,161.5,0.57
EP046,2024-04-20,7,99.8,137.07,0.64
EP047,2024-04-20,7,94.94,128.54,0.83
EP026,2024-04-20,8,89.64,161.06,1.14
EP034,2024-04-20,8,96.94,144.19,0.95
EP036,2024-04-20,8,95.98,128.93,1.48
EP039,2024-04-20,8,96.69,156.93,1.05
EP040,2024-04-20,8,96.63,166.93,1.09
EP042,2024-04-20,8,98.4,165.53,0.84
EP044,2024-04-20,8,94.8,145.93,0.66
EP045,2024-04-20,8,96.28,160.21,0.65
EP046,2024-04-20,8,99.65,131.09,0.78
EP047,2024-04-20,8,93.63,131.4,0.96
EP026,2024-04-20,9,92.33,146.04,0.92
EP034,2024-04-20,9,97.1,151.83,0.9
EP036,2024-04-20,9,96.56,129.58,1.15
EP039,2024-04-20,9,97.02,160.57,1.0
EP040,2024-04-20,9,96.5,162.75,0.96
EP042,2024-04-20,9,97.98,165.85,0.82
EP044,2024-04-20,9,94.78,142.58,0.59
EP045,2024-04-20,9,95.46,179.91,0.96
EP046,2024-04-20,9,97.45,122.72,0.93
EP047,2024-04-20,9,94.58,129.29,0.97
EP026,2024-04-20,10,90.83,148.62,1.18
EP034,2024-04-20,10,97.11,,1.0
EP036,2024-04-20,10,96.28,133.57,1.41
EP039,2024-04-20,10,97.3,173.73,1.17
EP040,2024-04-20,10,96.81,163.93,1.26
EP042,2024-04-20,10,96.49,160.2,1.02
EP044,2024-04-20,10,96.22,144.9,0.6
EP045,2024-04-20,10,95.9,171.5,0.5
EP046,2024-04-20,10,97.45,125.28,1.21
EP047,2024-04-20,10,93.66,135.46,1.39
EP026,2024-04-20,11,89.75,156.67,0.95
EP034,2024-04-20,11,92.39,140.71,2.06
EP036,2024-04-20,11,97.59,150.53,1.27
EP039,2024-04-20,11,96.66,155.7,1.26
EP040,2024-04-20,11,97.46,174.84,0.91
EP042,2024-04-20,11,97.98,161.66,0.98
EP044,2024-04-20,11,94.08,142.71,0.61
EP045,2024-04-20,11,95.71,160.33,0.74
EP046,2024-04-20,11,97.47,128.27,1.1
EP047,2024-04-20,11,94.24,137.87,1.12
EP026,2024-04-20,12,93.45,153.25,1.14
EP034,2024-04-20,12,94.19,146.04,1.58
EP036,2024-04-20,12,98.63,162.51,1.38
EP039,2024-04-20,12,96.67,159.96,1.4
EP040,2024-04-20,12,98.32,147.84,0.89
EP042,2024-04-20,12,97.31,154.86,0.84
EP044,2024-04-20,12,94.36,143.34,0.6
EP045,2024-04-20,12,95.58,155.9,0.99
EP046,2024-04-20,12,98.57,133.51,0.73
EP047,2024-04-20,12,93.76,133.57,1.15
EP026,2024-04-20,13,91.47,152.83,1.49
EP034,2024-04-20,13,94.46,147.32,1.1
EP036,2024-04-20,13,98.24,146.63,1.45
EP039,2024-04-20,13,96.51,163.45,1.35
EP040,2024-04-20,13,98.25,153.29,0.93
EP042,2024-04-20,13,96.92,158.35,0.95
EP044,2024-04-20,13,94.83,146.94,0.9
EP045,2024-04-20,13,95.74,152.98,0.73
EP046,2024-04-20,13,97.88,138.67,0.99
EP047,2024-04-20,13,,139.7,1.18
EP026,2024-04-20,14,91.22,165.49,2.0
EP034,2024-04-20,14,94.13,153.84,1.27
EP036,2024-04-20,14,99.06,132.15,1.32
EP039,2024-04-20,14,97.29,165.78,1.15
EP040,2024-04-20,14,98.48,159.37,0.98
EP042,2024-04-20,14,92.1,155.98,1.08
EP044,2024-04-20,14,95.64,153.27,0.72
EP045,2024-04-20,14,96.12,156.67,0.7
EP046,2024-04-20,14,96.62,,1.17
EP047,2024-04-20,14,94.91,128.4,1.12
EP026,2024-04-20,15,91.65,155.56,2.11
EP034,2024-04-20,15,93.18,152.26,2.56
EP036,2024-04-20,15,97.87,157.74,1.68
EP039,2024-04-20,15,97.42,162.5,1.14
EP040,2024-04-20,15,95.81,168.65,0.94
EP042,2024-04-20,15,94.88,148.91,1.12
EP044,2024-04-20,15,93.46,148.13,0.67
EP045,2024-04-20,15,96.88,160.41,0.78
EP046,2024-04-20,15,96.24,134.14,0.75
EP047,2024-04-20,15,93.78,130.18,0.98
EP026,2024-04-20,16,92.15,164.1,1.88
EP034,2024-04-20,16,94.96,153.76,1.29
EP036,2024-04-20,16,98.71,156.94,1.21
EP039,2024-04-20,16,96.31,164.57,1.47
EP040,2024-04-20,16,93.94,162.71,1.18
EP042,2024-04-20,16,94.63,143.33,1.16
EP044,2024-04-20,16,95.91,146.05,0.7
EP045,2024-04-20,16,96.57,169.52,1.08
EP046,2024-04-20,16,97.02,133.43,0.82
EP047,2024-04-20,16,94.02,126.08,1.36
EP026,2024-04-20,17,88.73,168.09,1.5
EP034,2024-04-20,17,94.35,151.39,1.24
EP036,2024-04-20,17,99.77,131.06,0.86
EP039,2024-04-20,17,97.5,163.0,0.91
EP040,2024-04-20,17,96.44,164.88,1.12
EP042,2024-04-20,17,94.39,151.63,
EP044,2024-04-20,17,95.31,150.46,0.7
EP045,2024-04-20,17,95.06,181.31,1.62
EP046,2024-04-20,17,97.6,134.1,1.04
EP047,2024-04-20,17,93.37,126.89,1.55
EP026,2024-04-20,18,93.33,148.4,1.6
EP034,2024-04-20,18,94.85,166.55,1.09
EP036,2024-04-20,18,99.86,141.86,0.87
EP039,2024-04-20,18,95.1,164.54,1.49
EP040,2024-04-20,18,96.41,165.06,1.13
EP042,2024-04-20,18,95.26,152.92,1.15
EP044,2024-04-20,18,91.62,153.85,0.65
EP045,2024-04-20,18,94.49,163.56,0.59
EP046,2024-04-20,18,99.42,142.0,0.65
EP047,2024-04-20,18,96.27,137.96,0.93
EP026,2024-04-20,19,87.82,165.5,1.58
EP034,2024-04-20,19,96.83,157.9,1.09
EP036,2024-04-20,19,99.58,139.15,1.13
EP039,2024-04-20,19,95.35,162.73,1.86
EP040,2024-04-20,19,95.79,159.96,0.82
EP042,2024-04-20,19,97.65,153.02,1.1
EP044,2024-04-20,19,91.86,148.5,0.72
EP045,2024-04-20,19,92.89,158.06,0.63
EP046,2024-04-20,19,98.62,136.34,0.65
EP047,2024-04-20,19,96.21,-10,0.75
EP026,2024-04-20,20,92.67,157.76,1.01
EP034,2024-04-20,20,94.44,148.63,1.39
EP036,2024-04-20,20,99.34,132.74,1.39
EP039,2024-04-20,20,95.79,168.12,1.53
EP040,2024-04-20,20,93.63,153.2,1.6
EP042,2024-04-20,20,96.91,147.29,1.14
EP044,2024-04-20,20,91.84,150.62,0.68
EP045,2024-04-20,20,92.65,155.54,0.75
EP046,2024-04-20,20,98.98,128.22,0.69
EP047,2024-04-20,20,96.36,127.79,0.74
EP026,2024-04-20,21,90.4,145.02,0.83
EP034,2024-04-20,21,94.87,147.72,0.94
EP036,2024-04-20,21,98.92,149.97,1.28
EP039,2024-04-20,21,97.64,165.02,0.7
EP040,2024-04-20,21,95.54,161.77,1.54
EP042,2024-04-20,21,97.23,145.51,1.18
EP044,2024-04-20,21,93.35,150.51,0.55
EP045,2024-04-20,21,96.56,161.37,0.75
EP046,2024-04-20,21,97.84,129.58,0.67
EP047,2024-04-20,21,95.96,131.96,0.67
EP026,2024-04-20,22,89.5,147.67,0.8
EP034,2024-04-20,22,94.42,148.06,1.48
EP036,2024-04-20,22,99.4,151.85,1.15
EP039,2024-04-20,22,97.18,165.09,0.81
EP040,2024-04-20,22,96.93,166.8,1.23
EP042,2024-04-20,22,98.24,148.07,0.99
EP044,2024-04-20,22,93.55,152.0,0.62
EP045,2024-04-20,22,99.39,162.83,0.53
EP046,2024-04-20,22,98.04,123.06,0.73
EP047,2024-04-20,22,91.8,129.51,0.96
EP026,2024-04-20,23,90.02,158.53,0.93
EP034,2024-04-20,23,96.14,146.26,2.11
EP036,2024-04-20,23,99.72,150.14,0.79
EP039,2024-04-20,23,95.92,160.6,1.11
EP040,20/04/2024,23,98.3,170.28,1.0
EP042,2024-04-20,23,97.4,141.73,1.12
EP044,2024-04-20,23,95.13,148.7,0.64
EP045,2024-04-20,23,97.96,168.2,0.45
EP046,2024-04-20,23,99.78,129.55,0.82
EP047,2024-04-20,23,96.13,123.09,0.81
